Analysis & Synthesis report for COPROCESSADORANW
Sat Sep  5 16:13:49 2026
Quartus Prime Version 25.1std.0 Build 1129 10/21/2025 SC Lite Edition


---------------------
; Table of Contents ;
---------------------
  1. Legal Notice
  2. Analysis & Synthesis Summary
  3. Analysis & Synthesis Settings
  4. Parallel Compilation
  5. Analysis & Synthesis Source Files Read
  6. Analysis & Synthesis Resource Usage Summary
  7. Analysis & Synthesis Resource Utilization by Entity
  8. Analysis & Synthesis RAM Summary
  9. Analysis & Synthesis DSP Block Usage Summary
 10. Analysis & Synthesis IP Cores Summary
 11. Registers Removed During Synthesis
 12. Removed Registers Triggering Further Register Optimizations
 13. General Register Statistics
 14. Multiplexer Restructuring Statistics (Restructuring Performed)
 15. Source assignments for motor_background:m_background|ram_tilemap:ip_memoria_cenario|altsyncram:altsyncram_component|altsyncram_uju1:auto_generated
 16. Source assignments for rom_tiles:r_padroes_tiles|altsyncram:altsyncram_component|altsyncram_jsi1:auto_generated
 17. Source assignments for rom_padroes:r_padroes_sprites|altsyncram:altsyncram_component|altsyncram_v4d2:auto_generated
 18. Source assignments for frame_buffer:f_buffer|ram_framebufferi:ram_a|altsyncram:altsyncram_component|altsyncram_7js1:auto_generated
 19. Source assignments for frame_buffer:f_buffer|ram_framebufferii:ram_b|altsyncram:altsyncram_component|altsyncram_7js1:auto_generated
 20. Parameter Settings for User Entity Instance: motor_background:m_background|ram_tilemap:ip_memoria_cenario|altsyncram:altsyncram_component
 21. Parameter Settings for User Entity Instance: rom_tiles:r_padroes_tiles|altsyncram:altsyncram_component
 22. Parameter Settings for User Entity Instance: rom_padroes:r_padroes_sprites|altsyncram:altsyncram_component
 23. Parameter Settings for User Entity Instance: frame_buffer:f_buffer|ram_framebufferi:ram_a|altsyncram:altsyncram_component
 24. Parameter Settings for User Entity Instance: frame_buffer:f_buffer|ram_framebufferii:ram_b|altsyncram:altsyncram_component
 25. altsyncram Parameter Settings by Entity Instance
 26. Port Connectivity Checks: "frame_buffer:f_buffer"
 27. Port Connectivity Checks: "rom_padroes:r_padroes_sprites"
 28. Port Connectivity Checks: "motor_background:m_background|ram_tilemap:ip_memoria_cenario"
 29. Port Connectivity Checks: "motor_background:m_background"
 30. Port Connectivity Checks: "banco_background:b_background"
 31. Port Connectivity Checks: "vga_driver:vga_d"
 32. Post-Synthesis Netlist Statistics for Top Partition
 33. Elapsed Time Per Partition
 34. Analysis & Synthesis Messages



----------------
; Legal Notice ;
----------------
Copyright (C) 2025  Altera Corporation. All rights reserved.
Your use of Altera Corporation's design tools, logic functions 
and other software and tools, and any partner logic 
functions, and any output files from any of the foregoing 
(including device programming or simulation files), and any 
associated documentation or information are expressly subject 
to the terms and conditions of the Altera Program License 
Subscription Agreement, the Altera Quartus Prime License Agreement,
the Altera IP License Agreement, or other applicable license
agreement, including, without limitation, that your use is for
the sole purpose of programming logic devices manufactured by
Altera and sold by Altera or its authorized distributors.  Please
refer to the Altera Software License Subscription Agreements 
on the Quartus Prime software download page.



+-----------------------------------------------------------------------------------+
; Analysis & Synthesis Summary                                                      ;
+---------------------------------+-------------------------------------------------+
; Analysis & Synthesis Status     ; Successful - Sat Sep  5 16:13:49 2026           ;
; Quartus Prime Version           ; 25.1std.0 Build 1129 10/21/2025 SC Lite Edition ;
; Revision Name                   ; COPROCESSADORANW                                ;
; Top-level Entity Name           ; DE1_SOC_golden_top                              ;
; Family                          ; Cyclone V                                       ;
; Logic utilization (in ALMs)     ; N/A                                             ;
; Total registers                 ; 1285                                            ;
; Total pins                      ; 54                                              ;
; Total virtual pins              ; 0                                               ;
; Total block memory bits         ; 1,320,960                                       ;
; Total DSP Blocks                ; 16                                              ;
; Total HSSI RX PCSs              ; 0                                               ;
; Total HSSI PMA RX Deserializers ; 0                                               ;
; Total HSSI TX PCSs              ; 0                                               ;
; Total HSSI PMA TX Serializers   ; 0                                               ;
; Total PLLs                      ; 0                                               ;
; Total DLLs                      ; 0                                               ;
+---------------------------------+-------------------------------------------------+


+---------------------------------------------------------------------------------------------------------------------------+
; Analysis & Synthesis Settings                                                                                             ;
+---------------------------------------------------------------------------------+--------------------+--------------------+
; Option                                                                          ; Setting            ; Default Value      ;
+---------------------------------------------------------------------------------+--------------------+--------------------+
; Device                                                                          ; 5CSEMA5F31C6       ;                    ;
; Top-level entity name                                                           ; DE1_SOC_golden_top ; COPROCESSADORANW   ;
; Family name                                                                     ; Cyclone V          ; Cyclone V          ;
; Use smart compilation                                                           ; Off                ; Off                ;
; Enable parallel Assembler and Timing Analyzer during compilation                ; On                 ; On                 ;
; Enable compact report table                                                     ; Off                ; Off                ;
; Restructure Multiplexers                                                        ; Auto               ; Auto               ;
; MLAB Add Timing Constraints For Mixed-Port Feed-Through Mode Setting Don't Care ; Off                ; Off                ;
; Create Debugging Nodes for IP Cores                                             ; Off                ; Off                ;
; Preserve fewer node names                                                       ; On                 ; On                 ;
; Intel FPGA IP Evaluation Mode                                                   ; Enable             ; Enable             ;
; Verilog Version                                                                 ; Verilog_2001       ; Verilog_2001       ;
; VHDL Version                                                                    ; VHDL_1993          ; VHDL_1993          ;
; State Machine Processing                                                        ; Auto               ; Auto               ;
; Safe State Machine                                                              ; Off                ; Off                ;
; Extract Verilog State Machines                                                  ; On                 ; On                 ;
; Extract VHDL State Machines                                                     ; On                 ; On                 ;
; Ignore Verilog initial constructs                                               ; Off                ; Off                ;
; Iteration limit for constant Verilog loops                                      ; 5000               ; 5000               ;
; Iteration limit for non-constant Verilog loops                                  ; 250                ; 250                ;
; Add Pass-Through Logic to Inferred RAMs                                         ; On                 ; On                 ;
; Infer RAMs from Raw Logic                                                       ; On                 ; On                 ;
; Parallel Synthesis                                                              ; On                 ; On                 ;
; DSP Block Balancing                                                             ; Auto               ; Auto               ;
; NOT Gate Push-Back                                                              ; On                 ; On                 ;
; Power-Up Don't Care                                                             ; On                 ; On                 ;
; Remove Redundant Logic Cells                                                    ; Off                ; Off                ;
; Remove Duplicate Registers                                                      ; On                 ; On                 ;
; Ignore CARRY Buffers                                                            ; Off                ; Off                ;
; Ignore CASCADE Buffers                                                          ; Off                ; Off                ;
; Ignore GLOBAL Buffers                                                           ; Off                ; Off                ;
; Ignore ROW GLOBAL Buffers                                                       ; Off                ; Off                ;
; Ignore LCELL Buffers                                                            ; Off                ; Off                ;
; Ignore SOFT Buffers                                                             ; On                 ; On                 ;
; Limit AHDL Integers to 32 Bits                                                  ; Off                ; Off                ;
; Optimization Technique                                                          ; Balanced           ; Balanced           ;
; Carry Chain Length                                                              ; 70                 ; 70                 ;
; Auto Carry Chains                                                               ; On                 ; On                 ;
; Auto Open-Drain Pins                                                            ; On                 ; On                 ;
; Perform WYSIWYG Primitive Resynthesis                                           ; Off                ; Off                ;
; Auto ROM Replacement                                                            ; On                 ; On                 ;
; Auto RAM Replacement                                                            ; On                 ; On                 ;
; Auto DSP Block Replacement                                                      ; On                 ; On                 ;
; Auto Shift Register Replacement                                                 ; Auto               ; Auto               ;
; Allow Shift Register Merging across Hierarchies                                 ; Auto               ; Auto               ;
; Auto Clock Enable Replacement                                                   ; On                 ; On                 ;
; Strict RAM Replacement                                                          ; Off                ; Off                ;
; Allow Synchronous Control Signals                                               ; On                 ; On                 ;
; Force Use of Synchronous Clear Signals                                          ; Off                ; Off                ;
; Auto Resource Sharing                                                           ; Off                ; Off                ;
; Allow Any RAM Size For Recognition                                              ; Off                ; Off                ;
; Allow Any ROM Size For Recognition                                              ; Off                ; Off                ;
; Allow Any Shift Register Size For Recognition                                   ; Off                ; Off                ;
; Use LogicLock Constraints during Resource Balancing                             ; On                 ; On                 ;
; Ignore translate_off and synthesis_off directives                               ; Off                ; Off                ;
; Timing-Driven Synthesis                                                         ; On                 ; On                 ;
; Report Parameter Settings                                                       ; On                 ; On                 ;
; Report Source Assignments                                                       ; On                 ; On                 ;
; Report Connectivity Checks                                                      ; On                 ; On                 ;
; Ignore Maximum Fan-Out Assignments                                              ; Off                ; Off                ;
; Synchronization Register Chain Length                                           ; 3                  ; 3                  ;
; Power Optimization During Synthesis                                             ; Normal compilation ; Normal compilation ;
; HDL message level                                                               ; Level2             ; Level2             ;
; Suppress Register Optimization Related Messages                                 ; Off                ; Off                ;
; Number of Removed Registers Reported in Synthesis Report                        ; 5000               ; 5000               ;
; Number of Swept Nodes Reported in Synthesis Report                              ; 5000               ; 5000               ;
; Number of Inverted Registers Reported in Synthesis Report                       ; 100                ; 100                ;
; Clock MUX Protection                                                            ; On                 ; On                 ;
; Auto Gated Clock Conversion                                                     ; Off                ; Off                ;
; Block Design Naming                                                             ; Auto               ; Auto               ;
; SDC constraint protection                                                       ; Off                ; Off                ;
; Synthesis Effort                                                                ; Auto               ; Auto               ;
; Shift Register Replacement - Allow Asynchronous Clear Signal                    ; On                 ; On                 ;
; Pre-Mapping Resynthesis Optimization                                            ; Off                ; Off                ;
; Analysis & Synthesis Message Level                                              ; Medium             ; Medium             ;
; Disable Register Merging Across Hierarchies                                     ; Auto               ; Auto               ;
; Resource Aware Inference For Block RAM                                          ; On                 ; On                 ;
; Automatic Parallel Synthesis                                                    ; On                 ; On                 ;
; Partial Reconfiguration Bitstream ID                                            ; Off                ; Off                ;
+---------------------------------------------------------------------------------+--------------------+--------------------+


+------------------------------------------+
; Parallel Compilation                     ;
+----------------------------+-------------+
; Processors                 ; Number      ;
+----------------------------+-------------+
; Number detected on machine ; 8           ;
; Maximum allowed            ; 4           ;
;                            ;             ;
; Average used               ; 1.00        ;
; Maximum used               ; 4           ;
;                            ;             ;
; Usage by Processor         ; % Time Used ;
;     Processor 1            ; 100.0%      ;
;     Processor 2            ;   0.1%      ;
;     Processor 3            ;   0.0%      ;
;     Processor 4            ;   0.0%      ;
+----------------------------+-------------+


+-----------------------------------------------------------------------------------------------------------------------------------------------------------------------------------------------+
; Analysis & Synthesis Source Files Read                                                                                                                                                        ;
+----------------------------------+-----------------+----------------------------------+---------------------------------------------------------------------------------------------+---------+
; File Name with User-Entered Path ; Used in Netlist ; File Type                        ; File Name with Absolute Path                                                                ; Library ;
+----------------------------------+-----------------+----------------------------------+---------------------------------------------------------------------------------------------+---------+
; DE1_SOC_golden_top.v             ; yes             ; User Verilog HDL File            ; /home/walef-souza/Downloads/COPROCESSADORANW/DE1_SOC_golden_top.v                           ;         ;
; banco_sprites.v                  ; yes             ; User Verilog HDL File            ; /home/walef-souza/Downloads/COPROCESSADORANW/banco_sprites.v                                ;         ;
; motor_sprites.v                  ; yes             ; User Verilog HDL File            ; /home/walef-souza/Downloads/COPROCESSADORANW/motor_sprites.v                                ;         ;
; motor_background.v               ; yes             ; User Verilog HDL File            ; /home/walef-souza/Downloads/COPROCESSADORANW/motor_background.v                             ;         ;
; motor_poligonos.v                ; yes             ; User Verilog HDL File            ; /home/walef-souza/Downloads/COPROCESSADORANW/motor_poligonos.v                              ;         ;
; vga_driver.v                     ; yes             ; User Verilog HDL File            ; /home/walef-souza/Downloads/COPROCESSADORANW/vga_driver.v                                   ;         ;
; banco_background.v               ; yes             ; User Verilog HDL File            ; /home/walef-souza/Downloads/COPROCESSADORANW/banco_background.v                             ;         ;
; banco_poligonos.v                ; yes             ; User Verilog HDL File            ; /home/walef-souza/Downloads/COPROCESSADORANW/banco_poligonos.v                              ;         ;
; compositor.v                     ; yes             ; User Verilog HDL File            ; /home/walef-souza/Downloads/COPROCESSADORANW/compositor.v                                   ;         ;
; cenario.mif                      ; yes             ; User Memory Initialization File  ; /home/walef-souza/Downloads/COPROCESSADORANW/cenario.mif                                    ;         ;
; frame_buffer.v                   ; yes             ; User Verilog HDL File            ; /home/walef-souza/Downloads/COPROCESSADORANW/frame_buffer.v                                 ;         ;
; ram_tilemap.v                    ; yes             ; User Wizard-Generated File       ; /home/walef-souza/Downloads/COPROCESSADORANW/ram_tilemap.v                                  ;         ;
; ram_framebufferi.v               ; yes             ; User Wizard-Generated File       ; /home/walef-souza/Downloads/COPROCESSADORANW/ram_framebufferi.v                             ;         ;
; ram_framebufferii.v              ; yes             ; User Wizard-Generated File       ; /home/walef-souza/Downloads/COPROCESSADORANW/ram_framebufferii.v                            ;         ;
; mef_controle.v                   ; yes             ; User Verilog HDL File            ; /home/walef-souza/Downloads/COPROCESSADORANW/mef_controle.v                                 ;         ;
; padroes_tiles.mif                ; yes             ; User Memory Initialization File  ; /home/walef-souza/Downloads/COPROCESSADORANW/padroes_tiles.mif                              ;         ;
; rom_tiles.v                      ; yes             ; User Wizard-Generated File       ; /home/walef-souza/Downloads/COPROCESSADORANW/rom_tiles.v                                    ;         ;
; padroes_sprites.mif              ; yes             ; User Memory Initialization File  ; /home/walef-souza/Downloads/COPROCESSADORANW/padroes_sprites.mif                            ;         ;
; rom_padroes.v                    ; yes             ; User Wizard-Generated File       ; /home/walef-souza/Downloads/COPROCESSADORANW/rom_padroes.v                                  ;         ;
; altsyncram.tdf                   ; yes             ; Megafunction                     ; /home/walef-souza/altera_lite/25.1std/quartus/libraries/megafunctions/altsyncram.tdf        ;         ;
; stratix_ram_block.inc            ; yes             ; Megafunction                     ; /home/walef-souza/altera_lite/25.1std/quartus/libraries/megafunctions/stratix_ram_block.inc ;         ;
; lpm_mux.inc                      ; yes             ; Megafunction                     ; /home/walef-souza/altera_lite/25.1std/quartus/libraries/megafunctions/lpm_mux.inc           ;         ;
; lpm_decode.inc                   ; yes             ; Megafunction                     ; /home/walef-souza/altera_lite/25.1std/quartus/libraries/megafunctions/lpm_decode.inc        ;         ;
; aglobal251.inc                   ; yes             ; Megafunction                     ; /home/walef-souza/altera_lite/25.1std/quartus/libraries/megafunctions/aglobal251.inc        ;         ;
; a_rdenreg.inc                    ; yes             ; Megafunction                     ; /home/walef-souza/altera_lite/25.1std/quartus/libraries/megafunctions/a_rdenreg.inc         ;         ;
; altrom.inc                       ; yes             ; Megafunction                     ; /home/walef-souza/altera_lite/25.1std/quartus/libraries/megafunctions/altrom.inc            ;         ;
; altram.inc                       ; yes             ; Megafunction                     ; /home/walef-souza/altera_lite/25.1std/quartus/libraries/megafunctions/altram.inc            ;         ;
; altdpram.inc                     ; yes             ; Megafunction                     ; /home/walef-souza/altera_lite/25.1std/quartus/libraries/megafunctions/altdpram.inc          ;         ;
; db/altsyncram_uju1.tdf           ; yes             ; Auto-Generated Megafunction      ; /home/walef-souza/Downloads/COPROCESSADORANW/db/altsyncram_uju1.tdf                         ;         ;
; db/altsyncram_jsi1.tdf           ; yes             ; Auto-Generated Megafunction      ; /home/walef-souza/Downloads/COPROCESSADORANW/db/altsyncram_jsi1.tdf                         ;         ;
; db/altsyncram_v4d2.tdf           ; yes             ; Auto-Generated Megafunction      ; /home/walef-souza/Downloads/COPROCESSADORANW/db/altsyncram_v4d2.tdf                         ;         ;
; db/decode_5la.tdf                ; yes             ; Auto-Generated Megafunction      ; /home/walef-souza/Downloads/COPROCESSADORANW/db/decode_5la.tdf                              ;         ;
; db/decode_u0a.tdf                ; yes             ; Auto-Generated Megafunction      ; /home/walef-souza/Downloads/COPROCESSADORANW/db/decode_u0a.tdf                              ;         ;
; db/mux_lfb.tdf                   ; yes             ; Auto-Generated Megafunction      ; /home/walef-souza/Downloads/COPROCESSADORANW/db/mux_lfb.tdf                                 ;         ;
; db/altsyncram_7js1.tdf           ; yes             ; Auto-Generated Megafunction      ; /home/walef-souza/Downloads/COPROCESSADORANW/db/altsyncram_7js1.tdf                         ;         ;
; db/decode_nma.tdf                ; yes             ; Auto-Generated Megafunction      ; /home/walef-souza/Downloads/COPROCESSADORANW/db/decode_nma.tdf                              ;         ;
; db/decode_g2a.tdf                ; yes             ; Auto-Generated Megafunction      ; /home/walef-souza/Downloads/COPROCESSADORANW/db/decode_g2a.tdf                              ;         ;
; db/mux_7hb.tdf                   ; yes             ; Auto-Generated Megafunction      ; /home/walef-souza/Downloads/COPROCESSADORANW/db/mux_7hb.tdf                                 ;         ;
+----------------------------------+-----------------+----------------------------------+---------------------------------------------------------------------------------------------+---------+


+-------------------------------------------------------+
; Analysis & Synthesis Resource Usage Summary           ;
+---------------------------------------------+---------+
; Resource                                    ; Usage   ;
+---------------------------------------------+---------+
; Estimate of Logic utilization (ALMs needed) ; 3032    ;
;                                             ;         ;
; Combinational ALUT usage for logic          ; 4753    ;
;     -- 7 input functions                    ; 45      ;
;     -- 6 input functions                    ; 1136    ;
;     -- 5 input functions                    ; 1043    ;
;     -- 4 input functions                    ; 1051    ;
;     -- <=3 input functions                  ; 1478    ;
;                                             ;         ;
; Dedicated logic registers                   ; 1285    ;
;                                             ;         ;
; I/O pins                                    ; 54      ;
; Total MLAB memory bits                      ; 0       ;
; Total block memory bits                     ; 1320960 ;
;                                             ;         ;
; Total DSP Blocks                            ; 16      ;
;                                             ;         ;
; Maximum fan-out node                        ; clk_25  ;
; Maximum fan-out                             ; 1467    ;
; Total fan-out                               ; 31523   ;
; Average fan-out                             ; 4.97    ;
+---------------------------------------------+---------+


+------------------------------------------------------------------------------------------------------------------------------------------------------------------------------------------------------------------------------------------------------------------------------------------------------------------------------------------------------+
; Analysis & Synthesis Resource Utilization by Entity                                                                                                                                                                                                                                                                                                  ;
+----------------------------------------------+---------------------+---------------------------+-------------------+------------+------+--------------+----------------------------------------------------------------------------------------------------------------------------------------------------------+--------------------+--------------+
; Compilation Hierarchy Node                   ; Combinational ALUTs ; Dedicated Logic Registers ; Block Memory Bits ; DSP Blocks ; Pins ; Virtual Pins ; Full Hierarchy Name                                                                                                                                      ; Entity Name        ; Library Name ;
+----------------------------------------------+---------------------+---------------------------+-------------------+------------+------+--------------+----------------------------------------------------------------------------------------------------------------------------------------------------------+--------------------+--------------+
; |DE1_SOC_golden_top                          ; 4753 (76)           ; 1285 (66)                 ; 1320960           ; 16         ; 54   ; 0            ; |DE1_SOC_golden_top                                                                                                                                      ; DE1_SOC_golden_top ; work         ;
;    |banco_background:b_background|           ; 2 (2)               ; 64 (64)                   ; 0                 ; 0          ; 0    ; 0            ; |DE1_SOC_golden_top|banco_background:b_background                                                                                                        ; banco_background   ; work         ;
;    |banco_poligonos:b_poligonos|             ; 50 (50)             ; 256 (256)                 ; 0                 ; 0          ; 0    ; 0            ; |DE1_SOC_golden_top|banco_poligonos:b_poligonos                                                                                                          ; banco_poligonos    ; work         ;
;    |banco_sprites:b_sprites|                 ; 243 (243)           ; 800 (800)                 ; 0                 ; 0          ; 0    ; 0            ; |DE1_SOC_golden_top|banco_sprites:b_sprites                                                                                                              ; banco_sprites      ; work         ;
;    |compositor:u_compositor|                 ; 12 (12)             ; 0 (0)                     ; 0                 ; 0          ; 0    ; 0            ; |DE1_SOC_golden_top|compositor:u_compositor                                                                                                              ; compositor         ; work         ;
;    |frame_buffer:f_buffer|                   ; 64 (34)             ; 5 (1)                     ; 1228800           ; 0          ; 0    ; 0            ; |DE1_SOC_golden_top|frame_buffer:f_buffer                                                                                                                ; frame_buffer       ; work         ;
;       |ram_framebufferi:ram_a|               ; 20 (0)              ; 0 (0)                     ; 614400            ; 0          ; 0    ; 0            ; |DE1_SOC_golden_top|frame_buffer:f_buffer|ram_framebufferi:ram_a                                                                                         ; ram_framebufferi   ; work         ;
;          |altsyncram:altsyncram_component|   ; 20 (0)              ; 0 (0)                     ; 614400            ; 0          ; 0    ; 0            ; |DE1_SOC_golden_top|frame_buffer:f_buffer|ram_framebufferi:ram_a|altsyncram:altsyncram_component                                                         ; altsyncram         ; work         ;
;             |altsyncram_7js1:auto_generated| ; 20 (0)              ; 0 (0)                     ; 614400            ; 0          ; 0    ; 0            ; |DE1_SOC_golden_top|frame_buffer:f_buffer|ram_framebufferi:ram_a|altsyncram:altsyncram_component|altsyncram_7js1:auto_generated                          ; altsyncram_7js1    ; work         ;
;                |decode_g2a:rden_decode_b|    ; 10 (10)             ; 0 (0)                     ; 0                 ; 0          ; 0    ; 0            ; |DE1_SOC_golden_top|frame_buffer:f_buffer|ram_framebufferi:ram_a|altsyncram:altsyncram_component|altsyncram_7js1:auto_generated|decode_g2a:rden_decode_b ; decode_g2a         ; work         ;
;                |decode_nma:decode2|          ; 10 (10)             ; 0 (0)                     ; 0                 ; 0          ; 0    ; 0            ; |DE1_SOC_golden_top|frame_buffer:f_buffer|ram_framebufferi:ram_a|altsyncram:altsyncram_component|altsyncram_7js1:auto_generated|decode_nma:decode2       ; decode_nma         ; work         ;
;       |ram_framebufferii:ram_b|              ; 10 (0)              ; 4 (0)                     ; 614400            ; 0          ; 0    ; 0            ; |DE1_SOC_golden_top|frame_buffer:f_buffer|ram_framebufferii:ram_b                                                                                        ; ram_framebufferii  ; work         ;
;          |altsyncram:altsyncram_component|   ; 10 (0)              ; 4 (0)                     ; 614400            ; 0          ; 0    ; 0            ; |DE1_SOC_golden_top|frame_buffer:f_buffer|ram_framebufferii:ram_b|altsyncram:altsyncram_component                                                        ; altsyncram         ; work         ;
;             |altsyncram_7js1:auto_generated| ; 10 (0)              ; 4 (4)                     ; 614400            ; 0          ; 0    ; 0            ; |DE1_SOC_golden_top|frame_buffer:f_buffer|ram_framebufferii:ram_b|altsyncram:altsyncram_component|altsyncram_7js1:auto_generated                         ; altsyncram_7js1    ; work         ;
;                |decode_nma:decode2|          ; 10 (10)             ; 0 (0)                     ; 0                 ; 0          ; 0    ; 0            ; |DE1_SOC_golden_top|frame_buffer:f_buffer|ram_framebufferii:ram_b|altsyncram:altsyncram_component|altsyncram_7js1:auto_generated|decode_nma:decode2      ; decode_nma         ; work         ;
;    |mef_controle:mf_controle|                ; 534 (534)           ; 14 (14)                   ; 0                 ; 0          ; 0    ; 0            ; |DE1_SOC_golden_top|mef_controle:mf_controle                                                                                                             ; mef_controle       ; work         ;
;    |motor_background:m_background|           ; 32 (32)             ; 6 (6)                     ; 10240             ; 0          ; 0    ; 0            ; |DE1_SOC_golden_top|motor_background:m_background                                                                                                        ; motor_background   ; work         ;
;       |ram_tilemap:ip_memoria_cenario|       ; 0 (0)               ; 0 (0)                     ; 10240             ; 0          ; 0    ; 0            ; |DE1_SOC_golden_top|motor_background:m_background|ram_tilemap:ip_memoria_cenario                                                                         ; ram_tilemap        ; work         ;
;          |altsyncram:altsyncram_component|   ; 0 (0)               ; 0 (0)                     ; 10240             ; 0          ; 0    ; 0            ; |DE1_SOC_golden_top|motor_background:m_background|ram_tilemap:ip_memoria_cenario|altsyncram:altsyncram_component                                         ; altsyncram         ; work         ;
;             |altsyncram_uju1:auto_generated| ; 0 (0)               ; 0 (0)                     ; 10240             ; 0          ; 0    ; 0            ; |DE1_SOC_golden_top|motor_background:m_background|ram_tilemap:ip_memoria_cenario|altsyncram:altsyncram_component|altsyncram_uju1:auto_generated          ; altsyncram_uju1    ; work         ;
;    |motor_poligonos:m_poligonos|             ; 1806 (1806)         ; 16 (16)                   ; 0                 ; 16         ; 0    ; 0            ; |DE1_SOC_golden_top|motor_poligonos:m_poligonos                                                                                                          ; motor_poligonos    ; work         ;
;    |motor_sprites:m_sprites|                 ; 1884 (1884)         ; 38 (38)                   ; 0                 ; 0          ; 0    ; 0            ; |DE1_SOC_golden_top|motor_sprites:m_sprites                                                                                                              ; motor_sprites      ; work         ;
;    |rom_padroes:r_padroes_sprites|           ; 0 (0)               ; 0 (0)                     ; 65536             ; 0          ; 0    ; 0            ; |DE1_SOC_golden_top|rom_padroes:r_padroes_sprites                                                                                                        ; rom_padroes        ; work         ;
;       |altsyncram:altsyncram_component|      ; 0 (0)               ; 0 (0)                     ; 65536             ; 0          ; 0    ; 0            ; |DE1_SOC_golden_top|rom_padroes:r_padroes_sprites|altsyncram:altsyncram_component                                                                        ; altsyncram         ; work         ;
;          |altsyncram_v4d2:auto_generated|    ; 0 (0)               ; 0 (0)                     ; 65536             ; 0          ; 0    ; 0            ; |DE1_SOC_golden_top|rom_padroes:r_padroes_sprites|altsyncram:altsyncram_component|altsyncram_v4d2:auto_generated                                         ; altsyncram_v4d2    ; work         ;
;    |rom_tiles:r_padroes_tiles|               ; 0 (0)               ; 0 (0)                     ; 16384             ; 0          ; 0    ; 0            ; |DE1_SOC_golden_top|rom_tiles:r_padroes_tiles                                                                                                            ; rom_tiles          ; work         ;
;       |altsyncram:altsyncram_component|      ; 0 (0)               ; 0 (0)                     ; 16384             ; 0          ; 0    ; 0            ; |DE1_SOC_golden_top|rom_tiles:r_padroes_tiles|altsyncram:altsyncram_component                                                                            ; altsyncram         ; work         ;
;          |altsyncram_jsi1:auto_generated|    ; 0 (0)               ; 0 (0)                     ; 16384             ; 0          ; 0    ; 0            ; |DE1_SOC_golden_top|rom_tiles:r_padroes_tiles|altsyncram:altsyncram_component|altsyncram_jsi1:auto_generated                                             ; altsyncram_jsi1    ; work         ;
;    |vga_driver:vga_d|                        ; 50 (50)             ; 20 (20)                   ; 0                 ; 0          ; 0    ; 0            ; |DE1_SOC_golden_top|vga_driver:vga_d                                                                                                                     ; vga_driver         ; work         ;
+----------------------------------------------+---------------------+---------------------------+-------------------+------------+------+--------------+----------------------------------------------------------------------------------------------------------------------------------------------------------+--------------------+--------------+
Note: For table entries with two numbers listed, the numbers in parentheses indicate the number of resources of the given type used by the specific entity alone. The numbers listed outside of parentheses indicate the total resources of the given type used by the specific entity and all of its sub-entities in the hierarchy.


+-------------------------------------------------------------------------------------------------------------------------------------------------------------------------------------------------------------------------------------------------------------------+
; Analysis & Synthesis RAM Summary                                                                                                                                                                                                                                  ;
+----------------------------------------------------------------------------------------------------------------------------------------+------------+------------------+--------------+--------------+--------------+--------------+--------+---------------------+
; Name                                                                                                                                   ; Type       ; Mode             ; Port A Depth ; Port A Width ; Port B Depth ; Port B Width ; Size   ; MIF                 ;
+----------------------------------------------------------------------------------------------------------------------------------------+------------+------------------+--------------+--------------+--------------+--------------+--------+---------------------+
; frame_buffer:f_buffer|ram_framebufferi:ram_a|altsyncram:altsyncram_component|altsyncram_7js1:auto_generated|ALTSYNCRAM                 ; M10K block ; Simple Dual Port ; 76800        ; 8            ; 76800        ; 8            ; 614400 ; None                ;
; frame_buffer:f_buffer|ram_framebufferii:ram_b|altsyncram:altsyncram_component|altsyncram_7js1:auto_generated|ALTSYNCRAM                ; M10K block ; Simple Dual Port ; 76800        ; 8            ; 76800        ; 8            ; 614400 ; None                ;
; motor_background:m_background|ram_tilemap:ip_memoria_cenario|altsyncram:altsyncram_component|altsyncram_uju1:auto_generated|ALTSYNCRAM ; M10K block ; Simple Dual Port ; 2400         ; 8            ; 2400         ; 8            ; 19200  ; cenario.mif         ;
; rom_padroes:r_padroes_sprites|altsyncram:altsyncram_component|altsyncram_v4d2:auto_generated|ALTSYNCRAM                                ; M10K block ; True Dual Port   ; 14336        ; 8            ; 14336        ; 8            ; 114688 ; padroes_sprites.mif ;
; rom_tiles:r_padroes_tiles|altsyncram:altsyncram_component|altsyncram_jsi1:auto_generated|ALTSYNCRAM                                    ; M10K block ; ROM              ; 2048         ; 8            ; --           ; --           ; 16384  ; padroes_tiles.mif   ;
+----------------------------------------------------------------------------------------------------------------------------------------+------------+------------------+--------------+--------------+--------------+--------------+--------+---------------------+


+-------------------------------------------------+
; Analysis & Synthesis DSP Block Usage Summary    ;
+-----------------------------------+-------------+
; Statistic                         ; Number Used ;
+-----------------------------------+-------------+
; Two Independent 18x18             ; 16          ;
; Total number of DSP blocks        ; 16          ;
;                                   ;             ;
; Fixed Point Mixed Sign Multiplier ; 16          ;
+-----------------------------------+-------------+


+------------------------------------------------------------------------------------------------------------------------------------------------------------------------+
; Analysis & Synthesis IP Cores Summary                                                                                                                                  ;
+--------+--------------+---------+--------------+--------------+----------------------------------------------------------------------------------+---------------------+
; Vendor ; IP Core Name ; Version ; Release Date ; License Type ; Entity Instance                                                                  ; IP Include File     ;
+--------+--------------+---------+--------------+--------------+----------------------------------------------------------------------------------+---------------------+
; Altera ; RAM: 2-PORT  ; 25.1    ; N/A          ; N/A          ; |DE1_SOC_golden_top|frame_buffer:f_buffer|ram_framebufferi:ram_a                 ; ram_framebufferi.v  ;
; Altera ; RAM: 2-PORT  ; 25.1    ; N/A          ; N/A          ; |DE1_SOC_golden_top|frame_buffer:f_buffer|ram_framebufferii:ram_b                ; ram_framebufferii.v ;
; Altera ; RAM: 2-PORT  ; 25.1    ; N/A          ; N/A          ; |DE1_SOC_golden_top|motor_background:m_background|ram_tilemap:ip_memoria_cenario ; ram_tilemap.v       ;
; Altera ; ROM: 2-PORT  ; 25.1    ; N/A          ; N/A          ; |DE1_SOC_golden_top|rom_padroes:r_padroes_sprites                                ; rom_padroes.v       ;
; Altera ; ROM: 1-PORT  ; 25.1    ; N/A          ; N/A          ; |DE1_SOC_golden_top|rom_tiles:r_padroes_tiles                                    ; rom_tiles.v         ;
+--------+--------------+---------+--------------+--------------+----------------------------------------------------------------------------------+---------------------+


+--------------------------------------------------------------------------------------------------------------------------------------------------------------------------------------------------------------------------------------------------------------------------+
; Registers Removed During Synthesis                                                                                                                                                                                                                                       ;
+------------------------------------------------------------------------------------------------------------------------------+-------------------------------------------------------------------------------------------------------------------------------------------+
; Register name                                                                                                                ; Reason for Removal                                                                                                                        ;
+------------------------------------------------------------------------------------------------------------------------------+-------------------------------------------------------------------------------------------------------------------------------------------+
; x_pipe1[9]                                                                                                                   ; Stuck at GND due to stuck port data_in                                                                                                    ;
; rom_padroes:r_padroes_sprites|altsyncram:altsyncram_component|altsyncram_v4d2:auto_generated|address_reg_a[0]                ; Stuck at GND due to stuck port data_in                                                                                                    ;
; rom_padroes:r_padroes_sprites|altsyncram:altsyncram_component|altsyncram_v4d2:auto_generated|address_reg_b[0]                ; Stuck at GND due to stuck port data_in                                                                                                    ;
; vga_sync_n_d                                                                                                                 ; Stuck at GND due to stuck port data_in                                                                                                    ;
; x_pipe2[9]                                                                                                                   ; Stuck at GND due to stuck port data_in                                                                                                    ;
; x_pipe3[9]                                                                                                                   ; Stuck at GND due to stuck port data_in                                                                                                    ;
; frame_buffer:f_buffer|ram_framebufferi:ram_a|altsyncram:altsyncram_component|altsyncram_7js1:auto_generated|address_reg_b[3] ; Merged with frame_buffer:f_buffer|ram_framebufferii:ram_b|altsyncram:altsyncram_component|altsyncram_7js1:auto_generated|address_reg_b[3] ;
; frame_buffer:f_buffer|ram_framebufferi:ram_a|altsyncram:altsyncram_component|altsyncram_7js1:auto_generated|address_reg_b[2] ; Merged with frame_buffer:f_buffer|ram_framebufferii:ram_b|altsyncram:altsyncram_component|altsyncram_7js1:auto_generated|address_reg_b[2] ;
; frame_buffer:f_buffer|ram_framebufferi:ram_a|altsyncram:altsyncram_component|altsyncram_7js1:auto_generated|address_reg_b[1] ; Merged with frame_buffer:f_buffer|ram_framebufferii:ram_b|altsyncram:altsyncram_component|altsyncram_7js1:auto_generated|address_reg_b[1] ;
; frame_buffer:f_buffer|ram_framebufferi:ram_a|altsyncram:altsyncram_component|altsyncram_7js1:auto_generated|address_reg_b[0] ; Merged with frame_buffer:f_buffer|ram_framebufferii:ram_b|altsyncram:altsyncram_component|altsyncram_7js1:auto_generated|address_reg_b[0] ;
; video_on_d                                                                                                                   ; Merged with vga_blank_n_d                                                                                                                 ;
; y_pipe1[2]                                                                                                                   ; Merged with motor_background:m_background|py_r[2]                                                                                         ;
; y_pipe1[1]                                                                                                                   ; Merged with motor_background:m_background|py_r[1]                                                                                         ;
; y_pipe1[0]                                                                                                                   ; Merged with motor_background:m_background|py_r[0]                                                                                         ;
; x_pipe1[2]                                                                                                                   ; Merged with motor_background:m_background|px_r[2]                                                                                         ;
; x_pipe1[1]                                                                                                                   ; Merged with motor_background:m_background|px_r[1]                                                                                         ;
; x_pipe1[0]                                                                                                                   ; Merged with motor_background:m_background|px_r[0]                                                                                         ;
; y_pipe1[8]                                                                                                                   ; Stuck at GND due to stuck port data_in                                                                                                    ;
; y_pipe2[8]                                                                                                                   ; Stuck at GND due to stuck port data_in                                                                                                    ;
; y_pipe3[8]                                                                                                                   ; Stuck at GND due to stuck port data_in                                                                                                    ;
; Total Number of Removed Registers = 20                                                                                       ;                                                                                                                                           ;
+------------------------------------------------------------------------------------------------------------------------------+-------------------------------------------------------------------------------------------------------------------------------------------+


+------------------------------------------------------------------------------------+
; Removed Registers Triggering Further Register Optimizations                        ;
+---------------+---------------------------+----------------------------------------+
; Register name ; Reason for Removal        ; Registers Removed due to This Register ;
+---------------+---------------------------+----------------------------------------+
; x_pipe1[9]    ; Stuck at GND              ; x_pipe2[9], x_pipe3[9]                 ;
;               ; due to stuck port data_in ;                                        ;
; y_pipe1[8]    ; Stuck at GND              ; y_pipe2[8], y_pipe3[8]                 ;
;               ; due to stuck port data_in ;                                        ;
+---------------+---------------------------+----------------------------------------+


+------------------------------------------------------+
; General Register Statistics                          ;
+----------------------------------------------+-------+
; Statistic                                    ; Value ;
+----------------------------------------------+-------+
; Total registers                              ; 1285  ;
; Number of registers using Synchronous Clear  ; 1249  ;
; Number of registers using Synchronous Load   ; 18    ;
; Number of registers using Asynchronous Clear ; 20    ;
; Number of registers using Asynchronous Load  ; 0     ;
; Number of registers using Clock Enable       ; 1134  ;
; Number of registers using Preset             ; 0     ;
+----------------------------------------------+-------+


+------------------------------------------------------------------------------------------------------------------------------------------------------------------------------------+
; Multiplexer Restructuring Statistics (Restructuring Performed)                                                                                                                     ;
+--------------------+-----------+---------------+----------------------+------------------------+------------+----------------------------------------------------------------------+
; Multiplexer Inputs ; Bus Width ; Baseline Area ; Area if Restructured ; Saving if Restructured ; Registered ; Example Multiplexer Output                                           ;
+--------------------+-----------+---------------+----------------------+------------------------+------------+----------------------------------------------------------------------+
; 3:1                ; 5 bits    ; 10 LEs        ; 10 LEs               ; 0 LEs                  ; Yes        ; |DE1_SOC_golden_top|motor_sprites:m_sprites|rom_addr1[11]            ;
; 3:1                ; 32 bits   ; 64 LEs        ; 0 LEs                ; 64 LEs                 ; Yes        ; |DE1_SOC_golden_top|banco_background:b_background|reg_array[1][28]   ;
; 3:1                ; 32 bits   ; 64 LEs        ; 0 LEs                ; 64 LEs                 ; Yes        ; |DE1_SOC_golden_top|banco_background:b_background|reg_array[2][9]    ;
; 3:1                ; 32 bits   ; 64 LEs        ; 0 LEs                ; 64 LEs                 ; Yes        ; |DE1_SOC_golden_top|banco_poligonos:b_poligonos|registradores[0][15] ;
; 3:1                ; 32 bits   ; 64 LEs        ; 0 LEs                ; 64 LEs                 ; Yes        ; |DE1_SOC_golden_top|banco_poligonos:b_poligonos|registradores[1][28] ;
; 3:1                ; 32 bits   ; 64 LEs        ; 0 LEs                ; 64 LEs                 ; Yes        ; |DE1_SOC_golden_top|banco_poligonos:b_poligonos|registradores[2][23] ;
; 3:1                ; 32 bits   ; 64 LEs        ; 0 LEs                ; 64 LEs                 ; Yes        ; |DE1_SOC_golden_top|banco_poligonos:b_poligonos|registradores[3][9]  ;
; 3:1                ; 32 bits   ; 64 LEs        ; 0 LEs                ; 64 LEs                 ; Yes        ; |DE1_SOC_golden_top|banco_poligonos:b_poligonos|registradores[4][31] ;
; 3:1                ; 32 bits   ; 64 LEs        ; 0 LEs                ; 64 LEs                 ; Yes        ; |DE1_SOC_golden_top|banco_poligonos:b_poligonos|registradores[5][3]  ;
; 3:1                ; 32 bits   ; 64 LEs        ; 0 LEs                ; 64 LEs                 ; Yes        ; |DE1_SOC_golden_top|banco_poligonos:b_poligonos|registradores[6][31] ;
; 3:1                ; 32 bits   ; 64 LEs        ; 0 LEs                ; 64 LEs                 ; Yes        ; |DE1_SOC_golden_top|banco_poligonos:b_poligonos|registradores[7][28] ;
; 3:1                ; 25 bits   ; 50 LEs        ; 0 LEs                ; 50 LEs                 ; Yes        ; |DE1_SOC_golden_top|banco_sprites:b_sprites|registradores[0][9]      ;
; 3:1                ; 25 bits   ; 50 LEs        ; 0 LEs                ; 50 LEs                 ; Yes        ; |DE1_SOC_golden_top|banco_sprites:b_sprites|registradores[1][30]     ;
; 3:1                ; 25 bits   ; 50 LEs        ; 0 LEs                ; 50 LEs                 ; Yes        ; |DE1_SOC_golden_top|banco_sprites:b_sprites|registradores[2][13]     ;
; 3:1                ; 25 bits   ; 50 LEs        ; 0 LEs                ; 50 LEs                 ; Yes        ; |DE1_SOC_golden_top|banco_sprites:b_sprites|registradores[3][7]      ;
; 3:1                ; 25 bits   ; 50 LEs        ; 0 LEs                ; 50 LEs                 ; Yes        ; |DE1_SOC_golden_top|banco_sprites:b_sprites|registradores[4][12]     ;
; 3:1                ; 25 bits   ; 50 LEs        ; 0 LEs                ; 50 LEs                 ; Yes        ; |DE1_SOC_golden_top|banco_sprites:b_sprites|registradores[5][12]     ;
; 3:1                ; 25 bits   ; 50 LEs        ; 0 LEs                ; 50 LEs                 ; Yes        ; |DE1_SOC_golden_top|banco_sprites:b_sprites|registradores[6][19]     ;
; 3:1                ; 25 bits   ; 50 LEs        ; 0 LEs                ; 50 LEs                 ; Yes        ; |DE1_SOC_golden_top|banco_sprites:b_sprites|registradores[7][7]      ;
; 3:1                ; 25 bits   ; 50 LEs        ; 0 LEs                ; 50 LEs                 ; Yes        ; |DE1_SOC_golden_top|banco_sprites:b_sprites|registradores[8][20]     ;
; 3:1                ; 25 bits   ; 50 LEs        ; 0 LEs                ; 50 LEs                 ; Yes        ; |DE1_SOC_golden_top|banco_sprites:b_sprites|registradores[9][8]      ;
; 3:1                ; 25 bits   ; 50 LEs        ; 0 LEs                ; 50 LEs                 ; Yes        ; |DE1_SOC_golden_top|banco_sprites:b_sprites|registradores[10][24]    ;
; 3:1                ; 25 bits   ; 50 LEs        ; 0 LEs                ; 50 LEs                 ; Yes        ; |DE1_SOC_golden_top|banco_sprites:b_sprites|registradores[11][15]    ;
; 3:1                ; 25 bits   ; 50 LEs        ; 0 LEs                ; 50 LEs                 ; Yes        ; |DE1_SOC_golden_top|banco_sprites:b_sprites|registradores[12][20]    ;
; 3:1                ; 25 bits   ; 50 LEs        ; 0 LEs                ; 50 LEs                 ; Yes        ; |DE1_SOC_golden_top|banco_sprites:b_sprites|registradores[13][16]    ;
; 3:1                ; 25 bits   ; 50 LEs        ; 0 LEs                ; 50 LEs                 ; Yes        ; |DE1_SOC_golden_top|banco_sprites:b_sprites|registradores[14][23]    ;
; 3:1                ; 25 bits   ; 50 LEs        ; 0 LEs                ; 50 LEs                 ; Yes        ; |DE1_SOC_golden_top|banco_sprites:b_sprites|registradores[15][11]    ;
; 3:1                ; 25 bits   ; 50 LEs        ; 0 LEs                ; 50 LEs                 ; Yes        ; |DE1_SOC_golden_top|banco_sprites:b_sprites|registradores[16][9]     ;
; 3:1                ; 25 bits   ; 50 LEs        ; 0 LEs                ; 50 LEs                 ; Yes        ; |DE1_SOC_golden_top|banco_sprites:b_sprites|registradores[17][20]    ;
; 3:1                ; 25 bits   ; 50 LEs        ; 0 LEs                ; 50 LEs                 ; Yes        ; |DE1_SOC_golden_top|banco_sprites:b_sprites|registradores[18][31]    ;
; 3:1                ; 25 bits   ; 50 LEs        ; 0 LEs                ; 50 LEs                 ; Yes        ; |DE1_SOC_golden_top|banco_sprites:b_sprites|registradores[19][17]    ;
; 3:1                ; 25 bits   ; 50 LEs        ; 0 LEs                ; 50 LEs                 ; Yes        ; |DE1_SOC_golden_top|banco_sprites:b_sprites|registradores[20][20]    ;
; 3:1                ; 25 bits   ; 50 LEs        ; 0 LEs                ; 50 LEs                 ; Yes        ; |DE1_SOC_golden_top|banco_sprites:b_sprites|registradores[21][29]    ;
; 3:1                ; 25 bits   ; 50 LEs        ; 0 LEs                ; 50 LEs                 ; Yes        ; |DE1_SOC_golden_top|banco_sprites:b_sprites|registradores[22][14]    ;
; 3:1                ; 25 bits   ; 50 LEs        ; 0 LEs                ; 50 LEs                 ; Yes        ; |DE1_SOC_golden_top|banco_sprites:b_sprites|registradores[23][16]    ;
; 3:1                ; 25 bits   ; 50 LEs        ; 0 LEs                ; 50 LEs                 ; Yes        ; |DE1_SOC_golden_top|banco_sprites:b_sprites|registradores[24][25]    ;
; 3:1                ; 25 bits   ; 50 LEs        ; 0 LEs                ; 50 LEs                 ; Yes        ; |DE1_SOC_golden_top|banco_sprites:b_sprites|registradores[25][18]    ;
; 3:1                ; 25 bits   ; 50 LEs        ; 0 LEs                ; 50 LEs                 ; Yes        ; |DE1_SOC_golden_top|banco_sprites:b_sprites|registradores[26][15]    ;
; 3:1                ; 25 bits   ; 50 LEs        ; 0 LEs                ; 50 LEs                 ; Yes        ; |DE1_SOC_golden_top|banco_sprites:b_sprites|registradores[27][24]    ;
; 3:1                ; 25 bits   ; 50 LEs        ; 0 LEs                ; 50 LEs                 ; Yes        ; |DE1_SOC_golden_top|banco_sprites:b_sprites|registradores[28][22]    ;
; 3:1                ; 25 bits   ; 50 LEs        ; 0 LEs                ; 50 LEs                 ; Yes        ; |DE1_SOC_golden_top|banco_sprites:b_sprites|registradores[29][28]    ;
; 3:1                ; 25 bits   ; 50 LEs        ; 0 LEs                ; 50 LEs                 ; Yes        ; |DE1_SOC_golden_top|banco_sprites:b_sprites|registradores[30][10]    ;
; 3:1                ; 25 bits   ; 50 LEs        ; 0 LEs                ; 50 LEs                 ; Yes        ; |DE1_SOC_golden_top|banco_sprites:b_sprites|registradores[31][21]    ;
; 4:1                ; 8 bits    ; 16 LEs        ; 0 LEs                ; 16 LEs                 ; Yes        ; |DE1_SOC_golden_top|motor_sprites:m_sprites|sprite_color_out[2]      ;
; 5:1                ; 4 bits    ; 12 LEs        ; 12 LEs               ; 0 LEs                  ; Yes        ; |DE1_SOC_golden_top|motor_sprites:m_sprites|rom_addr1[0]             ;
; 5:1                ; 4 bits    ; 12 LEs        ; 12 LEs               ; 0 LEs                  ; Yes        ; |DE1_SOC_golden_top|motor_sprites:m_sprites|rom_addr1[4]             ;
; 6:1                ; 4 bits    ; 16 LEs        ; 8 LEs                ; 8 LEs                  ; Yes        ; |DE1_SOC_golden_top|mef_controle:mf_controle|estado[1]               ;
; 11:1               ; 8 bits    ; 56 LEs        ; 32 LEs               ; 24 LEs                 ; Yes        ; |DE1_SOC_golden_top|motor_poligonos:m_poligonos|poly_color_r1[1]     ;
; 48:1               ; 5 bits    ; 160 LEs       ; 110 LEs              ; 50 LEs                 ; Yes        ; |DE1_SOC_golden_top|motor_sprites:m_sprites|rom_addr2[12]            ;
; 95:1               ; 4 bits    ; 252 LEs       ; 172 LEs              ; 80 LEs                 ; Yes        ; |DE1_SOC_golden_top|motor_sprites:m_sprites|rom_addr2[3]             ;
; 95:1               ; 4 bits    ; 252 LEs       ; 172 LEs              ; 80 LEs                 ; Yes        ; |DE1_SOC_golden_top|motor_sprites:m_sprites|rom_addr2[4]             ;
; 3:1                ; 15 bits   ; 30 LEs        ; 30 LEs               ; 0 LEs                  ; No         ; |DE1_SOC_golden_top|motor_sprites:m_sprites|prioridade_padrao        ;
; 3:1                ; 15 bits   ; 30 LEs        ; 30 LEs               ; 0 LEs                  ; No         ; |DE1_SOC_golden_top|motor_sprites:m_sprites|prioridade_espelho_h     ;
; 3:1                ; 15 bits   ; 30 LEs        ; 30 LEs               ; 0 LEs                  ; No         ; |DE1_SOC_golden_top|motor_sprites:m_sprites|prioridade_padrao        ;
; 3:1                ; 15 bits   ; 30 LEs        ; 30 LEs               ; 0 LEs                  ; No         ; |DE1_SOC_golden_top|motor_sprites:m_sprites|prioridade_espelho_h     ;
; 3:1                ; 15 bits   ; 30 LEs        ; 30 LEs               ; 0 LEs                  ; No         ; |DE1_SOC_golden_top|motor_sprites:m_sprites|prioridade_dx            ;
; 3:1                ; 15 bits   ; 30 LEs        ; 30 LEs               ; 0 LEs                  ; No         ; |DE1_SOC_golden_top|motor_sprites:m_sprites|prioridade_dy            ;
; 3:1                ; 15 bits   ; 30 LEs        ; 30 LEs               ; 0 LEs                  ; No         ; |DE1_SOC_golden_top|motor_sprites:m_sprites|prioridade_espelho_h     ;
; 3:1                ; 15 bits   ; 30 LEs        ; 30 LEs               ; 0 LEs                  ; No         ; |DE1_SOC_golden_top|motor_sprites:m_sprites|prioridade_dx            ;
; 3:1                ; 15 bits   ; 30 LEs        ; 30 LEs               ; 0 LEs                  ; No         ; |DE1_SOC_golden_top|motor_sprites:m_sprites|prioridade_espelho_h     ;
; 3:1                ; 15 bits   ; 30 LEs        ; 30 LEs               ; 0 LEs                  ; No         ; |DE1_SOC_golden_top|motor_sprites:m_sprites|prioridade_padrao        ;
; 3:1                ; 15 bits   ; 30 LEs        ; 30 LEs               ; 0 LEs                  ; No         ; |DE1_SOC_golden_top|motor_sprites:m_sprites|prioridade_espelho_v     ;
; 3:1                ; 15 bits   ; 30 LEs        ; 30 LEs               ; 0 LEs                  ; No         ; |DE1_SOC_golden_top|motor_sprites:m_sprites|prioridade_padrao        ;
; 3:1                ; 15 bits   ; 30 LEs        ; 30 LEs               ; 0 LEs                  ; No         ; |DE1_SOC_golden_top|motor_sprites:m_sprites|prioridade_espelho_v     ;
; 3:1                ; 15 bits   ; 30 LEs        ; 30 LEs               ; 0 LEs                  ; No         ; |DE1_SOC_golden_top|motor_sprites:m_sprites|prioridade_dx            ;
; 3:1                ; 15 bits   ; 30 LEs        ; 30 LEs               ; 0 LEs                  ; No         ; |DE1_SOC_golden_top|motor_sprites:m_sprites|prioridade_padrao        ;
; 3:1                ; 3 bits    ; 6 LEs         ; 6 LEs                ; 0 LEs                  ; No         ; |DE1_SOC_golden_top|mef_controle:mf_controle|spr_write_addr          ;
; 3:1                ; 8 bits    ; 16 LEs        ; 16 LEs               ; 0 LEs                  ; No         ; |DE1_SOC_golden_top|compositor:u_compositor|final_index[1]           ;
; 8:1                ; 18 bits   ; 90 LEs        ; 90 LEs               ; 0 LEs                  ; No         ; |DE1_SOC_golden_top|banco_poligonos:b_poligonos|Mux16                ;
; 32:1               ; 17 bits   ; 357 LEs       ; 357 LEs              ; 0 LEs                  ; No         ; |DE1_SOC_golden_top|banco_sprites:b_sprites|Mux10                    ;
; 7:1                ; 3 bits    ; 12 LEs        ; 12 LEs               ; 0 LEs                  ; No         ; |DE1_SOC_golden_top|mef_controle:mf_controle|Mux1                    ;
; 6:1                ; 3 bits    ; 12 LEs        ; 12 LEs               ; 0 LEs                  ; No         ; |DE1_SOC_golden_top|mef_controle:mf_controle|Mux39                   ;
; 9:1                ; 2 bits    ; 12 LEs        ; 8 LEs                ; 4 LEs                  ; No         ; |DE1_SOC_golden_top|mef_controle:mf_controle|Mux41                   ;
; 19:1               ; 9 bits    ; 108 LEs       ; 54 LEs               ; 54 LEs                 ; No         ; |DE1_SOC_golden_top|mef_controle:mf_controle|Mux57                   ;
; 19:1               ; 7 bits    ; 84 LEs        ; 42 LEs               ; 42 LEs                 ; No         ; |DE1_SOC_golden_top|mef_controle:mf_controle|Mux26                   ;
; 19:1               ; 8 bits    ; 96 LEs        ; 48 LEs               ; 48 LEs                 ; No         ; |DE1_SOC_golden_top|mef_controle:mf_controle|Mux61                   ;
; 19:1               ; 3 bits    ; 36 LEs        ; 18 LEs               ; 18 LEs                 ; No         ; |DE1_SOC_golden_top|mef_controle:mf_controle|Mux35                   ;
; 11:1               ; 2 bits    ; 14 LEs        ; 12 LEs               ; 2 LEs                  ; No         ; |DE1_SOC_golden_top|mef_controle:mf_controle|Mux21                   ;
; 11:1               ; 6 bits    ; 42 LEs        ; 36 LEs               ; 6 LEs                  ; No         ; |DE1_SOC_golden_top|mef_controle:mf_controle|Mux32                   ;
; 12:1               ; 32 bits   ; 256 LEs       ; 256 LEs              ; 0 LEs                  ; No         ; |DE1_SOC_golden_top|mef_controle:mf_controle|bg_write_data[14]       ;
; 16:1               ; 3 bits    ; 30 LEs        ; 30 LEs               ; 0 LEs                  ; No         ; |DE1_SOC_golden_top|mef_controle:mf_controle|Mux6                    ;
; 20:1               ; 2 bits    ; 26 LEs        ; 22 LEs               ; 4 LEs                  ; No         ; |DE1_SOC_golden_top|mef_controle:mf_controle|Mux16                   ;
; 20:1               ; 4 bits    ; 52 LEs        ; 44 LEs               ; 8 LEs                  ; No         ; |DE1_SOC_golden_top|mef_controle:mf_controle|Mux12                   ;
; 18:1               ; 3 bits    ; 36 LEs        ; 33 LEs               ; 3 LEs                  ; No         ; |DE1_SOC_golden_top|mef_controle:mf_controle|Mux10                   ;
; 19:1               ; 8 bits    ; 96 LEs        ; 96 LEs               ; 0 LEs                  ; No         ; |DE1_SOC_golden_top|VGA_B                                            ;
; 44:1               ; 5 bits    ; 145 LEs       ; 130 LEs              ; 15 LEs                 ; No         ; |DE1_SOC_golden_top|mef_controle:mf_controle|Mux44                   ;
; 43:1               ; 2 bits    ; 56 LEs        ; 52 LEs               ; 4 LEs                  ; No         ; |DE1_SOC_golden_top|mef_controle:mf_controle|Mux48                   ;
; 47:1               ; 2 bits    ; 62 LEs        ; 42 LEs               ; 20 LEs                 ; No         ; |DE1_SOC_golden_top|motor_sprites:m_sprites|prioridade2_espelho_v    ;
+--------------------+-----------+---------------+----------------------+------------------------+------------+----------------------------------------------------------------------+


+----------------------------------------------------------------------------------------------------------------------------------------------------+
; Source assignments for motor_background:m_background|ram_tilemap:ip_memoria_cenario|altsyncram:altsyncram_component|altsyncram_uju1:auto_generated ;
+---------------------------------+--------------------+------+--------------------------------------------------------------------------------------+
; Assignment                      ; Value              ; From ; To                                                                                   ;
+---------------------------------+--------------------+------+--------------------------------------------------------------------------------------+
; OPTIMIZE_POWER_DURING_SYNTHESIS ; NORMAL_COMPILATION ; -    ; -                                                                                    ;
+---------------------------------+--------------------+------+--------------------------------------------------------------------------------------+


+-----------------------------------------------------------------------------------------------------------------+
; Source assignments for rom_tiles:r_padroes_tiles|altsyncram:altsyncram_component|altsyncram_jsi1:auto_generated ;
+---------------------------------+--------------------+------+---------------------------------------------------+
; Assignment                      ; Value              ; From ; To                                                ;
+---------------------------------+--------------------+------+---------------------------------------------------+
; OPTIMIZE_POWER_DURING_SYNTHESIS ; NORMAL_COMPILATION ; -    ; -                                                 ;
+---------------------------------+--------------------+------+---------------------------------------------------+


+---------------------------------------------------------------------------------------------------------------------+
; Source assignments for rom_padroes:r_padroes_sprites|altsyncram:altsyncram_component|altsyncram_v4d2:auto_generated ;
+---------------------------------+--------------------+------+-------------------------------------------------------+
; Assignment                      ; Value              ; From ; To                                                    ;
+---------------------------------+--------------------+------+-------------------------------------------------------+
; OPTIMIZE_POWER_DURING_SYNTHESIS ; NORMAL_COMPILATION ; -    ; -                                                     ;
+---------------------------------+--------------------+------+-------------------------------------------------------+


+------------------------------------------------------------------------------------------------------------------------------------+
; Source assignments for frame_buffer:f_buffer|ram_framebufferi:ram_a|altsyncram:altsyncram_component|altsyncram_7js1:auto_generated ;
+---------------------------------+--------------------+------+----------------------------------------------------------------------+
; Assignment                      ; Value              ; From ; To                                                                   ;
+---------------------------------+--------------------+------+----------------------------------------------------------------------+
; OPTIMIZE_POWER_DURING_SYNTHESIS ; NORMAL_COMPILATION ; -    ; -                                                                    ;
+---------------------------------+--------------------+------+----------------------------------------------------------------------+


+-------------------------------------------------------------------------------------------------------------------------------------+
; Source assignments for frame_buffer:f_buffer|ram_framebufferii:ram_b|altsyncram:altsyncram_component|altsyncram_7js1:auto_generated ;
+---------------------------------+--------------------+------+-----------------------------------------------------------------------+
; Assignment                      ; Value              ; From ; To                                                                    ;
+---------------------------------+--------------------+------+-----------------------------------------------------------------------+
; OPTIMIZE_POWER_DURING_SYNTHESIS ; NORMAL_COMPILATION ; -    ; -                                                                     ;
+---------------------------------+--------------------+------+-----------------------------------------------------------------------+


+-------------------------------------------------------------------------------------------------------------------------------------------+
; Parameter Settings for User Entity Instance: motor_background:m_background|ram_tilemap:ip_memoria_cenario|altsyncram:altsyncram_component ;
+------------------------------------+----------------------+-------------------------------------------------------------------------------+
; Parameter Name                     ; Value                ; Type                                                                          ;
+------------------------------------+----------------------+-------------------------------------------------------------------------------+
; BYTE_SIZE_BLOCK                    ; 8                    ; Untyped                                                                       ;
; AUTO_CARRY_CHAINS                  ; ON                   ; AUTO_CARRY                                                                    ;
; IGNORE_CARRY_BUFFERS               ; OFF                  ; IGNORE_CARRY                                                                  ;
; AUTO_CASCADE_CHAINS                ; ON                   ; AUTO_CASCADE                                                                  ;
; IGNORE_CASCADE_BUFFERS             ; OFF                  ; IGNORE_CASCADE                                                                ;
; WIDTH_BYTEENA                      ; 1                    ; Untyped                                                                       ;
; OPERATION_MODE                     ; DUAL_PORT            ; Untyped                                                                       ;
; WIDTH_A                            ; 8                    ; Signed Integer                                                                ;
; WIDTHAD_A                          ; 12                   ; Signed Integer                                                                ;
; NUMWORDS_A                         ; 2400                 ; Signed Integer                                                                ;
; OUTDATA_REG_A                      ; UNREGISTERED         ; Untyped                                                                       ;
; ADDRESS_ACLR_A                     ; NONE                 ; Untyped                                                                       ;
; OUTDATA_ACLR_A                     ; NONE                 ; Untyped                                                                       ;
; WRCONTROL_ACLR_A                   ; NONE                 ; Untyped                                                                       ;
; INDATA_ACLR_A                      ; NONE                 ; Untyped                                                                       ;
; BYTEENA_ACLR_A                     ; NONE                 ; Untyped                                                                       ;
; WIDTH_B                            ; 8                    ; Signed Integer                                                                ;
; WIDTHAD_B                          ; 12                   ; Signed Integer                                                                ;
; NUMWORDS_B                         ; 2400                 ; Signed Integer                                                                ;
; INDATA_REG_B                       ; CLOCK1               ; Untyped                                                                       ;
; WRCONTROL_WRADDRESS_REG_B          ; CLOCK1               ; Untyped                                                                       ;
; RDCONTROL_REG_B                    ; CLOCK1               ; Untyped                                                                       ;
; ADDRESS_REG_B                      ; CLOCK1               ; Untyped                                                                       ;
; OUTDATA_REG_B                      ; UNREGISTERED         ; Untyped                                                                       ;
; BYTEENA_REG_B                      ; CLOCK1               ; Untyped                                                                       ;
; INDATA_ACLR_B                      ; NONE                 ; Untyped                                                                       ;
; WRCONTROL_ACLR_B                   ; NONE                 ; Untyped                                                                       ;
; ADDRESS_ACLR_B                     ; NONE                 ; Untyped                                                                       ;
; OUTDATA_ACLR_B                     ; NONE                 ; Untyped                                                                       ;
; RDCONTROL_ACLR_B                   ; NONE                 ; Untyped                                                                       ;
; BYTEENA_ACLR_B                     ; NONE                 ; Untyped                                                                       ;
; WIDTH_BYTEENA_A                    ; 1                    ; Signed Integer                                                                ;
; WIDTH_BYTEENA_B                    ; 1                    ; Untyped                                                                       ;
; RAM_BLOCK_TYPE                     ; M10K                 ; Untyped                                                                       ;
; BYTE_SIZE                          ; 8                    ; Untyped                                                                       ;
; READ_DURING_WRITE_MODE_MIXED_PORTS ; DONT_CARE            ; Untyped                                                                       ;
; READ_DURING_WRITE_MODE_PORT_A      ; NEW_DATA_NO_NBE_READ ; Untyped                                                                       ;
; READ_DURING_WRITE_MODE_PORT_B      ; NEW_DATA_NO_NBE_READ ; Untyped                                                                       ;
; INIT_FILE                          ; cenario.mif          ; Untyped                                                                       ;
; INIT_FILE_LAYOUT                   ; PORT_A               ; Untyped                                                                       ;
; MAXIMUM_DEPTH                      ; 0                    ; Untyped                                                                       ;
; CLOCK_ENABLE_INPUT_A               ; BYPASS               ; Untyped                                                                       ;
; CLOCK_ENABLE_INPUT_B               ; BYPASS               ; Untyped                                                                       ;
; CLOCK_ENABLE_OUTPUT_A              ; NORMAL               ; Untyped                                                                       ;
; CLOCK_ENABLE_OUTPUT_B              ; BYPASS               ; Untyped                                                                       ;
; CLOCK_ENABLE_CORE_A                ; USE_INPUT_CLKEN      ; Untyped                                                                       ;
; CLOCK_ENABLE_CORE_B                ; USE_INPUT_CLKEN      ; Untyped                                                                       ;
; ENABLE_ECC                         ; FALSE                ; Untyped                                                                       ;
; ECC_PIPELINE_STAGE_ENABLED         ; FALSE                ; Untyped                                                                       ;
; WIDTH_ECCSTATUS                    ; 3                    ; Untyped                                                                       ;
; DEVICE_FAMILY                      ; Cyclone V            ; Untyped                                                                       ;
; CBXI_PARAMETER                     ; altsyncram_uju1      ; Untyped                                                                       ;
+------------------------------------+----------------------+-------------------------------------------------------------------------------+
Note: In order to hide this table in the UI and the text report file, please set the "Show Parameter Settings in Synthesis Report" option in "Analysis and Synthesis Settings -> More Settings" to "Off".


+--------------------------------------------------------------------------------------------------------+
; Parameter Settings for User Entity Instance: rom_tiles:r_padroes_tiles|altsyncram:altsyncram_component ;
+------------------------------------+----------------------+--------------------------------------------+
; Parameter Name                     ; Value                ; Type                                       ;
+------------------------------------+----------------------+--------------------------------------------+
; BYTE_SIZE_BLOCK                    ; 8                    ; Untyped                                    ;
; AUTO_CARRY_CHAINS                  ; ON                   ; AUTO_CARRY                                 ;
; IGNORE_CARRY_BUFFERS               ; OFF                  ; IGNORE_CARRY                               ;
; AUTO_CASCADE_CHAINS                ; ON                   ; AUTO_CASCADE                               ;
; IGNORE_CASCADE_BUFFERS             ; OFF                  ; IGNORE_CASCADE                             ;
; WIDTH_BYTEENA                      ; 1                    ; Untyped                                    ;
; OPERATION_MODE                     ; ROM                  ; Untyped                                    ;
; WIDTH_A                            ; 8                    ; Signed Integer                             ;
; WIDTHAD_A                          ; 11                   ; Signed Integer                             ;
; NUMWORDS_A                         ; 2048                 ; Signed Integer                             ;
; OUTDATA_REG_A                      ; UNREGISTERED         ; Untyped                                    ;
; ADDRESS_ACLR_A                     ; NONE                 ; Untyped                                    ;
; OUTDATA_ACLR_A                     ; NONE                 ; Untyped                                    ;
; WRCONTROL_ACLR_A                   ; NONE                 ; Untyped                                    ;
; INDATA_ACLR_A                      ; NONE                 ; Untyped                                    ;
; BYTEENA_ACLR_A                     ; NONE                 ; Untyped                                    ;
; WIDTH_B                            ; 1                    ; Untyped                                    ;
; WIDTHAD_B                          ; 1                    ; Untyped                                    ;
; NUMWORDS_B                         ; 1                    ; Untyped                                    ;
; INDATA_REG_B                       ; CLOCK1               ; Untyped                                    ;
; WRCONTROL_WRADDRESS_REG_B          ; CLOCK1               ; Untyped                                    ;
; RDCONTROL_REG_B                    ; CLOCK1               ; Untyped                                    ;
; ADDRESS_REG_B                      ; CLOCK1               ; Untyped                                    ;
; OUTDATA_REG_B                      ; UNREGISTERED         ; Untyped                                    ;
; BYTEENA_REG_B                      ; CLOCK1               ; Untyped                                    ;
; INDATA_ACLR_B                      ; NONE                 ; Untyped                                    ;
; WRCONTROL_ACLR_B                   ; NONE                 ; Untyped                                    ;
; ADDRESS_ACLR_B                     ; NONE                 ; Untyped                                    ;
; OUTDATA_ACLR_B                     ; NONE                 ; Untyped                                    ;
; RDCONTROL_ACLR_B                   ; NONE                 ; Untyped                                    ;
; BYTEENA_ACLR_B                     ; NONE                 ; Untyped                                    ;
; WIDTH_BYTEENA_A                    ; 1                    ; Signed Integer                             ;
; WIDTH_BYTEENA_B                    ; 1                    ; Untyped                                    ;
; RAM_BLOCK_TYPE                     ; M10K                 ; Untyped                                    ;
; BYTE_SIZE                          ; 8                    ; Untyped                                    ;
; READ_DURING_WRITE_MODE_MIXED_PORTS ; DONT_CARE            ; Untyped                                    ;
; READ_DURING_WRITE_MODE_PORT_A      ; NEW_DATA_NO_NBE_READ ; Untyped                                    ;
; READ_DURING_WRITE_MODE_PORT_B      ; NEW_DATA_NO_NBE_READ ; Untyped                                    ;
; INIT_FILE                          ; padroes_tiles.mif    ; Untyped                                    ;
; INIT_FILE_LAYOUT                   ; PORT_A               ; Untyped                                    ;
; MAXIMUM_DEPTH                      ; 0                    ; Untyped                                    ;
; CLOCK_ENABLE_INPUT_A               ; BYPASS               ; Untyped                                    ;
; CLOCK_ENABLE_INPUT_B               ; NORMAL               ; Untyped                                    ;
; CLOCK_ENABLE_OUTPUT_A              ; BYPASS               ; Untyped                                    ;
; CLOCK_ENABLE_OUTPUT_B              ; NORMAL               ; Untyped                                    ;
; CLOCK_ENABLE_CORE_A                ; USE_INPUT_CLKEN      ; Untyped                                    ;
; CLOCK_ENABLE_CORE_B                ; USE_INPUT_CLKEN      ; Untyped                                    ;
; ENABLE_ECC                         ; FALSE                ; Untyped                                    ;
; ECC_PIPELINE_STAGE_ENABLED         ; FALSE                ; Untyped                                    ;
; WIDTH_ECCSTATUS                    ; 3                    ; Untyped                                    ;
; DEVICE_FAMILY                      ; Cyclone V            ; Untyped                                    ;
; CBXI_PARAMETER                     ; altsyncram_jsi1      ; Untyped                                    ;
+------------------------------------+----------------------+--------------------------------------------+
Note: In order to hide this table in the UI and the text report file, please set the "Show Parameter Settings in Synthesis Report" option in "Analysis and Synthesis Settings -> More Settings" to "Off".


+------------------------------------------------------------------------------------------------------------+
; Parameter Settings for User Entity Instance: rom_padroes:r_padroes_sprites|altsyncram:altsyncram_component ;
+------------------------------------+----------------------+------------------------------------------------+
; Parameter Name                     ; Value                ; Type                                           ;
+------------------------------------+----------------------+------------------------------------------------+
; BYTE_SIZE_BLOCK                    ; 8                    ; Untyped                                        ;
; AUTO_CARRY_CHAINS                  ; ON                   ; AUTO_CARRY                                     ;
; IGNORE_CARRY_BUFFERS               ; OFF                  ; IGNORE_CARRY                                   ;
; AUTO_CASCADE_CHAINS                ; ON                   ; AUTO_CASCADE                                   ;
; IGNORE_CASCADE_BUFFERS             ; OFF                  ; IGNORE_CASCADE                                 ;
; WIDTH_BYTEENA                      ; 1                    ; Untyped                                        ;
; OPERATION_MODE                     ; BIDIR_DUAL_PORT      ; Untyped                                        ;
; WIDTH_A                            ; 8                    ; Signed Integer                                 ;
; WIDTHAD_A                          ; 14                   ; Signed Integer                                 ;
; NUMWORDS_A                         ; 14336                ; Signed Integer                                 ;
; OUTDATA_REG_A                      ; UNREGISTERED         ; Untyped                                        ;
; ADDRESS_ACLR_A                     ; NONE                 ; Untyped                                        ;
; OUTDATA_ACLR_A                     ; NONE                 ; Untyped                                        ;
; WRCONTROL_ACLR_A                   ; NONE                 ; Untyped                                        ;
; INDATA_ACLR_A                      ; NONE                 ; Untyped                                        ;
; BYTEENA_ACLR_A                     ; NONE                 ; Untyped                                        ;
; WIDTH_B                            ; 8                    ; Signed Integer                                 ;
; WIDTHAD_B                          ; 14                   ; Signed Integer                                 ;
; NUMWORDS_B                         ; 14336                ; Signed Integer                                 ;
; INDATA_REG_B                       ; CLOCK1               ; Untyped                                        ;
; WRCONTROL_WRADDRESS_REG_B          ; CLOCK1               ; Untyped                                        ;
; RDCONTROL_REG_B                    ; CLOCK1               ; Untyped                                        ;
; ADDRESS_REG_B                      ; CLOCK1               ; Untyped                                        ;
; OUTDATA_REG_B                      ; UNREGISTERED         ; Untyped                                        ;
; BYTEENA_REG_B                      ; CLOCK1               ; Untyped                                        ;
; INDATA_ACLR_B                      ; NONE                 ; Untyped                                        ;
; WRCONTROL_ACLR_B                   ; NONE                 ; Untyped                                        ;
; ADDRESS_ACLR_B                     ; NONE                 ; Untyped                                        ;
; OUTDATA_ACLR_B                     ; NONE                 ; Untyped                                        ;
; RDCONTROL_ACLR_B                   ; NONE                 ; Untyped                                        ;
; BYTEENA_ACLR_B                     ; NONE                 ; Untyped                                        ;
; WIDTH_BYTEENA_A                    ; 1                    ; Signed Integer                                 ;
; WIDTH_BYTEENA_B                    ; 1                    ; Signed Integer                                 ;
; RAM_BLOCK_TYPE                     ; M10K                 ; Untyped                                        ;
; BYTE_SIZE                          ; 8                    ; Untyped                                        ;
; READ_DURING_WRITE_MODE_MIXED_PORTS ; DONT_CARE            ; Untyped                                        ;
; READ_DURING_WRITE_MODE_PORT_A      ; NEW_DATA_NO_NBE_READ ; Untyped                                        ;
; READ_DURING_WRITE_MODE_PORT_B      ; NEW_DATA_NO_NBE_READ ; Untyped                                        ;
; INIT_FILE                          ; padroes_sprites.mif  ; Untyped                                        ;
; INIT_FILE_LAYOUT                   ; PORT_A               ; Untyped                                        ;
; MAXIMUM_DEPTH                      ; 0                    ; Untyped                                        ;
; CLOCK_ENABLE_INPUT_A               ; BYPASS               ; Untyped                                        ;
; CLOCK_ENABLE_INPUT_B               ; BYPASS               ; Untyped                                        ;
; CLOCK_ENABLE_OUTPUT_A              ; BYPASS               ; Untyped                                        ;
; CLOCK_ENABLE_OUTPUT_B              ; BYPASS               ; Untyped                                        ;
; CLOCK_ENABLE_CORE_A                ; USE_INPUT_CLKEN      ; Untyped                                        ;
; CLOCK_ENABLE_CORE_B                ; USE_INPUT_CLKEN      ; Untyped                                        ;
; ENABLE_ECC                         ; FALSE                ; Untyped                                        ;
; ECC_PIPELINE_STAGE_ENABLED         ; FALSE                ; Untyped                                        ;
; WIDTH_ECCSTATUS                    ; 3                    ; Untyped                                        ;
; DEVICE_FAMILY                      ; Cyclone V            ; Untyped                                        ;
; CBXI_PARAMETER                     ; altsyncram_v4d2      ; Untyped                                        ;
+------------------------------------+----------------------+------------------------------------------------+
Note: In order to hide this table in the UI and the text report file, please set the "Show Parameter Settings in Synthesis Report" option in "Analysis and Synthesis Settings -> More Settings" to "Off".


+---------------------------------------------------------------------------------------------------------------------------+
; Parameter Settings for User Entity Instance: frame_buffer:f_buffer|ram_framebufferi:ram_a|altsyncram:altsyncram_component ;
+------------------------------------+----------------------+---------------------------------------------------------------+
; Parameter Name                     ; Value                ; Type                                                          ;
+------------------------------------+----------------------+---------------------------------------------------------------+
; BYTE_SIZE_BLOCK                    ; 8                    ; Untyped                                                       ;
; AUTO_CARRY_CHAINS                  ; ON                   ; AUTO_CARRY                                                    ;
; IGNORE_CARRY_BUFFERS               ; OFF                  ; IGNORE_CARRY                                                  ;
; AUTO_CASCADE_CHAINS                ; ON                   ; AUTO_CASCADE                                                  ;
; IGNORE_CASCADE_BUFFERS             ; OFF                  ; IGNORE_CASCADE                                                ;
; WIDTH_BYTEENA                      ; 1                    ; Untyped                                                       ;
; OPERATION_MODE                     ; DUAL_PORT            ; Untyped                                                       ;
; WIDTH_A                            ; 8                    ; Signed Integer                                                ;
; WIDTHAD_A                          ; 17                   ; Signed Integer                                                ;
; NUMWORDS_A                         ; 76800                ; Signed Integer                                                ;
; OUTDATA_REG_A                      ; UNREGISTERED         ; Untyped                                                       ;
; ADDRESS_ACLR_A                     ; NONE                 ; Untyped                                                       ;
; OUTDATA_ACLR_A                     ; NONE                 ; Untyped                                                       ;
; WRCONTROL_ACLR_A                   ; NONE                 ; Untyped                                                       ;
; INDATA_ACLR_A                      ; NONE                 ; Untyped                                                       ;
; BYTEENA_ACLR_A                     ; NONE                 ; Untyped                                                       ;
; WIDTH_B                            ; 8                    ; Signed Integer                                                ;
; WIDTHAD_B                          ; 17                   ; Signed Integer                                                ;
; NUMWORDS_B                         ; 76800                ; Signed Integer                                                ;
; INDATA_REG_B                       ; CLOCK1               ; Untyped                                                       ;
; WRCONTROL_WRADDRESS_REG_B          ; CLOCK1               ; Untyped                                                       ;
; RDCONTROL_REG_B                    ; CLOCK1               ; Untyped                                                       ;
; ADDRESS_REG_B                      ; CLOCK1               ; Untyped                                                       ;
; OUTDATA_REG_B                      ; UNREGISTERED         ; Untyped                                                       ;
; BYTEENA_REG_B                      ; CLOCK1               ; Untyped                                                       ;
; INDATA_ACLR_B                      ; NONE                 ; Untyped                                                       ;
; WRCONTROL_ACLR_B                   ; NONE                 ; Untyped                                                       ;
; ADDRESS_ACLR_B                     ; NONE                 ; Untyped                                                       ;
; OUTDATA_ACLR_B                     ; NONE                 ; Untyped                                                       ;
; RDCONTROL_ACLR_B                   ; NONE                 ; Untyped                                                       ;
; BYTEENA_ACLR_B                     ; NONE                 ; Untyped                                                       ;
; WIDTH_BYTEENA_A                    ; 1                    ; Signed Integer                                                ;
; WIDTH_BYTEENA_B                    ; 1                    ; Untyped                                                       ;
; RAM_BLOCK_TYPE                     ; M10K                 ; Untyped                                                       ;
; BYTE_SIZE                          ; 8                    ; Untyped                                                       ;
; READ_DURING_WRITE_MODE_MIXED_PORTS ; DONT_CARE            ; Untyped                                                       ;
; READ_DURING_WRITE_MODE_PORT_A      ; NEW_DATA_NO_NBE_READ ; Untyped                                                       ;
; READ_DURING_WRITE_MODE_PORT_B      ; NEW_DATA_NO_NBE_READ ; Untyped                                                       ;
; INIT_FILE                          ; UNUSED               ; Untyped                                                       ;
; INIT_FILE_LAYOUT                   ; PORT_A               ; Untyped                                                       ;
; MAXIMUM_DEPTH                      ; 0                    ; Untyped                                                       ;
; CLOCK_ENABLE_INPUT_A               ; BYPASS               ; Untyped                                                       ;
; CLOCK_ENABLE_INPUT_B               ; BYPASS               ; Untyped                                                       ;
; CLOCK_ENABLE_OUTPUT_A              ; NORMAL               ; Untyped                                                       ;
; CLOCK_ENABLE_OUTPUT_B              ; BYPASS               ; Untyped                                                       ;
; CLOCK_ENABLE_CORE_A                ; USE_INPUT_CLKEN      ; Untyped                                                       ;
; CLOCK_ENABLE_CORE_B                ; USE_INPUT_CLKEN      ; Untyped                                                       ;
; ENABLE_ECC                         ; FALSE                ; Untyped                                                       ;
; ECC_PIPELINE_STAGE_ENABLED         ; FALSE                ; Untyped                                                       ;
; WIDTH_ECCSTATUS                    ; 3                    ; Untyped                                                       ;
; DEVICE_FAMILY                      ; Cyclone V            ; Untyped                                                       ;
; CBXI_PARAMETER                     ; altsyncram_7js1      ; Untyped                                                       ;
+------------------------------------+----------------------+---------------------------------------------------------------+
Note: In order to hide this table in the UI and the text report file, please set the "Show Parameter Settings in Synthesis Report" option in "Analysis and Synthesis Settings -> More Settings" to "Off".


+----------------------------------------------------------------------------------------------------------------------------+
; Parameter Settings for User Entity Instance: frame_buffer:f_buffer|ram_framebufferii:ram_b|altsyncram:altsyncram_component ;
+------------------------------------+----------------------+----------------------------------------------------------------+
; Parameter Name                     ; Value                ; Type                                                           ;
+------------------------------------+----------------------+----------------------------------------------------------------+
; BYTE_SIZE_BLOCK                    ; 8                    ; Untyped                                                        ;
; AUTO_CARRY_CHAINS                  ; ON                   ; AUTO_CARRY                                                     ;
; IGNORE_CARRY_BUFFERS               ; OFF                  ; IGNORE_CARRY                                                   ;
; AUTO_CASCADE_CHAINS                ; ON                   ; AUTO_CASCADE                                                   ;
; IGNORE_CASCADE_BUFFERS             ; OFF                  ; IGNORE_CASCADE                                                 ;
; WIDTH_BYTEENA                      ; 1                    ; Untyped                                                        ;
; OPERATION_MODE                     ; DUAL_PORT            ; Untyped                                                        ;
; WIDTH_A                            ; 8                    ; Signed Integer                                                 ;
; WIDTHAD_A                          ; 17                   ; Signed Integer                                                 ;
; NUMWORDS_A                         ; 76800                ; Signed Integer                                                 ;
; OUTDATA_REG_A                      ; UNREGISTERED         ; Untyped                                                        ;
; ADDRESS_ACLR_A                     ; NONE                 ; Untyped                                                        ;
; OUTDATA_ACLR_A                     ; NONE                 ; Untyped                                                        ;
; WRCONTROL_ACLR_A                   ; NONE                 ; Untyped                                                        ;
; INDATA_ACLR_A                      ; NONE                 ; Untyped                                                        ;
; BYTEENA_ACLR_A                     ; NONE                 ; Untyped                                                        ;
; WIDTH_B                            ; 8                    ; Signed Integer                                                 ;
; WIDTHAD_B                          ; 17                   ; Signed Integer                                                 ;
; NUMWORDS_B                         ; 76800                ; Signed Integer                                                 ;
; INDATA_REG_B                       ; CLOCK1               ; Untyped                                                        ;
; WRCONTROL_WRADDRESS_REG_B          ; CLOCK1               ; Untyped                                                        ;
; RDCONTROL_REG_B                    ; CLOCK1               ; Untyped                                                        ;
; ADDRESS_REG_B                      ; CLOCK1               ; Untyped                                                        ;
; OUTDATA_REG_B                      ; UNREGISTERED         ; Untyped                                                        ;
; BYTEENA_REG_B                      ; CLOCK1               ; Untyped                                                        ;
; INDATA_ACLR_B                      ; NONE                 ; Untyped                                                        ;
; WRCONTROL_ACLR_B                   ; NONE                 ; Untyped                                                        ;
; ADDRESS_ACLR_B                     ; NONE                 ; Untyped                                                        ;
; OUTDATA_ACLR_B                     ; NONE                 ; Untyped                                                        ;
; RDCONTROL_ACLR_B                   ; NONE                 ; Untyped                                                        ;
; BYTEENA_ACLR_B                     ; NONE                 ; Untyped                                                        ;
; WIDTH_BYTEENA_A                    ; 1                    ; Signed Integer                                                 ;
; WIDTH_BYTEENA_B                    ; 1                    ; Untyped                                                        ;
; RAM_BLOCK_TYPE                     ; M10K                 ; Untyped                                                        ;
; BYTE_SIZE                          ; 8                    ; Untyped                                                        ;
; READ_DURING_WRITE_MODE_MIXED_PORTS ; DONT_CARE            ; Untyped                                                        ;
; READ_DURING_WRITE_MODE_PORT_A      ; NEW_DATA_NO_NBE_READ ; Untyped                                                        ;
; READ_DURING_WRITE_MODE_PORT_B      ; NEW_DATA_NO_NBE_READ ; Untyped                                                        ;
; INIT_FILE                          ; UNUSED               ; Untyped                                                        ;
; INIT_FILE_LAYOUT                   ; PORT_A               ; Untyped                                                        ;
; MAXIMUM_DEPTH                      ; 0                    ; Untyped                                                        ;
; CLOCK_ENABLE_INPUT_A               ; BYPASS               ; Untyped                                                        ;
; CLOCK_ENABLE_INPUT_B               ; BYPASS               ; Untyped                                                        ;
; CLOCK_ENABLE_OUTPUT_A              ; NORMAL               ; Untyped                                                        ;
; CLOCK_ENABLE_OUTPUT_B              ; BYPASS               ; Untyped                                                        ;
; CLOCK_ENABLE_CORE_A                ; USE_INPUT_CLKEN      ; Untyped                                                        ;
; CLOCK_ENABLE_CORE_B                ; USE_INPUT_CLKEN      ; Untyped                                                        ;
; ENABLE_ECC                         ; FALSE                ; Untyped                                                        ;
; ECC_PIPELINE_STAGE_ENABLED         ; FALSE                ; Untyped                                                        ;
; WIDTH_ECCSTATUS                    ; 3                    ; Untyped                                                        ;
; DEVICE_FAMILY                      ; Cyclone V            ; Untyped                                                        ;
; CBXI_PARAMETER                     ; altsyncram_7js1      ; Untyped                                                        ;
+------------------------------------+----------------------+----------------------------------------------------------------+
Note: In order to hide this table in the UI and the text report file, please set the "Show Parameter Settings in Synthesis Report" option in "Analysis and Synthesis Settings -> More Settings" to "Off".


+------------------------------------------------------------------------------------------------------------------------------------------+
; altsyncram Parameter Settings by Entity Instance                                                                                         ;
+-------------------------------------------+----------------------------------------------------------------------------------------------+
; Name                                      ; Value                                                                                        ;
+-------------------------------------------+----------------------------------------------------------------------------------------------+
; Number of entity instances                ; 5                                                                                            ;
; Entity Instance                           ; motor_background:m_background|ram_tilemap:ip_memoria_cenario|altsyncram:altsyncram_component ;
;     -- OPERATION_MODE                     ; DUAL_PORT                                                                                    ;
;     -- WIDTH_A                            ; 8                                                                                            ;
;     -- NUMWORDS_A                         ; 2400                                                                                         ;
;     -- OUTDATA_REG_A                      ; UNREGISTERED                                                                                 ;
;     -- WIDTH_B                            ; 8                                                                                            ;
;     -- NUMWORDS_B                         ; 2400                                                                                         ;
;     -- ADDRESS_REG_B                      ; CLOCK1                                                                                       ;
;     -- OUTDATA_REG_B                      ; UNREGISTERED                                                                                 ;
;     -- RAM_BLOCK_TYPE                     ; M10K                                                                                         ;
;     -- READ_DURING_WRITE_MODE_MIXED_PORTS ; DONT_CARE                                                                                    ;
; Entity Instance                           ; rom_tiles:r_padroes_tiles|altsyncram:altsyncram_component                                    ;
;     -- OPERATION_MODE                     ; ROM                                                                                          ;
;     -- WIDTH_A                            ; 8                                                                                            ;
;     -- NUMWORDS_A                         ; 2048                                                                                         ;
;     -- OUTDATA_REG_A                      ; UNREGISTERED                                                                                 ;
;     -- WIDTH_B                            ; 1                                                                                            ;
;     -- NUMWORDS_B                         ; 1                                                                                            ;
;     -- ADDRESS_REG_B                      ; CLOCK1                                                                                       ;
;     -- OUTDATA_REG_B                      ; UNREGISTERED                                                                                 ;
;     -- RAM_BLOCK_TYPE                     ; M10K                                                                                         ;
;     -- READ_DURING_WRITE_MODE_MIXED_PORTS ; DONT_CARE                                                                                    ;
; Entity Instance                           ; rom_padroes:r_padroes_sprites|altsyncram:altsyncram_component                                ;
;     -- OPERATION_MODE                     ; BIDIR_DUAL_PORT                                                                              ;
;     -- WIDTH_A                            ; 8                                                                                            ;
;     -- NUMWORDS_A                         ; 14336                                                                                        ;
;     -- OUTDATA_REG_A                      ; UNREGISTERED                                                                                 ;
;     -- WIDTH_B                            ; 8                                                                                            ;
;     -- NUMWORDS_B                         ; 14336                                                                                        ;
;     -- ADDRESS_REG_B                      ; CLOCK1                                                                                       ;
;     -- OUTDATA_REG_B                      ; UNREGISTERED                                                                                 ;
;     -- RAM_BLOCK_TYPE                     ; M10K                                                                                         ;
;     -- READ_DURING_WRITE_MODE_MIXED_PORTS ; DONT_CARE                                                                                    ;
; Entity Instance                           ; frame_buffer:f_buffer|ram_framebufferi:ram_a|altsyncram:altsyncram_component                 ;
;     -- OPERATION_MODE                     ; DUAL_PORT                                                                                    ;
;     -- WIDTH_A                            ; 8                                                                                            ;
;     -- NUMWORDS_A                         ; 76800                                                                                        ;
;     -- OUTDATA_REG_A                      ; UNREGISTERED                                                                                 ;
;     -- WIDTH_B                            ; 8                                                                                            ;
;     -- NUMWORDS_B                         ; 76800                                                                                        ;
;     -- ADDRESS_REG_B                      ; CLOCK1                                                                                       ;
;     -- OUTDATA_REG_B                      ; UNREGISTERED                                                                                 ;
;     -- RAM_BLOCK_TYPE                     ; M10K                                                                                         ;
;     -- READ_DURING_WRITE_MODE_MIXED_PORTS ; DONT_CARE                                                                                    ;
; Entity Instance                           ; frame_buffer:f_buffer|ram_framebufferii:ram_b|altsyncram:altsyncram_component                ;
;     -- OPERATION_MODE                     ; DUAL_PORT                                                                                    ;
;     -- WIDTH_A                            ; 8                                                                                            ;
;     -- NUMWORDS_A                         ; 76800                                                                                        ;
;     -- OUTDATA_REG_A                      ; UNREGISTERED                                                                                 ;
;     -- WIDTH_B                            ; 8                                                                                            ;
;     -- NUMWORDS_B                         ; 76800                                                                                        ;
;     -- ADDRESS_REG_B                      ; CLOCK1                                                                                       ;
;     -- OUTDATA_REG_B                      ; UNREGISTERED                                                                                 ;
;     -- RAM_BLOCK_TYPE                     ; M10K                                                                                         ;
;     -- READ_DURING_WRITE_MODE_MIXED_PORTS ; DONT_CARE                                                                                    ;
+-------------------------------------------+----------------------------------------------------------------------------------------------+


+---------------------------------------------------------------------------------------------------------------------+
; Port Connectivity Checks: "frame_buffer:f_buffer"                                                                   ;
+-----------+--------+----------+-------------------------------------------------------------------------------------+
; Port      ; Type   ; Severity ; Details                                                                             ;
+-----------+--------+----------+-------------------------------------------------------------------------------------+
; wr_en     ; Input  ; Info     ; Stuck at VCC                                                                        ;
; front_sel ; Output ; Info     ; Connected to dangling logic. Logic that only feeds a dangling port will be removed. ;
+-----------+--------+----------+-------------------------------------------------------------------------------------+


+-----------------------------------------------------------+
; Port Connectivity Checks: "rom_padroes:r_padroes_sprites" ;
+---------------+-------+----------+------------------------+
; Port          ; Type  ; Severity ; Details                ;
+---------------+-------+----------+------------------------+
; address_a[13] ; Input ; Info     ; Stuck at GND           ;
; address_b[13] ; Input ; Info     ; Stuck at GND           ;
+---------------+-------+----------+------------------------+


+--------------------------------------------------------------------------------------------------------------------------------------------------------------------------------------+
; Port Connectivity Checks: "motor_background:m_background|ram_tilemap:ip_memoria_cenario"                                                                                             ;
+-----------+-------+----------+-------------------------------------------------------------------------------------------------------------------------------------------------------+
; Port      ; Type  ; Severity ; Details                                                                                                                                               ;
+-----------+-------+----------+-------------------------------------------------------------------------------------------------------------------------------------------------------+
; wraddress ; Input ; Warning  ; Input port expression (11 bits) is smaller than the input port (12 bits) it drives.  Extra input bit(s) "wraddress[11..11]" will be connected to GND. ;
; rdaddress ; Input ; Warning  ; Input port expression (11 bits) is smaller than the input port (12 bits) it drives.  Extra input bit(s) "rdaddress[11..11]" will be connected to GND. ;
+-----------+-------+----------+-------------------------------------------------------------------------------------------------------------------------------------------------------+


+------------------------------------------------------------------------------------------------------------------------------------------------------------------------------------------------+
; Port Connectivity Checks: "motor_background:m_background"                                                                                                                                      ;
+--------------------------+--------+----------+-------------------------------------------------------------------------------------------------------------------------------------------------+
; Port                     ; Type   ; Severity ; Details                                                                                                                                         ;
+--------------------------+--------+----------+-------------------------------------------------------------------------------------------------------------------------------------------------+
; endereco_memoria_padroes ; Output ; Warning  ; Output or bidir port (14 bits) is wider than the port expression (11 bits) it drives; bit(s) "endereco_memoria_padroes[13..11]" have no fanouts ;
+--------------------------+--------+----------+-------------------------------------------------------------------------------------------------------------------------------------------------+


+--------------------------------------------------------------------------------------------------------------------------+
; Port Connectivity Checks: "banco_background:b_background"                                                                ;
+----------------+--------+----------+-------------------------------------------------------------------------------------+
; Port           ; Type   ; Severity ; Details                                                                             ;
+----------------+--------+----------+-------------------------------------------------------------------------------------+
; out_video_ctrl ; Output ; Info     ; Connected to dangling logic. Logic that only feeds a dangling port will be removed. ;
+----------------+--------+----------+-------------------------------------------------------------------------------------+


+---------------------------------------------------------------------------------------------------------------------------------------------------------+
; Port Connectivity Checks: "vga_driver:vga_d"                                                                                                            ;
+-------------+--------+----------+-----------------------------------------------------------------------------------------------------------------------+
; Port        ; Type   ; Severity ; Details                                                                                                               ;
+-------------+--------+----------+-----------------------------------------------------------------------------------------------------------------------+
; y           ; Output ; Warning  ; Output or bidir port (10 bits) is wider than the port expression (9 bits) it drives; bit(s) "y[9..9]" have no fanouts ;
; pixel_x_raw ; Output ; Info     ; Connected to dangling logic. Logic that only feeds a dangling port will be removed.                                   ;
+-------------+--------+----------+-----------------------------------------------------------------------------------------------------------------------+


+-----------------------------------------------------+
; Post-Synthesis Netlist Statistics for Top Partition ;
+-----------------------+-----------------------------+
; Type                  ; Count                       ;
+-----------------------+-----------------------------+
; arriav_ff             ; 1285                        ;
;     CLR SCLR          ; 10                          ;
;     ENA               ; 4                           ;
;     ENA CLR SCLR      ; 10                          ;
;     ENA SCLR          ; 1120                        ;
;     SCLR              ; 93                          ;
;     SCLR SLD          ; 16                          ;
;     SLD               ; 2                           ;
;     plain             ; 30                          ;
; arriav_lcell_comb     ; 4754                        ;
;     arith             ; 1640                        ;
;         0 data inputs ; 150                         ;
;         1 data inputs ; 252                         ;
;         2 data inputs ; 208                         ;
;         3 data inputs ; 18                          ;
;         4 data inputs ; 513                         ;
;         5 data inputs ; 499                         ;
;     extend            ; 45                          ;
;         7 data inputs ; 45                          ;
;     normal            ; 2890                        ;
;         0 data inputs ; 1                           ;
;         1 data inputs ; 2                           ;
;         2 data inputs ; 205                         ;
;         3 data inputs ; 464                         ;
;         4 data inputs ; 538                         ;
;         5 data inputs ; 544                         ;
;         6 data inputs ; 1136                        ;
;     shared            ; 179                         ;
;         0 data inputs ; 1                           ;
;         1 data inputs ; 2                           ;
;         2 data inputs ; 175                         ;
;         3 data inputs ; 1                           ;
; arriav_mac            ; 16                          ;
; boundary_port         ; 54                          ;
; stratixv_ram_block    ; 181                         ;
;                       ;                             ;
; Max LUT depth         ; 15.00                       ;
; Average LUT depth     ; 10.43                       ;
+-----------------------+-----------------------------+


+-------------------------------+
; Elapsed Time Per Partition    ;
+----------------+--------------+
; Partition Name ; Elapsed Time ;
+----------------+--------------+
; Top            ; 00:00:09     ;
+----------------+--------------+


+-------------------------------+
; Analysis & Synthesis Messages ;
+-------------------------------+
Info: *******************************************************************
Info: Running Quartus Prime Analysis & Synthesis
    Info: Version 25.1std.0 Build 1129 10/21/2025 SC Lite Edition
    Info: Processing started: Sat Sep  5 16:13:33 2026
Info: Command: quartus_map --read_settings_files=on --write_settings_files=off COPROCESSADORANW -c COPROCESSADORANW
Warning (18236): Number of processors has not been specified which may cause overloading on shared machines.  Set the global assignment NUM_PARALLEL_PROCESSORS in your QSF to an appropriate value for best performance.
Info (20030): Parallel compilation is enabled and will use 4 of the 4 processors detected
Info (12021): Found 1 design units, including 1 entities, in source file DE1_SOC_golden_top.v
    Info (12023): Found entity 1: DE1_SOC_golden_top File: /home/walef-souza/Downloads/COPROCESSADORANW/DE1_SOC_golden_top.v Line: 7
Info (12021): Found 1 design units, including 1 entities, in source file banco_sprites.v
    Info (12023): Found entity 1: banco_sprites File: /home/walef-souza/Downloads/COPROCESSADORANW/banco_sprites.v Line: 15
Info (12021): Found 1 design units, including 1 entities, in source file motor_sprites.v
    Info (12023): Found entity 1: motor_sprites File: /home/walef-souza/Downloads/COPROCESSADORANW/motor_sprites.v Line: 7
Info (12021): Found 1 design units, including 1 entities, in source file motor_background.v
    Info (12023): Found entity 1: motor_background File: /home/walef-souza/Downloads/COPROCESSADORANW/motor_background.v Line: 1
Info (12021): Found 1 design units, including 1 entities, in source file motor_poligonos.v
    Info (12023): Found entity 1: motor_poligonos File: /home/walef-souza/Downloads/COPROCESSADORANW/motor_poligonos.v Line: 1
Info (12021): Found 1 design units, including 1 entities, in source file vga_driver.v
    Info (12023): Found entity 1: vga_driver File: /home/walef-souza/Downloads/COPROCESSADORANW/vga_driver.v Line: 1
Info (12021): Found 1 design units, including 1 entities, in source file banco_background.v
    Info (12023): Found entity 1: banco_background File: /home/walef-souza/Downloads/COPROCESSADORANW/banco_background.v Line: 1
Info (12021): Found 1 design units, including 1 entities, in source file banco_poligonos.v
    Info (12023): Found entity 1: banco_poligonos File: /home/walef-souza/Downloads/COPROCESSADORANW/banco_poligonos.v Line: 1
Info (12021): Found 1 design units, including 1 entities, in source file compositor.v
    Info (12023): Found entity 1: compositor File: /home/walef-souza/Downloads/COPROCESSADORANW/compositor.v Line: 1
Info (12021): Found 1 design units, including 1 entities, in source file frame_buffer.v
    Info (12023): Found entity 1: frame_buffer File: /home/walef-souza/Downloads/COPROCESSADORANW/frame_buffer.v Line: 1
Info (12021): Found 1 design units, including 1 entities, in source file ram_tilemap.v
    Info (12023): Found entity 1: ram_tilemap File: /home/walef-souza/Downloads/COPROCESSADORANW/ram_tilemap.v Line: 40
Info (12021): Found 1 design units, including 1 entities, in source file ram_framebufferi.v
    Info (12023): Found entity 1: ram_framebufferi File: /home/walef-souza/Downloads/COPROCESSADORANW/ram_framebufferi.v Line: 40
Info (12021): Found 1 design units, including 1 entities, in source file ram_framebufferii.v
    Info (12023): Found entity 1: ram_framebufferii File: /home/walef-souza/Downloads/COPROCESSADORANW/ram_framebufferii.v Line: 40
Warning (10335): Unrecognized synthesis attribute "so" at mef_controle.v(219) File: /home/walef-souza/Downloads/COPROCESSADORANW/mef_controle.v Line: 219
Warning (10335): Unrecognized synthesis attribute "os" at mef_controle.v(219) File: /home/walef-souza/Downloads/COPROCESSADORANW/mef_controle.v Line: 219
Warning (10335): Unrecognized synthesis attribute "campos" at mef_controle.v(219) File: /home/walef-souza/Downloads/COPROCESSADORANW/mef_controle.v Line: 219
Warning (10335): Unrecognized synthesis attribute "de" at mef_controle.v(219) File: /home/walef-souza/Downloads/COPROCESSADORANW/mef_controle.v Line: 219
Warning (10335): Unrecognized synthesis attribute "posi" at mef_controle.v(219) File: /home/walef-souza/Downloads/COPROCESSADORANW/mef_controle.v Line: 219
Info (12021): Found 1 design units, including 1 entities, in source file mef_controle.v
    Info (12023): Found entity 1: mef_controle File: /home/walef-souza/Downloads/COPROCESSADORANW/mef_controle.v Line: 1
Info (12021): Found 1 design units, including 1 entities, in source file rom_tiles.v
    Info (12023): Found entity 1: rom_tiles File: /home/walef-souza/Downloads/COPROCESSADORANW/rom_tiles.v Line: 40
Info (12021): Found 1 design units, including 1 entities, in source file rom_padroes.v
    Info (12023): Found entity 1: rom_padroes File: /home/walef-souza/Downloads/COPROCESSADORANW/rom_padroes.v Line: 40
Info (12127): Elaborating entity "DE1_SOC_golden_top" for the top level hierarchy
Info (12128): Elaborating entity "vga_driver" for hierarchy "vga_driver:vga_d" File: /home/walef-souza/Downloads/COPROCESSADORANW/DE1_SOC_golden_top.v Line: 68
Info (12128): Elaborating entity "mef_controle" for hierarchy "mef_controle:mf_controle" File: /home/walef-souza/Downloads/COPROCESSADORANW/DE1_SOC_golden_top.v Line: 132
Warning (10230): Verilog HDL assignment warning at mef_controle.v(63): truncated value with size 4 to match size of target (3) File: /home/walef-souza/Downloads/COPROCESSADORANW/mef_controle.v Line: 63
Warning (10230): Verilog HDL assignment warning at mef_controle.v(67): truncated value with size 4 to match size of target (3) File: /home/walef-souza/Downloads/COPROCESSADORANW/mef_controle.v Line: 67
Info (12128): Elaborating entity "banco_background" for hierarchy "banco_background:b_background" File: /home/walef-souza/Downloads/COPROCESSADORANW/DE1_SOC_golden_top.v Line: 149
Info (12128): Elaborating entity "banco_sprites" for hierarchy "banco_sprites:b_sprites" File: /home/walef-souza/Downloads/COPROCESSADORANW/DE1_SOC_golden_top.v Line: 164
Info (12128): Elaborating entity "banco_poligonos" for hierarchy "banco_poligonos:b_poligonos" File: /home/walef-souza/Downloads/COPROCESSADORANW/DE1_SOC_golden_top.v Line: 178
Info (12128): Elaborating entity "motor_background" for hierarchy "motor_background:m_background" File: /home/walef-souza/Downloads/COPROCESSADORANW/DE1_SOC_golden_top.v Line: 194
Warning (10230): Verilog HDL assignment warning at motor_background.v(27): truncated value with size 7 to match size of target (6) File: /home/walef-souza/Downloads/COPROCESSADORANW/motor_background.v Line: 27
Warning (10230): Verilog HDL assignment warning at motor_background.v(30): truncated value with size 6 to match size of target (5) File: /home/walef-souza/Downloads/COPROCESSADORANW/motor_background.v Line: 30
Info (12128): Elaborating entity "ram_tilemap" for hierarchy "motor_background:m_background|ram_tilemap:ip_memoria_cenario" File: /home/walef-souza/Downloads/COPROCESSADORANW/motor_background.v Line: 51
Info (12128): Elaborating entity "altsyncram" for hierarchy "motor_background:m_background|ram_tilemap:ip_memoria_cenario|altsyncram:altsyncram_component" File: /home/walef-souza/Downloads/COPROCESSADORANW/ram_tilemap.v Line: 91
Info (12130): Elaborated megafunction instantiation "motor_background:m_background|ram_tilemap:ip_memoria_cenario|altsyncram:altsyncram_component" File: /home/walef-souza/Downloads/COPROCESSADORANW/ram_tilemap.v Line: 91
Info (12133): Instantiated megafunction "motor_background:m_background|ram_tilemap:ip_memoria_cenario|altsyncram:altsyncram_component" with the following parameter: File: /home/walef-souza/Downloads/COPROCESSADORANW/ram_tilemap.v Line: 91
    Info (12134): Parameter "address_aclr_b" = "NONE"
    Info (12134): Parameter "address_reg_b" = "CLOCK1"
    Info (12134): Parameter "clock_enable_input_a" = "BYPASS"
    Info (12134): Parameter "clock_enable_input_b" = "BYPASS"
    Info (12134): Parameter "clock_enable_output_b" = "BYPASS"
    Info (12134): Parameter "init_file" = "cenario.mif"
    Info (12134): Parameter "intended_device_family" = "Cyclone V"
    Info (12134): Parameter "lpm_type" = "altsyncram"
    Info (12134): Parameter "numwords_a" = "2400"
    Info (12134): Parameter "numwords_b" = "2400"
    Info (12134): Parameter "operation_mode" = "DUAL_PORT"
    Info (12134): Parameter "outdata_aclr_b" = "NONE"
    Info (12134): Parameter "outdata_reg_b" = "UNREGISTERED"
    Info (12134): Parameter "power_up_uninitialized" = "FALSE"
    Info (12134): Parameter "ram_block_type" = "M10K"
    Info (12134): Parameter "widthad_a" = "12"
    Info (12134): Parameter "widthad_b" = "12"
    Info (12134): Parameter "width_a" = "8"
    Info (12134): Parameter "width_b" = "8"
    Info (12134): Parameter "width_byteena_a" = "1"
Info (12021): Found 1 design units, including 1 entities, in source file db/altsyncram_uju1.tdf
    Info (12023): Found entity 1: altsyncram_uju1 File: /home/walef-souza/Downloads/COPROCESSADORANW/db/altsyncram_uju1.tdf Line: 28
Info (12128): Elaborating entity "altsyncram_uju1" for hierarchy "motor_background:m_background|ram_tilemap:ip_memoria_cenario|altsyncram:altsyncram_component|altsyncram_uju1:auto_generated" File: /home/walef-souza/altera_lite/25.1std/quartus/libraries/megafunctions/altsyncram.tdf Line: 792
Info (12128): Elaborating entity "motor_sprites" for hierarchy "motor_sprites:m_sprites" File: /home/walef-souza/Downloads/COPROCESSADORANW/DE1_SOC_golden_top.v Line: 214
Warning (10230): Verilog HDL assignment warning at motor_sprites.v(77): truncated value with size 10 to match size of target (4) File: /home/walef-souza/Downloads/COPROCESSADORANW/motor_sprites.v Line: 77
Warning (10230): Verilog HDL assignment warning at motor_sprites.v(78): truncated value with size 9 to match size of target (4) File: /home/walef-souza/Downloads/COPROCESSADORANW/motor_sprites.v Line: 78
Info (12128): Elaborating entity "motor_poligonos" for hierarchy "motor_poligonos:m_poligonos" File: /home/walef-souza/Downloads/COPROCESSADORANW/DE1_SOC_golden_top.v Line: 227
Warning (10230): Verilog HDL assignment warning at motor_poligonos.v(80): truncated value with size 32 to match size of target (12) File: /home/walef-souza/Downloads/COPROCESSADORANW/motor_poligonos.v Line: 80
Warning (10230): Verilog HDL assignment warning at motor_poligonos.v(81): truncated value with size 32 to match size of target (12) File: /home/walef-souza/Downloads/COPROCESSADORANW/motor_poligonos.v Line: 81
Info (12128): Elaborating entity "rom_tiles" for hierarchy "rom_tiles:r_padroes_tiles" File: /home/walef-souza/Downloads/COPROCESSADORANW/DE1_SOC_golden_top.v Line: 237
Info (12128): Elaborating entity "altsyncram" for hierarchy "rom_tiles:r_padroes_tiles|altsyncram:altsyncram_component" File: /home/walef-souza/Downloads/COPROCESSADORANW/rom_tiles.v Line: 82
Info (12130): Elaborated megafunction instantiation "rom_tiles:r_padroes_tiles|altsyncram:altsyncram_component" File: /home/walef-souza/Downloads/COPROCESSADORANW/rom_tiles.v Line: 82
Info (12133): Instantiated megafunction "rom_tiles:r_padroes_tiles|altsyncram:altsyncram_component" with the following parameter: File: /home/walef-souza/Downloads/COPROCESSADORANW/rom_tiles.v Line: 82
    Info (12134): Parameter "address_aclr_a" = "NONE"
    Info (12134): Parameter "clock_enable_input_a" = "BYPASS"
    Info (12134): Parameter "clock_enable_output_a" = "BYPASS"
    Info (12134): Parameter "init_file" = "padroes_tiles.mif"
    Info (12134): Parameter "intended_device_family" = "Cyclone V"
    Info (12134): Parameter "lpm_hint" = "ENABLE_RUNTIME_MOD=NO"
    Info (12134): Parameter "lpm_type" = "altsyncram"
    Info (12134): Parameter "numwords_a" = "2048"
    Info (12134): Parameter "operation_mode" = "ROM"
    Info (12134): Parameter "outdata_aclr_a" = "NONE"
    Info (12134): Parameter "outdata_reg_a" = "UNREGISTERED"
    Info (12134): Parameter "ram_block_type" = "M10K"
    Info (12134): Parameter "widthad_a" = "11"
    Info (12134): Parameter "width_a" = "8"
    Info (12134): Parameter "width_byteena_a" = "1"
Info (12021): Found 1 design units, including 1 entities, in source file db/altsyncram_jsi1.tdf
    Info (12023): Found entity 1: altsyncram_jsi1 File: /home/walef-souza/Downloads/COPROCESSADORANW/db/altsyncram_jsi1.tdf Line: 28
Info (12128): Elaborating entity "altsyncram_jsi1" for hierarchy "rom_tiles:r_padroes_tiles|altsyncram:altsyncram_component|altsyncram_jsi1:auto_generated" File: /home/walef-souza/altera_lite/25.1std/quartus/libraries/megafunctions/altsyncram.tdf Line: 792
Info (12128): Elaborating entity "rom_padroes" for hierarchy "rom_padroes:r_padroes_sprites" File: /home/walef-souza/Downloads/COPROCESSADORANW/DE1_SOC_golden_top.v Line: 246
Info (12128): Elaborating entity "altsyncram" for hierarchy "rom_padroes:r_padroes_sprites|altsyncram:altsyncram_component" File: /home/walef-souza/Downloads/COPROCESSADORANW/rom_padroes.v Line: 96
Info (12130): Elaborated megafunction instantiation "rom_padroes:r_padroes_sprites|altsyncram:altsyncram_component" File: /home/walef-souza/Downloads/COPROCESSADORANW/rom_padroes.v Line: 96
Info (12133): Instantiated megafunction "rom_padroes:r_padroes_sprites|altsyncram:altsyncram_component" with the following parameter: File: /home/walef-souza/Downloads/COPROCESSADORANW/rom_padroes.v Line: 96
    Info (12134): Parameter "address_reg_b" = "CLOCK1"
    Info (12134): Parameter "clock_enable_input_a" = "BYPASS"
    Info (12134): Parameter "clock_enable_input_b" = "BYPASS"
    Info (12134): Parameter "clock_enable_output_a" = "BYPASS"
    Info (12134): Parameter "clock_enable_output_b" = "BYPASS"
    Info (12134): Parameter "indata_reg_b" = "CLOCK1"
    Info (12134): Parameter "init_file" = "padroes_sprites.mif"
    Info (12134): Parameter "intended_device_family" = "Cyclone V"
    Info (12134): Parameter "lpm_type" = "altsyncram"
    Info (12134): Parameter "numwords_a" = "14336"
    Info (12134): Parameter "numwords_b" = "14336"
    Info (12134): Parameter "operation_mode" = "BIDIR_DUAL_PORT"
    Info (12134): Parameter "outdata_aclr_a" = "NONE"
    Info (12134): Parameter "outdata_aclr_b" = "NONE"
    Info (12134): Parameter "outdata_reg_a" = "UNREGISTERED"
    Info (12134): Parameter "outdata_reg_b" = "UNREGISTERED"
    Info (12134): Parameter "power_up_uninitialized" = "FALSE"
    Info (12134): Parameter "ram_block_type" = "M10K"
    Info (12134): Parameter "widthad_a" = "14"
    Info (12134): Parameter "widthad_b" = "14"
    Info (12134): Parameter "width_a" = "8"
    Info (12134): Parameter "width_b" = "8"
    Info (12134): Parameter "width_byteena_a" = "1"
    Info (12134): Parameter "width_byteena_b" = "1"
    Info (12134): Parameter "wrcontrol_wraddress_reg_b" = "CLOCK1"
Info (12021): Found 1 design units, including 1 entities, in source file db/altsyncram_v4d2.tdf
    Info (12023): Found entity 1: altsyncram_v4d2 File: /home/walef-souza/Downloads/COPROCESSADORANW/db/altsyncram_v4d2.tdf Line: 34
Info (12128): Elaborating entity "altsyncram_v4d2" for hierarchy "rom_padroes:r_padroes_sprites|altsyncram:altsyncram_component|altsyncram_v4d2:auto_generated" File: /home/walef-souza/altera_lite/25.1std/quartus/libraries/megafunctions/altsyncram.tdf Line: 792
Info (12021): Found 1 design units, including 1 entities, in source file db/decode_5la.tdf
    Info (12023): Found entity 1: decode_5la File: /home/walef-souza/Downloads/COPROCESSADORANW/db/decode_5la.tdf Line: 23
Info (12128): Elaborating entity "decode_5la" for hierarchy "rom_padroes:r_padroes_sprites|altsyncram:altsyncram_component|altsyncram_v4d2:auto_generated|decode_5la:decode2" File: /home/walef-souza/Downloads/COPROCESSADORANW/db/altsyncram_v4d2.tdf Line: 48
Info (12021): Found 1 design units, including 1 entities, in source file db/decode_u0a.tdf
    Info (12023): Found entity 1: decode_u0a File: /home/walef-souza/Downloads/COPROCESSADORANW/db/decode_u0a.tdf Line: 23
Info (12128): Elaborating entity "decode_u0a" for hierarchy "rom_padroes:r_padroes_sprites|altsyncram:altsyncram_component|altsyncram_v4d2:auto_generated|decode_u0a:rden_decode_a" File: /home/walef-souza/Downloads/COPROCESSADORANW/db/altsyncram_v4d2.tdf Line: 50
Info (12021): Found 1 design units, including 1 entities, in source file db/mux_lfb.tdf
    Info (12023): Found entity 1: mux_lfb File: /home/walef-souza/Downloads/COPROCESSADORANW/db/mux_lfb.tdf Line: 23
Info (12128): Elaborating entity "mux_lfb" for hierarchy "rom_padroes:r_padroes_sprites|altsyncram:altsyncram_component|altsyncram_v4d2:auto_generated|mux_lfb:mux4" File: /home/walef-souza/Downloads/COPROCESSADORANW/db/altsyncram_v4d2.tdf Line: 52
Info (12128): Elaborating entity "compositor" for hierarchy "compositor:u_compositor" File: /home/walef-souza/Downloads/COPROCESSADORANW/DE1_SOC_golden_top.v Line: 273
Info (12128): Elaborating entity "frame_buffer" for hierarchy "frame_buffer:f_buffer" File: /home/walef-souza/Downloads/COPROCESSADORANW/DE1_SOC_golden_top.v Line: 318
Info (12128): Elaborating entity "ram_framebufferi" for hierarchy "frame_buffer:f_buffer|ram_framebufferi:ram_a" File: /home/walef-souza/Downloads/COPROCESSADORANW/frame_buffer.v Line: 57
Info (12128): Elaborating entity "altsyncram" for hierarchy "frame_buffer:f_buffer|ram_framebufferi:ram_a|altsyncram:altsyncram_component" File: /home/walef-souza/Downloads/COPROCESSADORANW/ram_framebufferi.v Line: 91
Info (12130): Elaborated megafunction instantiation "frame_buffer:f_buffer|ram_framebufferi:ram_a|altsyncram:altsyncram_component" File: /home/walef-souza/Downloads/COPROCESSADORANW/ram_framebufferi.v Line: 91
Info (12133): Instantiated megafunction "frame_buffer:f_buffer|ram_framebufferi:ram_a|altsyncram:altsyncram_component" with the following parameter: File: /home/walef-souza/Downloads/COPROCESSADORANW/ram_framebufferi.v Line: 91
    Info (12134): Parameter "address_aclr_b" = "NONE"
    Info (12134): Parameter "address_reg_b" = "CLOCK1"
    Info (12134): Parameter "clock_enable_input_a" = "BYPASS"
    Info (12134): Parameter "clock_enable_input_b" = "BYPASS"
    Info (12134): Parameter "clock_enable_output_b" = "BYPASS"
    Info (12134): Parameter "intended_device_family" = "Cyclone V"
    Info (12134): Parameter "lpm_type" = "altsyncram"
    Info (12134): Parameter "numwords_a" = "76800"
    Info (12134): Parameter "numwords_b" = "76800"
    Info (12134): Parameter "operation_mode" = "DUAL_PORT"
    Info (12134): Parameter "outdata_aclr_b" = "NONE"
    Info (12134): Parameter "outdata_reg_b" = "UNREGISTERED"
    Info (12134): Parameter "power_up_uninitialized" = "FALSE"
    Info (12134): Parameter "ram_block_type" = "M10K"
    Info (12134): Parameter "widthad_a" = "17"
    Info (12134): Parameter "widthad_b" = "17"
    Info (12134): Parameter "width_a" = "8"
    Info (12134): Parameter "width_b" = "8"
    Info (12134): Parameter "width_byteena_a" = "1"
Info (12021): Found 1 design units, including 1 entities, in source file db/altsyncram_7js1.tdf
    Info (12023): Found entity 1: altsyncram_7js1 File: /home/walef-souza/Downloads/COPROCESSADORANW/db/altsyncram_7js1.tdf Line: 34
Info (12128): Elaborating entity "altsyncram_7js1" for hierarchy "frame_buffer:f_buffer|ram_framebufferi:ram_a|altsyncram:altsyncram_component|altsyncram_7js1:auto_generated" File: /home/walef-souza/altera_lite/25.1std/quartus/libraries/megafunctions/altsyncram.tdf Line: 792
Info (12021): Found 1 design units, including 1 entities, in source file db/decode_nma.tdf
    Info (12023): Found entity 1: decode_nma File: /home/walef-souza/Downloads/COPROCESSADORANW/db/decode_nma.tdf Line: 23
Info (12128): Elaborating entity "decode_nma" for hierarchy "frame_buffer:f_buffer|ram_framebufferi:ram_a|altsyncram:altsyncram_component|altsyncram_7js1:auto_generated|decode_nma:decode2" File: /home/walef-souza/Downloads/COPROCESSADORANW/db/altsyncram_7js1.tdf Line: 46
Info (12021): Found 1 design units, including 1 entities, in source file db/decode_g2a.tdf
    Info (12023): Found entity 1: decode_g2a File: /home/walef-souza/Downloads/COPROCESSADORANW/db/decode_g2a.tdf Line: 23
Info (12128): Elaborating entity "decode_g2a" for hierarchy "frame_buffer:f_buffer|ram_framebufferi:ram_a|altsyncram:altsyncram_component|altsyncram_7js1:auto_generated|decode_g2a:rden_decode_b" File: /home/walef-souza/Downloads/COPROCESSADORANW/db/altsyncram_7js1.tdf Line: 47
Info (12021): Found 1 design units, including 1 entities, in source file db/mux_7hb.tdf
    Info (12023): Found entity 1: mux_7hb File: /home/walef-souza/Downloads/COPROCESSADORANW/db/mux_7hb.tdf Line: 23
Info (12128): Elaborating entity "mux_7hb" for hierarchy "frame_buffer:f_buffer|ram_framebufferi:ram_a|altsyncram:altsyncram_component|altsyncram_7js1:auto_generated|mux_7hb:mux3" File: /home/walef-souza/Downloads/COPROCESSADORANW/db/altsyncram_7js1.tdf Line: 49
Info (12128): Elaborating entity "ram_framebufferii" for hierarchy "frame_buffer:f_buffer|ram_framebufferii:ram_b" File: /home/walef-souza/Downloads/COPROCESSADORANW/frame_buffer.v Line: 68
Warning (14284): Synthesized away the following node(s):
    Warning (14285): Synthesized away the following RAM node(s):
        Warning (14320): Synthesized away node "rom_padroes:r_padroes_sprites|altsyncram:altsyncram_component|altsyncram_v4d2:auto_generated|ram_block1a8" File: /home/walef-souza/Downloads/COPROCESSADORANW/db/altsyncram_v4d2.tdf Line: 350
        Warning (14320): Synthesized away node "rom_padroes:r_padroes_sprites|altsyncram:altsyncram_component|altsyncram_v4d2:auto_generated|ram_block1a9" File: /home/walef-souza/Downloads/COPROCESSADORANW/db/altsyncram_v4d2.tdf Line: 387
        Warning (14320): Synthesized away node "rom_padroes:r_padroes_sprites|altsyncram:altsyncram_component|altsyncram_v4d2:auto_generated|ram_block1a10" File: /home/walef-souza/Downloads/COPROCESSADORANW/db/altsyncram_v4d2.tdf Line: 424
        Warning (14320): Synthesized away node "rom_padroes:r_padroes_sprites|altsyncram:altsyncram_component|altsyncram_v4d2:auto_generated|ram_block1a11" File: /home/walef-souza/Downloads/COPROCESSADORANW/db/altsyncram_v4d2.tdf Line: 461
        Warning (14320): Synthesized away node "rom_padroes:r_padroes_sprites|altsyncram:altsyncram_component|altsyncram_v4d2:auto_generated|ram_block1a12" File: /home/walef-souza/Downloads/COPROCESSADORANW/db/altsyncram_v4d2.tdf Line: 498
        Warning (14320): Synthesized away node "rom_padroes:r_padroes_sprites|altsyncram:altsyncram_component|altsyncram_v4d2:auto_generated|ram_block1a13" File: /home/walef-souza/Downloads/COPROCESSADORANW/db/altsyncram_v4d2.tdf Line: 535
        Warning (14320): Synthesized away node "rom_padroes:r_padroes_sprites|altsyncram:altsyncram_component|altsyncram_v4d2:auto_generated|ram_block1a14" File: /home/walef-souza/Downloads/COPROCESSADORANW/db/altsyncram_v4d2.tdf Line: 572
        Warning (14320): Synthesized away node "rom_padroes:r_padroes_sprites|altsyncram:altsyncram_component|altsyncram_v4d2:auto_generated|ram_block1a15" File: /home/walef-souza/Downloads/COPROCESSADORANW/db/altsyncram_v4d2.tdf Line: 609
        Warning (14320): Synthesized away node "motor_background:m_background|ram_tilemap:ip_memoria_cenario|altsyncram:altsyncram_component|altsyncram_uju1:auto_generated|q_b[5]" File: /home/walef-souza/Downloads/COPROCESSADORANW/db/altsyncram_uju1.tdf Line: 204
        Warning (14320): Synthesized away node "motor_background:m_background|ram_tilemap:ip_memoria_cenario|altsyncram:altsyncram_component|altsyncram_uju1:auto_generated|q_b[6]" File: /home/walef-souza/Downloads/COPROCESSADORANW/db/altsyncram_uju1.tdf Line: 237
        Warning (14320): Synthesized away node "motor_background:m_background|ram_tilemap:ip_memoria_cenario|altsyncram:altsyncram_component|altsyncram_uju1:auto_generated|q_b[7]" File: /home/walef-souza/Downloads/COPROCESSADORANW/db/altsyncram_uju1.tdf Line: 270
Warning (12241): 3 hierarchies have connectivity warnings - see the Connectivity Checks report folder
Warning (13024): Output pins are stuck at VCC or GND
    Warning (13410): Pin "LEDR[5]" is stuck at GND File: /home/walef-souza/Downloads/COPROCESSADORANW/DE1_SOC_golden_top.v Line: 22
    Warning (13410): Pin "LEDR[6]" is stuck at GND File: /home/walef-souza/Downloads/COPROCESSADORANW/DE1_SOC_golden_top.v Line: 22
    Warning (13410): Pin "LEDR[7]" is stuck at GND File: /home/walef-souza/Downloads/COPROCESSADORANW/DE1_SOC_golden_top.v Line: 22
    Warning (13410): Pin "LEDR[8]" is stuck at GND File: /home/walef-souza/Downloads/COPROCESSADORANW/DE1_SOC_golden_top.v Line: 22
    Warning (13410): Pin "LEDR[9]" is stuck at GND File: /home/walef-souza/Downloads/COPROCESSADORANW/DE1_SOC_golden_top.v Line: 22
    Warning (13410): Pin "VGA_B[0]" is stuck at GND File: /home/walef-souza/Downloads/COPROCESSADORANW/DE1_SOC_golden_top.v Line: 26
    Warning (13410): Pin "VGA_B[1]" is stuck at GND File: /home/walef-souza/Downloads/COPROCESSADORANW/DE1_SOC_golden_top.v Line: 26
    Warning (13410): Pin "VGA_B[2]" is stuck at GND File: /home/walef-souza/Downloads/COPROCESSADORANW/DE1_SOC_golden_top.v Line: 26
    Warning (13410): Pin "VGA_B[3]" is stuck at GND File: /home/walef-souza/Downloads/COPROCESSADORANW/DE1_SOC_golden_top.v Line: 26
    Warning (13410): Pin "VGA_B[4]" is stuck at GND File: /home/walef-souza/Downloads/COPROCESSADORANW/DE1_SOC_golden_top.v Line: 26
    Warning (13410): Pin "VGA_B[5]" is stuck at GND File: /home/walef-souza/Downloads/COPROCESSADORANW/DE1_SOC_golden_top.v Line: 26
    Warning (13410): Pin "VGA_G[0]" is stuck at GND File: /home/walef-souza/Downloads/COPROCESSADORANW/DE1_SOC_golden_top.v Line: 29
    Warning (13410): Pin "VGA_G[1]" is stuck at GND File: /home/walef-souza/Downloads/COPROCESSADORANW/DE1_SOC_golden_top.v Line: 29
    Warning (13410): Pin "VGA_G[2]" is stuck at GND File: /home/walef-souza/Downloads/COPROCESSADORANW/DE1_SOC_golden_top.v Line: 29
    Warning (13410): Pin "VGA_G[3]" is stuck at GND File: /home/walef-souza/Downloads/COPROCESSADORANW/DE1_SOC_golden_top.v Line: 29
    Warning (13410): Pin "VGA_G[4]" is stuck at GND File: /home/walef-souza/Downloads/COPROCESSADORANW/DE1_SOC_golden_top.v Line: 29
    Warning (13410): Pin "VGA_R[0]" is stuck at GND File: /home/walef-souza/Downloads/COPROCESSADORANW/DE1_SOC_golden_top.v Line: 31
    Warning (13410): Pin "VGA_R[1]" is stuck at GND File: /home/walef-souza/Downloads/COPROCESSADORANW/DE1_SOC_golden_top.v Line: 31
    Warning (13410): Pin "VGA_R[2]" is stuck at GND File: /home/walef-souza/Downloads/COPROCESSADORANW/DE1_SOC_golden_top.v Line: 31
    Warning (13410): Pin "VGA_R[3]" is stuck at GND File: /home/walef-souza/Downloads/COPROCESSADORANW/DE1_SOC_golden_top.v Line: 31
    Warning (13410): Pin "VGA_R[4]" is stuck at GND File: /home/walef-souza/Downloads/COPROCESSADORANW/DE1_SOC_golden_top.v Line: 31
    Warning (13410): Pin "VGA_SYNC_N" is stuck at GND File: /home/walef-souza/Downloads/COPROCESSADORANW/DE1_SOC_golden_top.v Line: 32
Info (286030): Timing-Driven Synthesis is running
Info (17036): Removed 1 MSB VCC or GND address nodes from RAM block "motor_background:m_background|ram_tilemap:ip_memoria_cenario|altsyncram:altsyncram_component|altsyncram_uju1:auto_generated|ALTSYNCRAM" File: /home/walef-souza/Downloads/COPROCESSADORANW/db/altsyncram_uju1.tdf Line: 35
Info (16010): Generating hard_block partition "hard_block:auto_generated_inst"
    Info (16011): Adding 0 node(s), including 0 DDIO, 0 PLL, 0 transceiver and 0 LCELL
Info (21057): Implemented 6214 device resources after synthesis - the final resource count might be different
    Info (21058): Implemented 15 input pins
    Info (21059): Implemented 39 output pins
    Info (21061): Implemented 5963 logic cells
    Info (21064): Implemented 181 RAM segments
    Info (21062): Implemented 16 DSP elements
Info: Quartus Prime Analysis & Synthesis was successful. 0 errors, 51 warnings
    Info: Peak virtual memory: 548 megabytes
    Info: Processing ended: Sat Sep  5 16:13:49 2026
    Info: Elapsed time: 00:00:16
    Info: Total CPU time (on all processors): 00:00:24


