Fitter report for COPROCESSADORANW
Sat Sep  5 16:15:14 2026
Quartus Prime Version 25.1std.0 Build 1129 10/21/2025 SC Lite Edition


---------------------
; Table of Contents ;
---------------------
  1. Legal Notice
  2. Fitter Summary
  3. Fitter Settings
  4. Parallel Compilation
  5. Fitter Netlist Optimizations
  6. Ignored Assignments
  7. Incremental Compilation Preservation Summary
  8. Incremental Compilation Partition Settings
  9. Incremental Compilation Placement Preservation
 10. Pin-Out File
 11. Fitter Resource Usage Summary
 12. Fitter Partition Statistics
 13. Input Pins
 14. Output Pins
 15. I/O Bank Usage
 16. All Package Pins
 17. I/O Assignment Warnings
 18. Fitter Resource Utilization by Entity
 19. Delay Chain Summary
 20. Pad To Core Delay Chain Fanout
 21. Control Signals
 22. Non-Global High Fan-Out Signals
 23. Fitter RAM Summary
 24. Fitter DSP Block Usage Summary
 25. DSP Block Details
 26. Routing Usage Summary
 27. I/O Rules Summary
 28. I/O Rules Details
 29. I/O Rules Matrix
 30. Fitter Device Options
 31. Operating Settings and Conditions
 32. Estimated Delay Added for Hold Timing Summary
 33. Estimated Delay Added for Hold Timing Details
 34. Fitter Messages
 35. Fitter Suppressed Messages



----------------
; Legal Notice ;
----------------
Copyright (C) 2025  Altera Corporation. All rights reserved.
Your use of Altera Corporation's design tools, logic functions 
and other software and tools, and any partner logic 
functions, and any output files from any of the foregoing 
(including device programming or simulation files), and any 
associated documentation or information are expressly subject 
to the terms and conditions of the Altera Program License 
Subscription Agreement, the Altera Quartus Prime License Agreement,
the Altera IP License Agreement, or other applicable license
agreement, including, without limitation, that your use is for
the sole purpose of programming logic devices manufactured by
Altera and sold by Altera or its authorized distributors.  Please
refer to the Altera Software License Subscription Agreements 
on the Quartus Prime software download page.



+-----------------------------------------------------------------------------------+
; Fitter Summary                                                                    ;
+---------------------------------+-------------------------------------------------+
; Fitter Status                   ; Successful - Sat Sep  5 16:15:14 2026           ;
; Quartus Prime Version           ; 25.1std.0 Build 1129 10/21/2025 SC Lite Edition ;
; Revision Name                   ; COPROCESSADORANW                                ;
; Top-level Entity Name           ; DE1_SOC_golden_top                              ;
; Family                          ; Cyclone V                                       ;
; Device                          ; 5CSEMA5F31C6                                    ;
; Timing Models                   ; Final                                           ;
; Logic utilization (in ALMs)     ; 3,083 / 32,070 ( 10 % )                         ;
; Total registers                 ; 1297                                            ;
; Total pins                      ; 54 / 457 ( 12 % )                               ;
; Total virtual pins              ; 0                                               ;
; Total block memory bits         ; 1,320,960 / 4,065,280 ( 32 % )                  ;
; Total RAM Blocks                ; 163 / 397 ( 41 % )                              ;
; Total DSP Blocks                ; 16 / 87 ( 18 % )                                ;
; Total HSSI RX PCSs              ; 0                                               ;
; Total HSSI PMA RX Deserializers ; 0                                               ;
; Total HSSI TX PCSs              ; 0                                               ;
; Total HSSI PMA TX Serializers   ; 0                                               ;
; Total PLLs                      ; 0 / 6 ( 0 % )                                   ;
; Total DLLs                      ; 0 / 4 ( 0 % )                                   ;
+---------------------------------+-------------------------------------------------+


+----------------------------------------------------------------------------------------------------------------------------------------------------+
; Fitter Settings                                                                                                                                    ;
+--------------------------------------------------------------------+---------------------------------------+---------------------------------------+
; Option                                                             ; Setting                               ; Default Value                         ;
+--------------------------------------------------------------------+---------------------------------------+---------------------------------------+
; Device                                                             ; 5CSEMA5F31C6                          ;                                       ;
; Minimum Core Junction Temperature                                  ; 0                                     ;                                       ;
; Maximum Core Junction Temperature                                  ; 85                                    ;                                       ;
; Device I/O Standard                                                ; 2.5 V                                 ;                                       ;
; Use smart compilation                                              ; Off                                   ; Off                                   ;
; Enable parallel Assembler and Timing Analyzer during compilation   ; On                                    ; On                                    ;
; Enable compact report table                                        ; Off                                   ; Off                                   ;
; Router Timing Optimization Level                                   ; Normal                                ; Normal                                ;
; Perform Clocking Topology Analysis During Routing                  ; Off                                   ; Off                                   ;
; Placement Effort Multiplier                                        ; 1.0                                   ; 1.0                                   ;
; Device initialization clock source                                 ; INIT_INTOSC                           ; INIT_INTOSC                           ;
; Optimize Hold Timing                                               ; All Paths                             ; All Paths                             ;
; Optimize Multi-Corner Timing                                       ; On                                    ; On                                    ;
; Auto RAM to MLAB Conversion                                        ; On                                    ; On                                    ;
; Equivalent RAM and MLAB Power Up                                   ; Auto                                  ; Auto                                  ;
; Equivalent RAM and MLAB Paused Read Capabilities                   ; Care                                  ; Care                                  ;
; Power Optimization During Fitting                                  ; Normal compilation                    ; Normal compilation                    ;
; SSN Optimization                                                   ; Off                                   ; Off                                   ;
; Optimize Timing                                                    ; Normal compilation                    ; Normal compilation                    ;
; Optimize Timing for ECOs                                           ; Off                                   ; Off                                   ;
; Regenerate Full Fit Report During ECO Compiles                     ; Off                                   ; Off                                   ;
; Optimize IOC Register Placement for Timing                         ; Normal                                ; Normal                                ;
; Final Placement Optimizations                                      ; Automatically                         ; Automatically                         ;
; Fitter Aggressive Routability Optimizations                        ; Automatically                         ; Automatically                         ;
; Fitter Initial Placement Seed                                      ; 1                                     ; 1                                     ;
; Periphery to Core Placement and Routing Optimization               ; Off                                   ; Off                                   ;
; Weak Pull-Up Resistor                                              ; Off                                   ; Off                                   ;
; Enable Bus-Hold Circuitry                                          ; Off                                   ; Off                                   ;
; Auto Packed Registers                                              ; Auto                                  ; Auto                                  ;
; Auto Delay Chains                                                  ; On                                    ; On                                    ;
; Auto Delay Chains for High Fanout Input Pins                       ; Off                                   ; Off                                   ;
; Treat Bidirectional Pin as Output Pin                              ; Off                                   ; Off                                   ;
; Perform Physical Synthesis for Combinational Logic for Fitting     ; Off                                   ; Off                                   ;
; Perform Physical Synthesis for Combinational Logic for Performance ; Off                                   ; Off                                   ;
; Perform Register Duplication for Performance                       ; Off                                   ; Off                                   ;
; Perform Register Retiming for Performance                          ; Off                                   ; Off                                   ;
; Perform Asynchronous Signal Pipelining                             ; Off                                   ; Off                                   ;
; Fitter Effort                                                      ; Auto Fit                              ; Auto Fit                              ;
; Physical Synthesis Effort Level                                    ; Normal                                ; Normal                                ;
; Logic Cell Insertion - Logic Duplication                           ; Auto                                  ; Auto                                  ;
; Auto Register Duplication                                          ; Auto                                  ; Auto                                  ;
; Auto Global Clock                                                  ; On                                    ; On                                    ;
; Auto Global Register Control Signals                               ; On                                    ; On                                    ;
; Reserve all unused pins                                            ; As input tri-stated with weak pull-up ; As input tri-stated with weak pull-up ;
; Synchronizer Identification                                        ; Auto                                  ; Auto                                  ;
; Enable Beneficial Skew Optimization                                ; On                                    ; On                                    ;
; Optimize Design for Metastability                                  ; On                                    ; On                                    ;
; Active Serial clock source                                         ; FREQ_100MHz                           ; FREQ_100MHz                           ;
; Force Fitter to Avoid Periphery Placement Warnings                 ; Off                                   ; Off                                   ;
; Clamping Diode                                                     ; Off                                   ; Off                                   ;
; Enable input tri-state on active configuration pins in user mode   ; Off                                   ; Off                                   ;
; Advanced Physical Optimization                                     ; On                                    ; On                                    ;
+--------------------------------------------------------------------+---------------------------------------+---------------------------------------+


+------------------------------------------+
; Parallel Compilation                     ;
+----------------------------+-------------+
; Processors                 ; Number      ;
+----------------------------+-------------+
; Number detected on machine ; 8           ;
; Maximum allowed            ; 4           ;
;                            ;             ;
; Average used               ; 1.51        ;
; Maximum used               ; 4           ;
;                            ;             ;
; Usage by Processor         ; % Time Used ;
;     Processor 1            ; 100.0%      ;
;     Processor 2            ;  18.2%      ;
;     Processor 3            ;  16.6%      ;
;     Processor 4            ;  16.3%      ;
+----------------------------+-------------+


+---------------------------------------------------------------------------------------------------------------------------------------------------------------------------------------------------------------------------------------------+
; Fitter Netlist Optimizations                                                                                                                                                                                                                ;
+-------------------------------+------------+---------------------------------------------------+--------------------------+-----------+----------------+-----------------------------------------+------------------+-----------------------+
; Node                          ; Action     ; Operation                                         ; Reason                   ; Node Port ; Node Port Name ; Destination Node                        ; Destination Port ; Destination Port Name ;
+-------------------------------+------------+---------------------------------------------------+--------------------------+-----------+----------------+-----------------------------------------+------------------+-----------------------+
; vga_driver:vga_d|h_counter[2] ; Duplicated ; Router Logic Cell Insertion and Logic Duplication ; Routability optimization ;           ;                ; vga_driver:vga_d|h_counter[2]~DUPLICATE ;                  ;                       ;
; vga_driver:vga_d|h_counter[3] ; Duplicated ; Router Logic Cell Insertion and Logic Duplication ; Routability optimization ;           ;                ; vga_driver:vga_d|h_counter[3]~DUPLICATE ;                  ;                       ;
; vga_driver:vga_d|h_counter[4] ; Duplicated ; Router Logic Cell Insertion and Logic Duplication ; Routability optimization ;           ;                ; vga_driver:vga_d|h_counter[4]~DUPLICATE ;                  ;                       ;
; vga_driver:vga_d|v_counter[1] ; Duplicated ; Router Logic Cell Insertion and Logic Duplication ; Routability optimization ;           ;                ; vga_driver:vga_d|v_counter[1]~DUPLICATE ;                  ;                       ;
; vga_driver:vga_d|v_counter[2] ; Duplicated ; Router Logic Cell Insertion and Logic Duplication ; Routability optimization ;           ;                ; vga_driver:vga_d|v_counter[2]~DUPLICATE ;                  ;                       ;
; vga_driver:vga_d|v_counter[3] ; Duplicated ; Router Logic Cell Insertion and Logic Duplication ; Routability optimization ;           ;                ; vga_driver:vga_d|v_counter[3]~DUPLICATE ;                  ;                       ;
; vga_driver:vga_d|v_counter[4] ; Duplicated ; Router Logic Cell Insertion and Logic Duplication ; Routability optimization ;           ;                ; vga_driver:vga_d|v_counter[4]~DUPLICATE ;                  ;                       ;
; vga_driver:vga_d|v_counter[5] ; Duplicated ; Router Logic Cell Insertion and Logic Duplication ; Routability optimization ;           ;                ; vga_driver:vga_d|v_counter[5]~DUPLICATE ;                  ;                       ;
; vga_driver:vga_d|v_counter[6] ; Duplicated ; Router Logic Cell Insertion and Logic Duplication ; Routability optimization ;           ;                ; vga_driver:vga_d|v_counter[6]~DUPLICATE ;                  ;                       ;
; vga_driver:vga_d|v_counter[7] ; Duplicated ; Router Logic Cell Insertion and Logic Duplication ; Routability optimization ;           ;                ; vga_driver:vga_d|v_counter[7]~DUPLICATE ;                  ;                       ;
; vga_driver:vga_d|v_counter[8] ; Duplicated ; Router Logic Cell Insertion and Logic Duplication ; Routability optimization ;           ;                ; vga_driver:vga_d|v_counter[8]~DUPLICATE ;                  ;                       ;
; vga_driver:vga_d|v_counter[9] ; Duplicated ; Router Logic Cell Insertion and Logic Duplication ; Routability optimization ;           ;                ; vga_driver:vga_d|v_counter[9]~DUPLICATE ;                  ;                       ;
+-------------------------------+------------+---------------------------------------------------+--------------------------+-----------+----------------+-----------------------------------------+------------------+-----------------------+


+---------------------------------------------------------------------------------------------------------------------------+
; Ignored Assignments                                                                                                       ;
+--------------+--------------------+--------------+---------------------+---------------------------------+----------------+
; Name         ; Ignored Entity     ; Ignored From ; Ignored To          ; Ignored Value                   ; Ignored Source ;
+--------------+--------------------+--------------+---------------------+---------------------------------+----------------+
; Location     ;                    ;              ; ADC_CONVST          ; PIN_AJ4                         ; QSF Assignment ;
; Location     ;                    ;              ; ADC_DIN             ; PIN_AK4                         ; QSF Assignment ;
; Location     ;                    ;              ; ADC_DOUT            ; PIN_AK3                         ; QSF Assignment ;
; Location     ;                    ;              ; ADC_SCLK            ; PIN_AK2                         ; QSF Assignment ;
; Location     ;                    ;              ; AUD_ADCDAT          ; PIN_K7                          ; QSF Assignment ;
; Location     ;                    ;              ; AUD_ADCLRCK         ; PIN_K8                          ; QSF Assignment ;
; Location     ;                    ;              ; AUD_BCLK            ; PIN_H7                          ; QSF Assignment ;
; Location     ;                    ;              ; AUD_DACDAT          ; PIN_J7                          ; QSF Assignment ;
; Location     ;                    ;              ; AUD_DACLRCK         ; PIN_H8                          ; QSF Assignment ;
; Location     ;                    ;              ; AUD_XCK             ; PIN_G7                          ; QSF Assignment ;
; Location     ;                    ;              ; CLOCK2_50           ; PIN_AA16                        ; QSF Assignment ;
; Location     ;                    ;              ; CLOCK3_50           ; PIN_Y26                         ; QSF Assignment ;
; Location     ;                    ;              ; CLOCK4_50           ; PIN_K14                         ; QSF Assignment ;
; Location     ;                    ;              ; DRAM_ADDR[0]        ; PIN_AK14                        ; QSF Assignment ;
; Location     ;                    ;              ; DRAM_ADDR[10]       ; PIN_AG12                        ; QSF Assignment ;
; Location     ;                    ;              ; DRAM_ADDR[11]       ; PIN_AH13                        ; QSF Assignment ;
; Location     ;                    ;              ; DRAM_ADDR[12]       ; PIN_AJ14                        ; QSF Assignment ;
; Location     ;                    ;              ; DRAM_ADDR[1]        ; PIN_AH14                        ; QSF Assignment ;
; Location     ;                    ;              ; DRAM_ADDR[2]        ; PIN_AG15                        ; QSF Assignment ;
; Location     ;                    ;              ; DRAM_ADDR[3]        ; PIN_AE14                        ; QSF Assignment ;
; Location     ;                    ;              ; DRAM_ADDR[4]        ; PIN_AB15                        ; QSF Assignment ;
; Location     ;                    ;              ; DRAM_ADDR[5]        ; PIN_AC14                        ; QSF Assignment ;
; Location     ;                    ;              ; DRAM_ADDR[6]        ; PIN_AD14                        ; QSF Assignment ;
; Location     ;                    ;              ; DRAM_ADDR[7]        ; PIN_AF15                        ; QSF Assignment ;
; Location     ;                    ;              ; DRAM_ADDR[8]        ; PIN_AH15                        ; QSF Assignment ;
; Location     ;                    ;              ; DRAM_ADDR[9]        ; PIN_AG13                        ; QSF Assignment ;
; Location     ;                    ;              ; DRAM_BA[0]          ; PIN_AF13                        ; QSF Assignment ;
; Location     ;                    ;              ; DRAM_BA[1]          ; PIN_AJ12                        ; QSF Assignment ;
; Location     ;                    ;              ; DRAM_CAS_N          ; PIN_AF11                        ; QSF Assignment ;
; Location     ;                    ;              ; DRAM_CKE            ; PIN_AK13                        ; QSF Assignment ;
; Location     ;                    ;              ; DRAM_CLK            ; PIN_AH12                        ; QSF Assignment ;
; Location     ;                    ;              ; DRAM_CS_N           ; PIN_AG11                        ; QSF Assignment ;
; Location     ;                    ;              ; DRAM_DQ[0]          ; PIN_AK6                         ; QSF Assignment ;
; Location     ;                    ;              ; DRAM_DQ[10]         ; PIN_AJ9                         ; QSF Assignment ;
; Location     ;                    ;              ; DRAM_DQ[11]         ; PIN_AH9                         ; QSF Assignment ;
; Location     ;                    ;              ; DRAM_DQ[12]         ; PIN_AH8                         ; QSF Assignment ;
; Location     ;                    ;              ; DRAM_DQ[13]         ; PIN_AH7                         ; QSF Assignment ;
; Location     ;                    ;              ; DRAM_DQ[14]         ; PIN_AJ6                         ; QSF Assignment ;
; Location     ;                    ;              ; DRAM_DQ[15]         ; PIN_AJ5                         ; QSF Assignment ;
; Location     ;                    ;              ; DRAM_DQ[1]          ; PIN_AJ7                         ; QSF Assignment ;
; Location     ;                    ;              ; DRAM_DQ[2]          ; PIN_AK7                         ; QSF Assignment ;
; Location     ;                    ;              ; DRAM_DQ[3]          ; PIN_AK8                         ; QSF Assignment ;
; Location     ;                    ;              ; DRAM_DQ[4]          ; PIN_AK9                         ; QSF Assignment ;
; Location     ;                    ;              ; DRAM_DQ[5]          ; PIN_AG10                        ; QSF Assignment ;
; Location     ;                    ;              ; DRAM_DQ[6]          ; PIN_AK11                        ; QSF Assignment ;
; Location     ;                    ;              ; DRAM_DQ[7]          ; PIN_AJ11                        ; QSF Assignment ;
; Location     ;                    ;              ; DRAM_DQ[8]          ; PIN_AH10                        ; QSF Assignment ;
; Location     ;                    ;              ; DRAM_DQ[9]          ; PIN_AJ10                        ; QSF Assignment ;
; Location     ;                    ;              ; DRAM_LDQM           ; PIN_AB13                        ; QSF Assignment ;
; Location     ;                    ;              ; DRAM_RAS_N          ; PIN_AE13                        ; QSF Assignment ;
; Location     ;                    ;              ; DRAM_UDQM           ; PIN_AK12                        ; QSF Assignment ;
; Location     ;                    ;              ; DRAM_WE_N           ; PIN_AA13                        ; QSF Assignment ;
; Location     ;                    ;              ; FAN_CTRL            ; PIN_AA12                        ; QSF Assignment ;
; Location     ;                    ;              ; FPGA_I2C_SCLK       ; PIN_J12                         ; QSF Assignment ;
; Location     ;                    ;              ; FPGA_I2C_SDAT       ; PIN_K12                         ; QSF Assignment ;
; Location     ;                    ;              ; GPIO_0[0]           ; PIN_AC18                        ; QSF Assignment ;
; Location     ;                    ;              ; GPIO_0[10]          ; PIN_AH18                        ; QSF Assignment ;
; Location     ;                    ;              ; GPIO_0[11]          ; PIN_AH17                        ; QSF Assignment ;
; Location     ;                    ;              ; GPIO_0[12]          ; PIN_AG16                        ; QSF Assignment ;
; Location     ;                    ;              ; GPIO_0[13]          ; PIN_AE16                        ; QSF Assignment ;
; Location     ;                    ;              ; GPIO_0[14]          ; PIN_AF16                        ; QSF Assignment ;
; Location     ;                    ;              ; GPIO_0[15]          ; PIN_AG17                        ; QSF Assignment ;
; Location     ;                    ;              ; GPIO_0[16]          ; PIN_AA18                        ; QSF Assignment ;
; Location     ;                    ;              ; GPIO_0[17]          ; PIN_AA19                        ; QSF Assignment ;
; Location     ;                    ;              ; GPIO_0[18]          ; PIN_AE17                        ; QSF Assignment ;
; Location     ;                    ;              ; GPIO_0[19]          ; PIN_AC20                        ; QSF Assignment ;
; Location     ;                    ;              ; GPIO_0[1]           ; PIN_Y17                         ; QSF Assignment ;
; Location     ;                    ;              ; GPIO_0[20]          ; PIN_AH19                        ; QSF Assignment ;
; Location     ;                    ;              ; GPIO_0[21]          ; PIN_AJ20                        ; QSF Assignment ;
; Location     ;                    ;              ; GPIO_0[22]          ; PIN_AH20                        ; QSF Assignment ;
; Location     ;                    ;              ; GPIO_0[23]          ; PIN_AK21                        ; QSF Assignment ;
; Location     ;                    ;              ; GPIO_0[24]          ; PIN_AD19                        ; QSF Assignment ;
; Location     ;                    ;              ; GPIO_0[25]          ; PIN_AD20                        ; QSF Assignment ;
; Location     ;                    ;              ; GPIO_0[26]          ; PIN_AE18                        ; QSF Assignment ;
; Location     ;                    ;              ; GPIO_0[27]          ; PIN_AE19                        ; QSF Assignment ;
; Location     ;                    ;              ; GPIO_0[28]          ; PIN_AF20                        ; QSF Assignment ;
; Location     ;                    ;              ; GPIO_0[29]          ; PIN_AF21                        ; QSF Assignment ;
; Location     ;                    ;              ; GPIO_0[2]           ; PIN_AD17                        ; QSF Assignment ;
; Location     ;                    ;              ; GPIO_0[30]          ; PIN_AF19                        ; QSF Assignment ;
; Location     ;                    ;              ; GPIO_0[31]          ; PIN_AG21                        ; QSF Assignment ;
; Location     ;                    ;              ; GPIO_0[32]          ; PIN_AF18                        ; QSF Assignment ;
; Location     ;                    ;              ; GPIO_0[33]          ; PIN_AG20                        ; QSF Assignment ;
; Location     ;                    ;              ; GPIO_0[34]          ; PIN_AG18                        ; QSF Assignment ;
; Location     ;                    ;              ; GPIO_0[35]          ; PIN_AJ21                        ; QSF Assignment ;
; Location     ;                    ;              ; GPIO_0[3]           ; PIN_Y18                         ; QSF Assignment ;
; Location     ;                    ;              ; GPIO_0[4]           ; PIN_AK16                        ; QSF Assignment ;
; Location     ;                    ;              ; GPIO_0[5]           ; PIN_AK18                        ; QSF Assignment ;
; Location     ;                    ;              ; GPIO_0[6]           ; PIN_AK19                        ; QSF Assignment ;
; Location     ;                    ;              ; GPIO_0[7]           ; PIN_AJ19                        ; QSF Assignment ;
; Location     ;                    ;              ; GPIO_0[8]           ; PIN_AJ17                        ; QSF Assignment ;
; Location     ;                    ;              ; GPIO_0[9]           ; PIN_AJ16                        ; QSF Assignment ;
; Location     ;                    ;              ; GPIO_1[0]           ; PIN_AB17                        ; QSF Assignment ;
; Location     ;                    ;              ; GPIO_1[10]          ; PIN_AG26                        ; QSF Assignment ;
; Location     ;                    ;              ; GPIO_1[11]          ; PIN_AH24                        ; QSF Assignment ;
; Location     ;                    ;              ; GPIO_1[12]          ; PIN_AH27                        ; QSF Assignment ;
; Location     ;                    ;              ; GPIO_1[13]          ; PIN_AJ27                        ; QSF Assignment ;
; Location     ;                    ;              ; GPIO_1[14]          ; PIN_AK29                        ; QSF Assignment ;
; Location     ;                    ;              ; GPIO_1[15]          ; PIN_AK28                        ; QSF Assignment ;
; Location     ;                    ;              ; GPIO_1[16]          ; PIN_AK27                        ; QSF Assignment ;
; Location     ;                    ;              ; GPIO_1[17]          ; PIN_AJ26                        ; QSF Assignment ;
; Location     ;                    ;              ; GPIO_1[18]          ; PIN_AK26                        ; QSF Assignment ;
; Location     ;                    ;              ; GPIO_1[19]          ; PIN_AH25                        ; QSF Assignment ;
; Location     ;                    ;              ; GPIO_1[1]           ; PIN_AA21                        ; QSF Assignment ;
; Location     ;                    ;              ; GPIO_1[20]          ; PIN_AJ25                        ; QSF Assignment ;
; Location     ;                    ;              ; GPIO_1[21]          ; PIN_AJ24                        ; QSF Assignment ;
; Location     ;                    ;              ; GPIO_1[22]          ; PIN_AK24                        ; QSF Assignment ;
; Location     ;                    ;              ; GPIO_1[23]          ; PIN_AG23                        ; QSF Assignment ;
; Location     ;                    ;              ; GPIO_1[24]          ; PIN_AK23                        ; QSF Assignment ;
; Location     ;                    ;              ; GPIO_1[25]          ; PIN_AH23                        ; QSF Assignment ;
; Location     ;                    ;              ; GPIO_1[26]          ; PIN_AK22                        ; QSF Assignment ;
; Location     ;                    ;              ; GPIO_1[27]          ; PIN_AJ22                        ; QSF Assignment ;
; Location     ;                    ;              ; GPIO_1[28]          ; PIN_AH22                        ; QSF Assignment ;
; Location     ;                    ;              ; GPIO_1[29]          ; PIN_AG22                        ; QSF Assignment ;
; Location     ;                    ;              ; GPIO_1[2]           ; PIN_AB21                        ; QSF Assignment ;
; Location     ;                    ;              ; GPIO_1[30]          ; PIN_AF24                        ; QSF Assignment ;
; Location     ;                    ;              ; GPIO_1[31]          ; PIN_AF23                        ; QSF Assignment ;
; Location     ;                    ;              ; GPIO_1[32]          ; PIN_AE22                        ; QSF Assignment ;
; Location     ;                    ;              ; GPIO_1[33]          ; PIN_AD21                        ; QSF Assignment ;
; Location     ;                    ;              ; GPIO_1[34]          ; PIN_AA20                        ; QSF Assignment ;
; Location     ;                    ;              ; GPIO_1[35]          ; PIN_AC22                        ; QSF Assignment ;
; Location     ;                    ;              ; GPIO_1[3]           ; PIN_AC23                        ; QSF Assignment ;
; Location     ;                    ;              ; GPIO_1[4]           ; PIN_AD24                        ; QSF Assignment ;
; Location     ;                    ;              ; GPIO_1[5]           ; PIN_AE23                        ; QSF Assignment ;
; Location     ;                    ;              ; GPIO_1[6]           ; PIN_AE24                        ; QSF Assignment ;
; Location     ;                    ;              ; GPIO_1[7]           ; PIN_AF25                        ; QSF Assignment ;
; Location     ;                    ;              ; GPIO_1[8]           ; PIN_AF26                        ; QSF Assignment ;
; Location     ;                    ;              ; GPIO_1[9]           ; PIN_AG25                        ; QSF Assignment ;
; Location     ;                    ;              ; HEX0[0]             ; PIN_AE26                        ; QSF Assignment ;
; Location     ;                    ;              ; HEX0[1]             ; PIN_AE27                        ; QSF Assignment ;
; Location     ;                    ;              ; HEX0[2]             ; PIN_AE28                        ; QSF Assignment ;
; Location     ;                    ;              ; HEX0[3]             ; PIN_AG27                        ; QSF Assignment ;
; Location     ;                    ;              ; HEX0[4]             ; PIN_AF28                        ; QSF Assignment ;
; Location     ;                    ;              ; HEX0[5]             ; PIN_AG28                        ; QSF Assignment ;
; Location     ;                    ;              ; HEX0[6]             ; PIN_AH28                        ; QSF Assignment ;
; Location     ;                    ;              ; HEX1[0]             ; PIN_AJ29                        ; QSF Assignment ;
; Location     ;                    ;              ; HEX1[1]             ; PIN_AH29                        ; QSF Assignment ;
; Location     ;                    ;              ; HEX1[2]             ; PIN_AH30                        ; QSF Assignment ;
; Location     ;                    ;              ; HEX1[3]             ; PIN_AG30                        ; QSF Assignment ;
; Location     ;                    ;              ; HEX1[4]             ; PIN_AF29                        ; QSF Assignment ;
; Location     ;                    ;              ; HEX1[5]             ; PIN_AF30                        ; QSF Assignment ;
; Location     ;                    ;              ; HEX1[6]             ; PIN_AD27                        ; QSF Assignment ;
; Location     ;                    ;              ; HEX2[0]             ; PIN_AB23                        ; QSF Assignment ;
; Location     ;                    ;              ; HEX2[1]             ; PIN_AE29                        ; QSF Assignment ;
; Location     ;                    ;              ; HEX2[2]             ; PIN_AD29                        ; QSF Assignment ;
; Location     ;                    ;              ; HEX2[3]             ; PIN_AC28                        ; QSF Assignment ;
; Location     ;                    ;              ; HEX2[4]             ; PIN_AD30                        ; QSF Assignment ;
; Location     ;                    ;              ; HEX2[5]             ; PIN_AC29                        ; QSF Assignment ;
; Location     ;                    ;              ; HEX2[6]             ; PIN_AC30                        ; QSF Assignment ;
; Location     ;                    ;              ; HEX3[0]             ; PIN_AD26                        ; QSF Assignment ;
; Location     ;                    ;              ; HEX3[1]             ; PIN_AC27                        ; QSF Assignment ;
; Location     ;                    ;              ; HEX3[2]             ; PIN_AD25                        ; QSF Assignment ;
; Location     ;                    ;              ; HEX3[3]             ; PIN_AC25                        ; QSF Assignment ;
; Location     ;                    ;              ; HEX3[4]             ; PIN_AB28                        ; QSF Assignment ;
; Location     ;                    ;              ; HEX3[5]             ; PIN_AB25                        ; QSF Assignment ;
; Location     ;                    ;              ; HEX3[6]             ; PIN_AB22                        ; QSF Assignment ;
; Location     ;                    ;              ; HEX4[0]             ; PIN_AA24                        ; QSF Assignment ;
; Location     ;                    ;              ; HEX4[1]             ; PIN_Y23                         ; QSF Assignment ;
; Location     ;                    ;              ; HEX4[2]             ; PIN_Y24                         ; QSF Assignment ;
; Location     ;                    ;              ; HEX4[3]             ; PIN_W22                         ; QSF Assignment ;
; Location     ;                    ;              ; HEX4[4]             ; PIN_W24                         ; QSF Assignment ;
; Location     ;                    ;              ; HEX4[5]             ; PIN_V23                         ; QSF Assignment ;
; Location     ;                    ;              ; HEX4[6]             ; PIN_W25                         ; QSF Assignment ;
; Location     ;                    ;              ; HEX5[0]             ; PIN_V25                         ; QSF Assignment ;
; Location     ;                    ;              ; HEX5[1]             ; PIN_AA28                        ; QSF Assignment ;
; Location     ;                    ;              ; HEX5[2]             ; PIN_Y27                         ; QSF Assignment ;
; Location     ;                    ;              ; HEX5[3]             ; PIN_AB27                        ; QSF Assignment ;
; Location     ;                    ;              ; HEX5[4]             ; PIN_AB26                        ; QSF Assignment ;
; Location     ;                    ;              ; HEX5[5]             ; PIN_AA26                        ; QSF Assignment ;
; Location     ;                    ;              ; HEX5[6]             ; PIN_AA25                        ; QSF Assignment ;
; Location     ;                    ;              ; IRDA_RXD            ; PIN_AA30                        ; QSF Assignment ;
; Location     ;                    ;              ; IRDA_TXD            ; PIN_AB30                        ; QSF Assignment ;
; Location     ;                    ;              ; PS2_CLK             ; PIN_AD7                         ; QSF Assignment ;
; Location     ;                    ;              ; PS2_CLK2            ; PIN_AD9                         ; QSF Assignment ;
; Location     ;                    ;              ; PS2_DAT             ; PIN_AE7                         ; QSF Assignment ;
; Location     ;                    ;              ; PS2_DAT2            ; PIN_AE9                         ; QSF Assignment ;
; Location     ;                    ;              ; TD_CLK27            ; PIN_H15                         ; QSF Assignment ;
; Location     ;                    ;              ; TD_DATA[0]          ; PIN_D2                          ; QSF Assignment ;
; Location     ;                    ;              ; TD_DATA[1]          ; PIN_B1                          ; QSF Assignment ;
; Location     ;                    ;              ; TD_DATA[2]          ; PIN_E2                          ; QSF Assignment ;
; Location     ;                    ;              ; TD_DATA[3]          ; PIN_B2                          ; QSF Assignment ;
; Location     ;                    ;              ; TD_DATA[4]          ; PIN_D1                          ; QSF Assignment ;
; Location     ;                    ;              ; TD_DATA[5]          ; PIN_E1                          ; QSF Assignment ;
; Location     ;                    ;              ; TD_DATA[6]          ; PIN_C2                          ; QSF Assignment ;
; Location     ;                    ;              ; TD_DATA[7]          ; PIN_B3                          ; QSF Assignment ;
; Location     ;                    ;              ; TD_HS               ; PIN_A5                          ; QSF Assignment ;
; Location     ;                    ;              ; TD_RESET_N          ; PIN_F6                          ; QSF Assignment ;
; Location     ;                    ;              ; TD_VS               ; PIN_A3                          ; QSF Assignment ;
; I/O Standard ; DE1_SOC_golden_top ;              ; ADC_CONVST          ; 3.3-V LVTTL                     ; QSF Assignment ;
; I/O Standard ; DE1_SOC_golden_top ;              ; ADC_DIN             ; 3.3-V LVTTL                     ; QSF Assignment ;
; I/O Standard ; DE1_SOC_golden_top ;              ; ADC_DOUT            ; 3.3-V LVTTL                     ; QSF Assignment ;
; I/O Standard ; DE1_SOC_golden_top ;              ; ADC_SCLK            ; 3.3-V LVTTL                     ; QSF Assignment ;
; I/O Standard ; DE1_SOC_golden_top ;              ; AUD_ADCDAT          ; 3.3-V LVTTL                     ; QSF Assignment ;
; I/O Standard ; DE1_SOC_golden_top ;              ; AUD_ADCLRCK         ; 3.3-V LVTTL                     ; QSF Assignment ;
; I/O Standard ; DE1_SOC_golden_top ;              ; AUD_BCLK            ; 3.3-V LVTTL                     ; QSF Assignment ;
; I/O Standard ; DE1_SOC_golden_top ;              ; AUD_DACDAT          ; 3.3-V LVTTL                     ; QSF Assignment ;
; I/O Standard ; DE1_SOC_golden_top ;              ; AUD_DACLRCK         ; 3.3-V LVTTL                     ; QSF Assignment ;
; I/O Standard ; DE1_SOC_golden_top ;              ; AUD_XCK             ; 3.3-V LVTTL                     ; QSF Assignment ;
; I/O Standard ; DE1_SOC_golden_top ;              ; CLOCK2_50           ; 3.3-V LVTTL                     ; QSF Assignment ;
; I/O Standard ; DE1_SOC_golden_top ;              ; CLOCK3_50           ; 3.3-V LVTTL                     ; QSF Assignment ;
; I/O Standard ; DE1_SOC_golden_top ;              ; CLOCK4_50           ; 3.3-V LVTTL                     ; QSF Assignment ;
; I/O Standard ; DE1_SOC_golden_top ;              ; DRAM_ADDR[0]        ; 3.3-V LVTTL                     ; QSF Assignment ;
; I/O Standard ; DE1_SOC_golden_top ;              ; DRAM_ADDR[10]       ; 3.3-V LVTTL                     ; QSF Assignment ;
; I/O Standard ; DE1_SOC_golden_top ;              ; DRAM_ADDR[11]       ; 3.3-V LVTTL                     ; QSF Assignment ;
; I/O Standard ; DE1_SOC_golden_top ;              ; DRAM_ADDR[12]       ; 3.3-V LVTTL                     ; QSF Assignment ;
; I/O Standard ; DE1_SOC_golden_top ;              ; DRAM_ADDR[1]        ; 3.3-V LVTTL                     ; QSF Assignment ;
; I/O Standard ; DE1_SOC_golden_top ;              ; DRAM_ADDR[2]        ; 3.3-V LVTTL                     ; QSF Assignment ;
; I/O Standard ; DE1_SOC_golden_top ;              ; DRAM_ADDR[3]        ; 3.3-V LVTTL                     ; QSF Assignment ;
; I/O Standard ; DE1_SOC_golden_top ;              ; DRAM_ADDR[4]        ; 3.3-V LVTTL                     ; QSF Assignment ;
; I/O Standard ; DE1_SOC_golden_top ;              ; DRAM_ADDR[5]        ; 3.3-V LVTTL                     ; QSF Assignment ;
; I/O Standard ; DE1_SOC_golden_top ;              ; DRAM_ADDR[6]        ; 3.3-V LVTTL                     ; QSF Assignment ;
; I/O Standard ; DE1_SOC_golden_top ;              ; DRAM_ADDR[7]        ; 3.3-V LVTTL                     ; QSF Assignment ;
; I/O Standard ; DE1_SOC_golden_top ;              ; DRAM_ADDR[8]        ; 3.3-V LVTTL                     ; QSF Assignment ;
; I/O Standard ; DE1_SOC_golden_top ;              ; DRAM_ADDR[9]        ; 3.3-V LVTTL                     ; QSF Assignment ;
; I/O Standard ; DE1_SOC_golden_top ;              ; DRAM_BA[0]          ; 3.3-V LVTTL                     ; QSF Assignment ;
; I/O Standard ; DE1_SOC_golden_top ;              ; DRAM_BA[1]          ; 3.3-V LVTTL                     ; QSF Assignment ;
; I/O Standard ; DE1_SOC_golden_top ;              ; DRAM_CAS_N          ; 3.3-V LVTTL                     ; QSF Assignment ;
; I/O Standard ; DE1_SOC_golden_top ;              ; DRAM_CKE            ; 3.3-V LVTTL                     ; QSF Assignment ;
; I/O Standard ; DE1_SOC_golden_top ;              ; DRAM_CLK            ; 3.3-V LVTTL                     ; QSF Assignment ;
; I/O Standard ; DE1_SOC_golden_top ;              ; DRAM_CS_N           ; 3.3-V LVTTL                     ; QSF Assignment ;
; I/O Standard ; DE1_SOC_golden_top ;              ; DRAM_DQ[0]          ; 3.3-V LVTTL                     ; QSF Assignment ;
; I/O Standard ; DE1_SOC_golden_top ;              ; DRAM_DQ[10]         ; 3.3-V LVTTL                     ; QSF Assignment ;
; I/O Standard ; DE1_SOC_golden_top ;              ; DRAM_DQ[11]         ; 3.3-V LVTTL                     ; QSF Assignment ;
; I/O Standard ; DE1_SOC_golden_top ;              ; DRAM_DQ[12]         ; 3.3-V LVTTL                     ; QSF Assignment ;
; I/O Standard ; DE1_SOC_golden_top ;              ; DRAM_DQ[13]         ; 3.3-V LVTTL                     ; QSF Assignment ;
; I/O Standard ; DE1_SOC_golden_top ;              ; DRAM_DQ[14]         ; 3.3-V LVTTL                     ; QSF Assignment ;
; I/O Standard ; DE1_SOC_golden_top ;              ; DRAM_DQ[15]         ; 3.3-V LVTTL                     ; QSF Assignment ;
; I/O Standard ; DE1_SOC_golden_top ;              ; DRAM_DQ[1]          ; 3.3-V LVTTL                     ; QSF Assignment ;
; I/O Standard ; DE1_SOC_golden_top ;              ; DRAM_DQ[2]          ; 3.3-V LVTTL                     ; QSF Assignment ;
; I/O Standard ; DE1_SOC_golden_top ;              ; DRAM_DQ[3]          ; 3.3-V LVTTL                     ; QSF Assignment ;
; I/O Standard ; DE1_SOC_golden_top ;              ; DRAM_DQ[4]          ; 3.3-V LVTTL                     ; QSF Assignment ;
; I/O Standard ; DE1_SOC_golden_top ;              ; DRAM_DQ[5]          ; 3.3-V LVTTL                     ; QSF Assignment ;
; I/O Standard ; DE1_SOC_golden_top ;              ; DRAM_DQ[6]          ; 3.3-V LVTTL                     ; QSF Assignment ;
; I/O Standard ; DE1_SOC_golden_top ;              ; DRAM_DQ[7]          ; 3.3-V LVTTL                     ; QSF Assignment ;
; I/O Standard ; DE1_SOC_golden_top ;              ; DRAM_DQ[8]          ; 3.3-V LVTTL                     ; QSF Assignment ;
; I/O Standard ; DE1_SOC_golden_top ;              ; DRAM_DQ[9]          ; 3.3-V LVTTL                     ; QSF Assignment ;
; I/O Standard ; DE1_SOC_golden_top ;              ; DRAM_LDQM           ; 3.3-V LVTTL                     ; QSF Assignment ;
; I/O Standard ; DE1_SOC_golden_top ;              ; DRAM_RAS_N          ; 3.3-V LVTTL                     ; QSF Assignment ;
; I/O Standard ; DE1_SOC_golden_top ;              ; DRAM_UDQM           ; 3.3-V LVTTL                     ; QSF Assignment ;
; I/O Standard ; DE1_SOC_golden_top ;              ; DRAM_WE_N           ; 3.3-V LVTTL                     ; QSF Assignment ;
; I/O Standard ; DE1_SOC_golden_top ;              ; FAN_CTRL            ; 3.3-V LVTTL                     ; QSF Assignment ;
; I/O Standard ; DE1_SOC_golden_top ;              ; FPGA_I2C_SCLK       ; 3.3-V LVTTL                     ; QSF Assignment ;
; I/O Standard ; DE1_SOC_golden_top ;              ; FPGA_I2C_SDAT       ; 3.3-V LVTTL                     ; QSF Assignment ;
; I/O Standard ; DE1_SOC_golden_top ;              ; GPIO_0[0]           ; 3.3-V LVTTL                     ; QSF Assignment ;
; I/O Standard ; DE1_SOC_golden_top ;              ; GPIO_0[10]          ; 3.3-V LVTTL                     ; QSF Assignment ;
; I/O Standard ; DE1_SOC_golden_top ;              ; GPIO_0[11]          ; 3.3-V LVTTL                     ; QSF Assignment ;
; I/O Standard ; DE1_SOC_golden_top ;              ; GPIO_0[12]          ; 3.3-V LVTTL                     ; QSF Assignment ;
; I/O Standard ; DE1_SOC_golden_top ;              ; GPIO_0[13]          ; 3.3-V LVTTL                     ; QSF Assignment ;
; I/O Standard ; DE1_SOC_golden_top ;              ; GPIO_0[14]          ; 3.3-V LVTTL                     ; QSF Assignment ;
; I/O Standard ; DE1_SOC_golden_top ;              ; GPIO_0[15]          ; 3.3-V LVTTL                     ; QSF Assignment ;
; I/O Standard ; DE1_SOC_golden_top ;              ; GPIO_0[16]          ; 3.3-V LVTTL                     ; QSF Assignment ;
; I/O Standard ; DE1_SOC_golden_top ;              ; GPIO_0[17]          ; 3.3-V LVTTL                     ; QSF Assignment ;
; I/O Standard ; DE1_SOC_golden_top ;              ; GPIO_0[18]          ; 3.3-V LVTTL                     ; QSF Assignment ;
; I/O Standard ; DE1_SOC_golden_top ;              ; GPIO_0[19]          ; 3.3-V LVTTL                     ; QSF Assignment ;
; I/O Standard ; DE1_SOC_golden_top ;              ; GPIO_0[1]           ; 3.3-V LVTTL                     ; QSF Assignment ;
; I/O Standard ; DE1_SOC_golden_top ;              ; GPIO_0[20]          ; 3.3-V LVTTL                     ; QSF Assignment ;
; I/O Standard ; DE1_SOC_golden_top ;              ; GPIO_0[21]          ; 3.3-V LVTTL                     ; QSF Assignment ;
; I/O Standard ; DE1_SOC_golden_top ;              ; GPIO_0[22]          ; 3.3-V LVTTL                     ; QSF Assignment ;
; I/O Standard ; DE1_SOC_golden_top ;              ; GPIO_0[23]          ; 3.3-V LVTTL                     ; QSF Assignment ;
; I/O Standard ; DE1_SOC_golden_top ;              ; GPIO_0[24]          ; 3.3-V LVTTL                     ; QSF Assignment ;
; I/O Standard ; DE1_SOC_golden_top ;              ; GPIO_0[25]          ; 3.3-V LVTTL                     ; QSF Assignment ;
; I/O Standard ; DE1_SOC_golden_top ;              ; GPIO_0[26]          ; 3.3-V LVTTL                     ; QSF Assignment ;
; I/O Standard ; DE1_SOC_golden_top ;              ; GPIO_0[27]          ; 3.3-V LVTTL                     ; QSF Assignment ;
; I/O Standard ; DE1_SOC_golden_top ;              ; GPIO_0[28]          ; 3.3-V LVTTL                     ; QSF Assignment ;
; I/O Standard ; DE1_SOC_golden_top ;              ; GPIO_0[29]          ; 3.3-V LVTTL                     ; QSF Assignment ;
; I/O Standard ; DE1_SOC_golden_top ;              ; GPIO_0[2]           ; 3.3-V LVTTL                     ; QSF Assignment ;
; I/O Standard ; DE1_SOC_golden_top ;              ; GPIO_0[30]          ; 3.3-V LVTTL                     ; QSF Assignment ;
; I/O Standard ; DE1_SOC_golden_top ;              ; GPIO_0[31]          ; 3.3-V LVTTL                     ; QSF Assignment ;
; I/O Standard ; DE1_SOC_golden_top ;              ; GPIO_0[32]          ; 3.3-V LVTTL                     ; QSF Assignment ;
; I/O Standard ; DE1_SOC_golden_top ;              ; GPIO_0[33]          ; 3.3-V LVTTL                     ; QSF Assignment ;
; I/O Standard ; DE1_SOC_golden_top ;              ; GPIO_0[34]          ; 3.3-V LVTTL                     ; QSF Assignment ;
; I/O Standard ; DE1_SOC_golden_top ;              ; GPIO_0[35]          ; 3.3-V LVTTL                     ; QSF Assignment ;
; I/O Standard ; DE1_SOC_golden_top ;              ; GPIO_0[3]           ; 3.3-V LVTTL                     ; QSF Assignment ;
; I/O Standard ; DE1_SOC_golden_top ;              ; GPIO_0[4]           ; 3.3-V LVTTL                     ; QSF Assignment ;
; I/O Standard ; DE1_SOC_golden_top ;              ; GPIO_0[5]           ; 3.3-V LVTTL                     ; QSF Assignment ;
; I/O Standard ; DE1_SOC_golden_top ;              ; GPIO_0[6]           ; 3.3-V LVTTL                     ; QSF Assignment ;
; I/O Standard ; DE1_SOC_golden_top ;              ; GPIO_0[7]           ; 3.3-V LVTTL                     ; QSF Assignment ;
; I/O Standard ; DE1_SOC_golden_top ;              ; GPIO_0[8]           ; 3.3-V LVTTL                     ; QSF Assignment ;
; I/O Standard ; DE1_SOC_golden_top ;              ; GPIO_0[9]           ; 3.3-V LVTTL                     ; QSF Assignment ;
; I/O Standard ; DE1_SOC_golden_top ;              ; GPIO_1[0]           ; 3.3-V LVTTL                     ; QSF Assignment ;
; I/O Standard ; DE1_SOC_golden_top ;              ; GPIO_1[10]          ; 3.3-V LVTTL                     ; QSF Assignment ;
; I/O Standard ; DE1_SOC_golden_top ;              ; GPIO_1[11]          ; 3.3-V LVTTL                     ; QSF Assignment ;
; I/O Standard ; DE1_SOC_golden_top ;              ; GPIO_1[12]          ; 3.3-V LVTTL                     ; QSF Assignment ;
; I/O Standard ; DE1_SOC_golden_top ;              ; GPIO_1[13]          ; 3.3-V LVTTL                     ; QSF Assignment ;
; I/O Standard ; DE1_SOC_golden_top ;              ; GPIO_1[14]          ; 3.3-V LVTTL                     ; QSF Assignment ;
; I/O Standard ; DE1_SOC_golden_top ;              ; GPIO_1[15]          ; 3.3-V LVTTL                     ; QSF Assignment ;
; I/O Standard ; DE1_SOC_golden_top ;              ; GPIO_1[16]          ; 3.3-V LVTTL                     ; QSF Assignment ;
; I/O Standard ; DE1_SOC_golden_top ;              ; GPIO_1[17]          ; 3.3-V LVTTL                     ; QSF Assignment ;
; I/O Standard ; DE1_SOC_golden_top ;              ; GPIO_1[18]          ; 3.3-V LVTTL                     ; QSF Assignment ;
; I/O Standard ; DE1_SOC_golden_top ;              ; GPIO_1[19]          ; 3.3-V LVTTL                     ; QSF Assignment ;
; I/O Standard ; DE1_SOC_golden_top ;              ; GPIO_1[1]           ; 3.3-V LVTTL                     ; QSF Assignment ;
; I/O Standard ; DE1_SOC_golden_top ;              ; GPIO_1[20]          ; 3.3-V LVTTL                     ; QSF Assignment ;
; I/O Standard ; DE1_SOC_golden_top ;              ; GPIO_1[21]          ; 3.3-V LVTTL                     ; QSF Assignment ;
; I/O Standard ; DE1_SOC_golden_top ;              ; GPIO_1[22]          ; 3.3-V LVTTL                     ; QSF Assignment ;
; I/O Standard ; DE1_SOC_golden_top ;              ; GPIO_1[23]          ; 3.3-V LVTTL                     ; QSF Assignment ;
; I/O Standard ; DE1_SOC_golden_top ;              ; GPIO_1[24]          ; 3.3-V LVTTL                     ; QSF Assignment ;
; I/O Standard ; DE1_SOC_golden_top ;              ; GPIO_1[25]          ; 3.3-V LVTTL                     ; QSF Assignment ;
; I/O Standard ; DE1_SOC_golden_top ;              ; GPIO_1[26]          ; 3.3-V LVTTL                     ; QSF Assignment ;
; I/O Standard ; DE1_SOC_golden_top ;              ; GPIO_1[27]          ; 3.3-V LVTTL                     ; QSF Assignment ;
; I/O Standard ; DE1_SOC_golden_top ;              ; GPIO_1[28]          ; 3.3-V LVTTL                     ; QSF Assignment ;
; I/O Standard ; DE1_SOC_golden_top ;              ; GPIO_1[29]          ; 3.3-V LVTTL                     ; QSF Assignment ;
; I/O Standard ; DE1_SOC_golden_top ;              ; GPIO_1[2]           ; 3.3-V LVTTL                     ; QSF Assignment ;
; I/O Standard ; DE1_SOC_golden_top ;              ; GPIO_1[30]          ; 3.3-V LVTTL                     ; QSF Assignment ;
; I/O Standard ; DE1_SOC_golden_top ;              ; GPIO_1[31]          ; 3.3-V LVTTL                     ; QSF Assignment ;
; I/O Standard ; DE1_SOC_golden_top ;              ; GPIO_1[32]          ; 3.3-V LVTTL                     ; QSF Assignment ;
; I/O Standard ; DE1_SOC_golden_top ;              ; GPIO_1[33]          ; 3.3-V LVTTL                     ; QSF Assignment ;
; I/O Standard ; DE1_SOC_golden_top ;              ; GPIO_1[34]          ; 3.3-V LVTTL                     ; QSF Assignment ;
; I/O Standard ; DE1_SOC_golden_top ;              ; GPIO_1[35]          ; 3.3-V LVTTL                     ; QSF Assignment ;
; I/O Standard ; DE1_SOC_golden_top ;              ; GPIO_1[3]           ; 3.3-V LVTTL                     ; QSF Assignment ;
; I/O Standard ; DE1_SOC_golden_top ;              ; GPIO_1[4]           ; 3.3-V LVTTL                     ; QSF Assignment ;
; I/O Standard ; DE1_SOC_golden_top ;              ; GPIO_1[5]           ; 3.3-V LVTTL                     ; QSF Assignment ;
; I/O Standard ; DE1_SOC_golden_top ;              ; GPIO_1[6]           ; 3.3-V LVTTL                     ; QSF Assignment ;
; I/O Standard ; DE1_SOC_golden_top ;              ; GPIO_1[7]           ; 3.3-V LVTTL                     ; QSF Assignment ;
; I/O Standard ; DE1_SOC_golden_top ;              ; GPIO_1[8]           ; 3.3-V LVTTL                     ; QSF Assignment ;
; I/O Standard ; DE1_SOC_golden_top ;              ; GPIO_1[9]           ; 3.3-V LVTTL                     ; QSF Assignment ;
; I/O Standard ; DE1_SOC_golden_top ;              ; HEX0[0]             ; 3.3-V LVTTL                     ; QSF Assignment ;
; I/O Standard ; DE1_SOC_golden_top ;              ; HEX0[1]             ; 3.3-V LVTTL                     ; QSF Assignment ;
; I/O Standard ; DE1_SOC_golden_top ;              ; HEX0[2]             ; 3.3-V LVTTL                     ; QSF Assignment ;
; I/O Standard ; DE1_SOC_golden_top ;              ; HEX0[3]             ; 3.3-V LVTTL                     ; QSF Assignment ;
; I/O Standard ; DE1_SOC_golden_top ;              ; HEX0[4]             ; 3.3-V LVTTL                     ; QSF Assignment ;
; I/O Standard ; DE1_SOC_golden_top ;              ; HEX0[5]             ; 3.3-V LVTTL                     ; QSF Assignment ;
; I/O Standard ; DE1_SOC_golden_top ;              ; HEX0[6]             ; 3.3-V LVTTL                     ; QSF Assignment ;
; I/O Standard ; DE1_SOC_golden_top ;              ; HEX1[0]             ; 3.3-V LVTTL                     ; QSF Assignment ;
; I/O Standard ; DE1_SOC_golden_top ;              ; HEX1[1]             ; 3.3-V LVTTL                     ; QSF Assignment ;
; I/O Standard ; DE1_SOC_golden_top ;              ; HEX1[2]             ; 3.3-V LVTTL                     ; QSF Assignment ;
; I/O Standard ; DE1_SOC_golden_top ;              ; HEX1[3]             ; 3.3-V LVTTL                     ; QSF Assignment ;
; I/O Standard ; DE1_SOC_golden_top ;              ; HEX1[4]             ; 3.3-V LVTTL                     ; QSF Assignment ;
; I/O Standard ; DE1_SOC_golden_top ;              ; HEX1[5]             ; 3.3-V LVTTL                     ; QSF Assignment ;
; I/O Standard ; DE1_SOC_golden_top ;              ; HEX1[6]             ; 3.3-V LVTTL                     ; QSF Assignment ;
; I/O Standard ; DE1_SOC_golden_top ;              ; HEX2[0]             ; 3.3-V LVTTL                     ; QSF Assignment ;
; I/O Standard ; DE1_SOC_golden_top ;              ; HEX2[1]             ; 3.3-V LVTTL                     ; QSF Assignment ;
; I/O Standard ; DE1_SOC_golden_top ;              ; HEX2[2]             ; 3.3-V LVTTL                     ; QSF Assignment ;
; I/O Standard ; DE1_SOC_golden_top ;              ; HEX2[3]             ; 3.3-V LVTTL                     ; QSF Assignment ;
; I/O Standard ; DE1_SOC_golden_top ;              ; HEX2[4]             ; 3.3-V LVTTL                     ; QSF Assignment ;
; I/O Standard ; DE1_SOC_golden_top ;              ; HEX2[5]             ; 3.3-V LVTTL                     ; QSF Assignment ;
; I/O Standard ; DE1_SOC_golden_top ;              ; HEX2[6]             ; 3.3-V LVTTL                     ; QSF Assignment ;
; I/O Standard ; DE1_SOC_golden_top ;              ; HEX3[0]             ; 3.3-V LVTTL                     ; QSF Assignment ;
; I/O Standard ; DE1_SOC_golden_top ;              ; HEX3[1]             ; 3.3-V LVTTL                     ; QSF Assignment ;
; I/O Standard ; DE1_SOC_golden_top ;              ; HEX3[2]             ; 3.3-V LVTTL                     ; QSF Assignment ;
; I/O Standard ; DE1_SOC_golden_top ;              ; HEX3[3]             ; 3.3-V LVTTL                     ; QSF Assignment ;
; I/O Standard ; DE1_SOC_golden_top ;              ; HEX3[4]             ; 3.3-V LVTTL                     ; QSF Assignment ;
; I/O Standard ; DE1_SOC_golden_top ;              ; HEX3[5]             ; 3.3-V LVTTL                     ; QSF Assignment ;
; I/O Standard ; DE1_SOC_golden_top ;              ; HEX3[6]             ; 3.3-V LVTTL                     ; QSF Assignment ;
; I/O Standard ; DE1_SOC_golden_top ;              ; HEX4[0]             ; 3.3-V LVTTL                     ; QSF Assignment ;
; I/O Standard ; DE1_SOC_golden_top ;              ; HEX4[1]             ; 3.3-V LVTTL                     ; QSF Assignment ;
; I/O Standard ; DE1_SOC_golden_top ;              ; HEX4[2]             ; 3.3-V LVTTL                     ; QSF Assignment ;
; I/O Standard ; DE1_SOC_golden_top ;              ; HEX4[3]             ; 3.3-V LVTTL                     ; QSF Assignment ;
; I/O Standard ; DE1_SOC_golden_top ;              ; HEX4[4]             ; 3.3-V LVTTL                     ; QSF Assignment ;
; I/O Standard ; DE1_SOC_golden_top ;              ; HEX4[5]             ; 3.3-V LVTTL                     ; QSF Assignment ;
; I/O Standard ; DE1_SOC_golden_top ;              ; HEX4[6]             ; 3.3-V LVTTL                     ; QSF Assignment ;
; I/O Standard ; DE1_SOC_golden_top ;              ; HEX5[0]             ; 3.3-V LVTTL                     ; QSF Assignment ;
; I/O Standard ; DE1_SOC_golden_top ;              ; HEX5[1]             ; 3.3-V LVTTL                     ; QSF Assignment ;
; I/O Standard ; DE1_SOC_golden_top ;              ; HEX5[2]             ; 3.3-V LVTTL                     ; QSF Assignment ;
; I/O Standard ; DE1_SOC_golden_top ;              ; HEX5[3]             ; 3.3-V LVTTL                     ; QSF Assignment ;
; I/O Standard ; DE1_SOC_golden_top ;              ; HEX5[4]             ; 3.3-V LVTTL                     ; QSF Assignment ;
; I/O Standard ; DE1_SOC_golden_top ;              ; HEX5[5]             ; 3.3-V LVTTL                     ; QSF Assignment ;
; I/O Standard ; DE1_SOC_golden_top ;              ; HEX5[6]             ; 3.3-V LVTTL                     ; QSF Assignment ;
; I/O Standard ; DE1_SOC_golden_top ;              ; HPS_CONV_USB_N      ; 3.3-V LVTTL                     ; QSF Assignment ;
; I/O Standard ; DE1_SOC_golden_top ;              ; HPS_DDR3_ADDR[0]    ; SSTL-15 CLASS I                 ; QSF Assignment ;
; I/O Standard ; DE1_SOC_golden_top ;              ; HPS_DDR3_ADDR[10]   ; SSTL-15 CLASS I                 ; QSF Assignment ;
; I/O Standard ; DE1_SOC_golden_top ;              ; HPS_DDR3_ADDR[11]   ; SSTL-15 CLASS I                 ; QSF Assignment ;
; I/O Standard ; DE1_SOC_golden_top ;              ; HPS_DDR3_ADDR[12]   ; SSTL-15 CLASS I                 ; QSF Assignment ;
; I/O Standard ; DE1_SOC_golden_top ;              ; HPS_DDR3_ADDR[13]   ; SSTL-15 CLASS I                 ; QSF Assignment ;
; I/O Standard ; DE1_SOC_golden_top ;              ; HPS_DDR3_ADDR[14]   ; SSTL-15 CLASS I                 ; QSF Assignment ;
; I/O Standard ; DE1_SOC_golden_top ;              ; HPS_DDR3_ADDR[1]    ; SSTL-15 CLASS I                 ; QSF Assignment ;
; I/O Standard ; DE1_SOC_golden_top ;              ; HPS_DDR3_ADDR[2]    ; SSTL-15 CLASS I                 ; QSF Assignment ;
; I/O Standard ; DE1_SOC_golden_top ;              ; HPS_DDR3_ADDR[3]    ; SSTL-15 CLASS I                 ; QSF Assignment ;
; I/O Standard ; DE1_SOC_golden_top ;              ; HPS_DDR3_ADDR[4]    ; SSTL-15 CLASS I                 ; QSF Assignment ;
; I/O Standard ; DE1_SOC_golden_top ;              ; HPS_DDR3_ADDR[5]    ; SSTL-15 CLASS I                 ; QSF Assignment ;
; I/O Standard ; DE1_SOC_golden_top ;              ; HPS_DDR3_ADDR[6]    ; SSTL-15 CLASS I                 ; QSF Assignment ;
; I/O Standard ; DE1_SOC_golden_top ;              ; HPS_DDR3_ADDR[7]    ; SSTL-15 CLASS I                 ; QSF Assignment ;
; I/O Standard ; DE1_SOC_golden_top ;              ; HPS_DDR3_ADDR[8]    ; SSTL-15 CLASS I                 ; QSF Assignment ;
; I/O Standard ; DE1_SOC_golden_top ;              ; HPS_DDR3_ADDR[9]    ; SSTL-15 CLASS I                 ; QSF Assignment ;
; I/O Standard ; DE1_SOC_golden_top ;              ; HPS_DDR3_BA[0]      ; SSTL-15 CLASS I                 ; QSF Assignment ;
; I/O Standard ; DE1_SOC_golden_top ;              ; HPS_DDR3_BA[1]      ; SSTL-15 CLASS I                 ; QSF Assignment ;
; I/O Standard ; DE1_SOC_golden_top ;              ; HPS_DDR3_BA[2]      ; SSTL-15 CLASS I                 ; QSF Assignment ;
; I/O Standard ; DE1_SOC_golden_top ;              ; HPS_DDR3_CAS_N      ; SSTL-15 CLASS I                 ; QSF Assignment ;
; I/O Standard ; DE1_SOC_golden_top ;              ; HPS_DDR3_CKE        ; SSTL-15 CLASS I                 ; QSF Assignment ;
; I/O Standard ; DE1_SOC_golden_top ;              ; HPS_DDR3_CK_N       ; DIFFERENTIAL 1.5-V SSTL CLASS I ; QSF Assignment ;
; I/O Standard ; DE1_SOC_golden_top ;              ; HPS_DDR3_CK_P       ; DIFFERENTIAL 1.5-V SSTL CLASS I ; QSF Assignment ;
; I/O Standard ; DE1_SOC_golden_top ;              ; HPS_DDR3_CS_N       ; SSTL-15 CLASS I                 ; QSF Assignment ;
; I/O Standard ; DE1_SOC_golden_top ;              ; HPS_DDR3_DM[0]      ; SSTL-15 CLASS I                 ; QSF Assignment ;
; I/O Standard ; DE1_SOC_golden_top ;              ; HPS_DDR3_DM[1]      ; SSTL-15 CLASS I                 ; QSF Assignment ;
; I/O Standard ; DE1_SOC_golden_top ;              ; HPS_DDR3_DM[2]      ; SSTL-15 CLASS I                 ; QSF Assignment ;
; I/O Standard ; DE1_SOC_golden_top ;              ; HPS_DDR3_DM[3]      ; SSTL-15 CLASS I                 ; QSF Assignment ;
; I/O Standard ; DE1_SOC_golden_top ;              ; HPS_DDR3_DQS_N[0]   ; DIFFERENTIAL 1.5-V SSTL CLASS I ; QSF Assignment ;
; I/O Standard ; DE1_SOC_golden_top ;              ; HPS_DDR3_DQS_N[1]   ; DIFFERENTIAL 1.5-V SSTL CLASS I ; QSF Assignment ;
; I/O Standard ; DE1_SOC_golden_top ;              ; HPS_DDR3_DQS_N[2]   ; DIFFERENTIAL 1.5-V SSTL CLASS I ; QSF Assignment ;
; I/O Standard ; DE1_SOC_golden_top ;              ; HPS_DDR3_DQS_N[3]   ; DIFFERENTIAL 1.5-V SSTL CLASS I ; QSF Assignment ;
; I/O Standard ; DE1_SOC_golden_top ;              ; HPS_DDR3_DQS_P[0]   ; DIFFERENTIAL 1.5-V SSTL CLASS I ; QSF Assignment ;
; I/O Standard ; DE1_SOC_golden_top ;              ; HPS_DDR3_DQS_P[1]   ; DIFFERENTIAL 1.5-V SSTL CLASS I ; QSF Assignment ;
; I/O Standard ; DE1_SOC_golden_top ;              ; HPS_DDR3_DQS_P[2]   ; DIFFERENTIAL 1.5-V SSTL CLASS I ; QSF Assignment ;
; I/O Standard ; DE1_SOC_golden_top ;              ; HPS_DDR3_DQS_P[3]   ; DIFFERENTIAL 1.5-V SSTL CLASS I ; QSF Assignment ;
; I/O Standard ; DE1_SOC_golden_top ;              ; HPS_DDR3_DQ[0]      ; SSTL-15 CLASS I                 ; QSF Assignment ;
; I/O Standard ; DE1_SOC_golden_top ;              ; HPS_DDR3_DQ[10]     ; SSTL-15 CLASS I                 ; QSF Assignment ;
; I/O Standard ; DE1_SOC_golden_top ;              ; HPS_DDR3_DQ[11]     ; SSTL-15 CLASS I                 ; QSF Assignment ;
; I/O Standard ; DE1_SOC_golden_top ;              ; HPS_DDR3_DQ[12]     ; SSTL-15 CLASS I                 ; QSF Assignment ;
; I/O Standard ; DE1_SOC_golden_top ;              ; HPS_DDR3_DQ[13]     ; SSTL-15 CLASS I                 ; QSF Assignment ;
; I/O Standard ; DE1_SOC_golden_top ;              ; HPS_DDR3_DQ[14]     ; SSTL-15 CLASS I                 ; QSF Assignment ;
; I/O Standard ; DE1_SOC_golden_top ;              ; HPS_DDR3_DQ[15]     ; SSTL-15 CLASS I                 ; QSF Assignment ;
; I/O Standard ; DE1_SOC_golden_top ;              ; HPS_DDR3_DQ[16]     ; SSTL-15 CLASS I                 ; QSF Assignment ;
; I/O Standard ; DE1_SOC_golden_top ;              ; HPS_DDR3_DQ[17]     ; SSTL-15 CLASS I                 ; QSF Assignment ;
; I/O Standard ; DE1_SOC_golden_top ;              ; HPS_DDR3_DQ[18]     ; SSTL-15 CLASS I                 ; QSF Assignment ;
; I/O Standard ; DE1_SOC_golden_top ;              ; HPS_DDR3_DQ[19]     ; SSTL-15 CLASS I                 ; QSF Assignment ;
; I/O Standard ; DE1_SOC_golden_top ;              ; HPS_DDR3_DQ[1]      ; SSTL-15 CLASS I                 ; QSF Assignment ;
; I/O Standard ; DE1_SOC_golden_top ;              ; HPS_DDR3_DQ[20]     ; SSTL-15 CLASS I                 ; QSF Assignment ;
; I/O Standard ; DE1_SOC_golden_top ;              ; HPS_DDR3_DQ[21]     ; SSTL-15 CLASS I                 ; QSF Assignment ;
; I/O Standard ; DE1_SOC_golden_top ;              ; HPS_DDR3_DQ[22]     ; SSTL-15 CLASS I                 ; QSF Assignment ;
; I/O Standard ; DE1_SOC_golden_top ;              ; HPS_DDR3_DQ[23]     ; SSTL-15 CLASS I                 ; QSF Assignment ;
; I/O Standard ; DE1_SOC_golden_top ;              ; HPS_DDR3_DQ[24]     ; SSTL-15 CLASS I                 ; QSF Assignment ;
; I/O Standard ; DE1_SOC_golden_top ;              ; HPS_DDR3_DQ[25]     ; SSTL-15 CLASS I                 ; QSF Assignment ;
; I/O Standard ; DE1_SOC_golden_top ;              ; HPS_DDR3_DQ[26]     ; SSTL-15 CLASS I                 ; QSF Assignment ;
; I/O Standard ; DE1_SOC_golden_top ;              ; HPS_DDR3_DQ[27]     ; SSTL-15 CLASS I                 ; QSF Assignment ;
; I/O Standard ; DE1_SOC_golden_top ;              ; HPS_DDR3_DQ[28]     ; SSTL-15 CLASS I                 ; QSF Assignment ;
; I/O Standard ; DE1_SOC_golden_top ;              ; HPS_DDR3_DQ[29]     ; SSTL-15 CLASS I                 ; QSF Assignment ;
; I/O Standard ; DE1_SOC_golden_top ;              ; HPS_DDR3_DQ[2]      ; SSTL-15 CLASS I                 ; QSF Assignment ;
; I/O Standard ; DE1_SOC_golden_top ;              ; HPS_DDR3_DQ[30]     ; SSTL-15 CLASS I                 ; QSF Assignment ;
; I/O Standard ; DE1_SOC_golden_top ;              ; HPS_DDR3_DQ[31]     ; SSTL-15 CLASS I                 ; QSF Assignment ;
; I/O Standard ; DE1_SOC_golden_top ;              ; HPS_DDR3_DQ[3]      ; SSTL-15 CLASS I                 ; QSF Assignment ;
; I/O Standard ; DE1_SOC_golden_top ;              ; HPS_DDR3_DQ[4]      ; SSTL-15 CLASS I                 ; QSF Assignment ;
; I/O Standard ; DE1_SOC_golden_top ;              ; HPS_DDR3_DQ[5]      ; SSTL-15 CLASS I                 ; QSF Assignment ;
; I/O Standard ; DE1_SOC_golden_top ;              ; HPS_DDR3_DQ[6]      ; SSTL-15 CLASS I                 ; QSF Assignment ;
; I/O Standard ; DE1_SOC_golden_top ;              ; HPS_DDR3_DQ[7]      ; SSTL-15 CLASS I                 ; QSF Assignment ;
; I/O Standard ; DE1_SOC_golden_top ;              ; HPS_DDR3_DQ[8]      ; SSTL-15 CLASS I                 ; QSF Assignment ;
; I/O Standard ; DE1_SOC_golden_top ;              ; HPS_DDR3_DQ[9]      ; SSTL-15 CLASS I                 ; QSF Assignment ;
; I/O Standard ; DE1_SOC_golden_top ;              ; HPS_DDR3_ODT        ; SSTL-15 CLASS I                 ; QSF Assignment ;
; I/O Standard ; DE1_SOC_golden_top ;              ; HPS_DDR3_RAS_N      ; SSTL-15 CLASS I                 ; QSF Assignment ;
; I/O Standard ; DE1_SOC_golden_top ;              ; HPS_DDR3_RESET_N    ; SSTL-15 CLASS I                 ; QSF Assignment ;
; I/O Standard ; DE1_SOC_golden_top ;              ; HPS_DDR3_RZQ        ; SSTL-15 CLASS I                 ; QSF Assignment ;
; I/O Standard ; DE1_SOC_golden_top ;              ; HPS_DDR3_WE_N       ; SSTL-15 CLASS I                 ; QSF Assignment ;
; I/O Standard ; DE1_SOC_golden_top ;              ; HPS_ENET_GTX_CLK    ; 3.3-V LVTTL                     ; QSF Assignment ;
; I/O Standard ; DE1_SOC_golden_top ;              ; HPS_ENET_INT_N      ; 3.3-V LVTTL                     ; QSF Assignment ;
; I/O Standard ; DE1_SOC_golden_top ;              ; HPS_ENET_MDC        ; 3.3-V LVTTL                     ; QSF Assignment ;
; I/O Standard ; DE1_SOC_golden_top ;              ; HPS_ENET_MDIO       ; 3.3-V LVTTL                     ; QSF Assignment ;
; I/O Standard ; DE1_SOC_golden_top ;              ; HPS_ENET_RX_CLK     ; 3.3-V LVTTL                     ; QSF Assignment ;
; I/O Standard ; DE1_SOC_golden_top ;              ; HPS_ENET_RX_DATA[0] ; 3.3-V LVTTL                     ; QSF Assignment ;
; I/O Standard ; DE1_SOC_golden_top ;              ; HPS_ENET_RX_DATA[1] ; 3.3-V LVTTL                     ; QSF Assignment ;
; I/O Standard ; DE1_SOC_golden_top ;              ; HPS_ENET_RX_DATA[2] ; 3.3-V LVTTL                     ; QSF Assignment ;
; I/O Standard ; DE1_SOC_golden_top ;              ; HPS_ENET_RX_DATA[3] ; 3.3-V LVTTL                     ; QSF Assignment ;
; I/O Standard ; DE1_SOC_golden_top ;              ; HPS_ENET_RX_DV      ; 3.3-V LVTTL                     ; QSF Assignment ;
; I/O Standard ; DE1_SOC_golden_top ;              ; HPS_ENET_TX_DATA[0] ; 3.3-V LVTTL                     ; QSF Assignment ;
; I/O Standard ; DE1_SOC_golden_top ;              ; HPS_ENET_TX_DATA[1] ; 3.3-V LVTTL                     ; QSF Assignment ;
; I/O Standard ; DE1_SOC_golden_top ;              ; HPS_ENET_TX_DATA[2] ; 3.3-V LVTTL                     ; QSF Assignment ;
; I/O Standard ; DE1_SOC_golden_top ;              ; HPS_ENET_TX_DATA[3] ; 3.3-V LVTTL                     ; QSF Assignment ;
; I/O Standard ; DE1_SOC_golden_top ;              ; HPS_ENET_TX_EN      ; 3.3-V LVTTL                     ; QSF Assignment ;
; I/O Standard ; DE1_SOC_golden_top ;              ; HPS_FLASH_DATA[0]   ; 3.3-V LVTTL                     ; QSF Assignment ;
; I/O Standard ; DE1_SOC_golden_top ;              ; HPS_FLASH_DATA[1]   ; 3.3-V LVTTL                     ; QSF Assignment ;
; I/O Standard ; DE1_SOC_golden_top ;              ; HPS_FLASH_DATA[2]   ; 3.3-V LVTTL                     ; QSF Assignment ;
; I/O Standard ; DE1_SOC_golden_top ;              ; HPS_FLASH_DATA[3]   ; 3.3-V LVTTL                     ; QSF Assignment ;
; I/O Standard ; DE1_SOC_golden_top ;              ; HPS_FLASH_DCLK      ; 3.3-V LVTTL                     ; QSF Assignment ;
; I/O Standard ; DE1_SOC_golden_top ;              ; HPS_FLASH_NCSO      ; 3.3-V LVTTL                     ; QSF Assignment ;
; I/O Standard ; DE1_SOC_golden_top ;              ; HPS_GSENSOR_INT     ; 3.3-V LVTTL                     ; QSF Assignment ;
; I/O Standard ; DE1_SOC_golden_top ;              ; HPS_I2C1_SCLK       ; 3.3-V LVTTL                     ; QSF Assignment ;
; I/O Standard ; DE1_SOC_golden_top ;              ; HPS_I2C1_SDAT       ; 3.3-V LVTTL                     ; QSF Assignment ;
; I/O Standard ; DE1_SOC_golden_top ;              ; HPS_I2C2_SCLK       ; 3.3-V LVTTL                     ; QSF Assignment ;
; I/O Standard ; DE1_SOC_golden_top ;              ; HPS_I2C2_SDAT       ; 3.3-V LVTTL                     ; QSF Assignment ;
; I/O Standard ; DE1_SOC_golden_top ;              ; HPS_I2C_CONTROL     ; 3.3-V LVTTL                     ; QSF Assignment ;
; I/O Standard ; DE1_SOC_golden_top ;              ; HPS_KEY             ; 3.3-V LVTTL                     ; QSF Assignment ;
; I/O Standard ; DE1_SOC_golden_top ;              ; HPS_LED             ; 3.3-V LVTTL                     ; QSF Assignment ;
; I/O Standard ; DE1_SOC_golden_top ;              ; HPS_LTC_GPIO        ; 3.3-V LVTTL                     ; QSF Assignment ;
; I/O Standard ; DE1_SOC_golden_top ;              ; HPS_SD_CLK          ; 3.3-V LVTTL                     ; QSF Assignment ;
; I/O Standard ; DE1_SOC_golden_top ;              ; HPS_SD_CMD          ; 3.3-V LVTTL                     ; QSF Assignment ;
; I/O Standard ; DE1_SOC_golden_top ;              ; HPS_SD_DATA[0]      ; 3.3-V LVTTL                     ; QSF Assignment ;
; I/O Standard ; DE1_SOC_golden_top ;              ; HPS_SD_DATA[1]      ; 3.3-V LVTTL                     ; QSF Assignment ;
; I/O Standard ; DE1_SOC_golden_top ;              ; HPS_SD_DATA[2]      ; 3.3-V LVTTL                     ; QSF Assignment ;
; I/O Standard ; DE1_SOC_golden_top ;              ; HPS_SD_DATA[3]      ; 3.3-V LVTTL                     ; QSF Assignment ;
; I/O Standard ; DE1_SOC_golden_top ;              ; HPS_SPIM_CLK        ; 3.3-V LVTTL                     ; QSF Assignment ;
; I/O Standard ; DE1_SOC_golden_top ;              ; HPS_SPIM_MISO       ; 3.3-V LVTTL                     ; QSF Assignment ;
; I/O Standard ; DE1_SOC_golden_top ;              ; HPS_SPIM_MOSI       ; 3.3-V LVTTL                     ; QSF Assignment ;
; I/O Standard ; DE1_SOC_golden_top ;              ; HPS_SPIM_SS         ; 3.3-V LVTTL                     ; QSF Assignment ;
; I/O Standard ; DE1_SOC_golden_top ;              ; HPS_UART_RX         ; 3.3-V LVTTL                     ; QSF Assignment ;
; I/O Standard ; DE1_SOC_golden_top ;              ; HPS_UART_TX         ; 3.3-V LVTTL                     ; QSF Assignment ;
; I/O Standard ; DE1_SOC_golden_top ;              ; HPS_USB_CLKOUT      ; 3.3-V LVTTL                     ; QSF Assignment ;
; I/O Standard ; DE1_SOC_golden_top ;              ; HPS_USB_DATA[0]     ; 3.3-V LVTTL                     ; QSF Assignment ;
; I/O Standard ; DE1_SOC_golden_top ;              ; HPS_USB_DATA[1]     ; 3.3-V LVTTL                     ; QSF Assignment ;
; I/O Standard ; DE1_SOC_golden_top ;              ; HPS_USB_DATA[2]     ; 3.3-V LVTTL                     ; QSF Assignment ;
; I/O Standard ; DE1_SOC_golden_top ;              ; HPS_USB_DATA[3]     ; 3.3-V LVTTL                     ; QSF Assignment ;
; I/O Standard ; DE1_SOC_golden_top ;              ; HPS_USB_DATA[4]     ; 3.3-V LVTTL                     ; QSF Assignment ;
; I/O Standard ; DE1_SOC_golden_top ;              ; HPS_USB_DATA[5]     ; 3.3-V LVTTL                     ; QSF Assignment ;
; I/O Standard ; DE1_SOC_golden_top ;              ; HPS_USB_DATA[6]     ; 3.3-V LVTTL                     ; QSF Assignment ;
; I/O Standard ; DE1_SOC_golden_top ;              ; HPS_USB_DATA[7]     ; 3.3-V LVTTL                     ; QSF Assignment ;
; I/O Standard ; DE1_SOC_golden_top ;              ; HPS_USB_DIR         ; 3.3-V LVTTL                     ; QSF Assignment ;
; I/O Standard ; DE1_SOC_golden_top ;              ; HPS_USB_NXT         ; 3.3-V LVTTL                     ; QSF Assignment ;
; I/O Standard ; DE1_SOC_golden_top ;              ; HPS_USB_STP         ; 3.3-V LVTTL                     ; QSF Assignment ;
; I/O Standard ; DE1_SOC_golden_top ;              ; IRDA_RXD            ; 3.3-V LVTTL                     ; QSF Assignment ;
; I/O Standard ; DE1_SOC_golden_top ;              ; IRDA_TXD            ; 3.3-V LVTTL                     ; QSF Assignment ;
; I/O Standard ; DE1_SOC_golden_top ;              ; PS2_CLK             ; 3.3-V LVTTL                     ; QSF Assignment ;
; I/O Standard ; DE1_SOC_golden_top ;              ; PS2_CLK2            ; 3.3-V LVTTL                     ; QSF Assignment ;
; I/O Standard ; DE1_SOC_golden_top ;              ; PS2_DAT             ; 3.3-V LVTTL                     ; QSF Assignment ;
; I/O Standard ; DE1_SOC_golden_top ;              ; PS2_DAT2            ; 3.3-V LVTTL                     ; QSF Assignment ;
; I/O Standard ; DE1_SOC_golden_top ;              ; TD_CLK27            ; 3.3-V LVTTL                     ; QSF Assignment ;
; I/O Standard ; DE1_SOC_golden_top ;              ; TD_DATA[0]          ; 3.3-V LVTTL                     ; QSF Assignment ;
; I/O Standard ; DE1_SOC_golden_top ;              ; TD_DATA[1]          ; 3.3-V LVTTL                     ; QSF Assignment ;
; I/O Standard ; DE1_SOC_golden_top ;              ; TD_DATA[2]          ; 3.3-V LVTTL                     ; QSF Assignment ;
; I/O Standard ; DE1_SOC_golden_top ;              ; TD_DATA[3]          ; 3.3-V LVTTL                     ; QSF Assignment ;
; I/O Standard ; DE1_SOC_golden_top ;              ; TD_DATA[4]          ; 3.3-V LVTTL                     ; QSF Assignment ;
; I/O Standard ; DE1_SOC_golden_top ;              ; TD_DATA[5]          ; 3.3-V LVTTL                     ; QSF Assignment ;
; I/O Standard ; DE1_SOC_golden_top ;              ; TD_DATA[6]          ; 3.3-V LVTTL                     ; QSF Assignment ;
; I/O Standard ; DE1_SOC_golden_top ;              ; TD_DATA[7]          ; 3.3-V LVTTL                     ; QSF Assignment ;
; I/O Standard ; DE1_SOC_golden_top ;              ; TD_HS               ; 3.3-V LVTTL                     ; QSF Assignment ;
; I/O Standard ; DE1_SOC_golden_top ;              ; TD_RESET_N          ; 3.3-V LVTTL                     ; QSF Assignment ;
; I/O Standard ; DE1_SOC_golden_top ;              ; TD_VS               ; 3.3-V LVTTL                     ; QSF Assignment ;
+--------------+--------------------+--------------+---------------------+---------------------------------+----------------+


+---------------------------------------------------------------------------------------------------+
; Incremental Compilation Preservation Summary                                                      ;
+---------------------+---------------------+----------------------------+--------------------------+
; Type                ; Total [A + B]       ; From Design Partitions [A] ; From Rapid Recompile [B] ;
+---------------------+---------------------+----------------------------+--------------------------+
; Placement (by node) ;                     ;                            ;                          ;
;     -- Requested    ; 0.00 % ( 0 / 6343 ) ; 0.00 % ( 0 / 6343 )        ; 0.00 % ( 0 / 6343 )      ;
;     -- Achieved     ; 0.00 % ( 0 / 6343 ) ; 0.00 % ( 0 / 6343 )        ; 0.00 % ( 0 / 6343 )      ;
;                     ;                     ;                            ;                          ;
; Routing (by net)    ;                     ;                            ;                          ;
;     -- Requested    ; 0.00 % ( 0 / 0 )    ; 0.00 % ( 0 / 0 )           ; 0.00 % ( 0 / 0 )         ;
;     -- Achieved     ; 0.00 % ( 0 / 0 )    ; 0.00 % ( 0 / 0 )           ; 0.00 % ( 0 / 0 )         ;
+---------------------+---------------------+----------------------------+--------------------------+


+----------------------------------------------------------------------------------------------------------------------------------------------------------------------------------------+
; Incremental Compilation Partition Settings                                                                                                                                             ;
+--------------------------------+----------------+-------------------+-------------------------+------------------------+------------------------------+--------------------------------+
; Partition Name                 ; Partition Type ; Netlist Type Used ; Preservation Level Used ; Netlist Type Requested ; Preservation Level Requested ; Contents                       ;
+--------------------------------+----------------+-------------------+-------------------------+------------------------+------------------------------+--------------------------------+
; Top                            ; User-created   ; Source File       ; N/A                     ; Source File            ; N/A                          ;                                ;
; hard_block:auto_generated_inst ; Auto-generated ; Source File       ; N/A                     ; Source File            ; N/A                          ; hard_block:auto_generated_inst ;
+--------------------------------+----------------+-------------------+-------------------------+------------------------+------------------------------+--------------------------------+


+------------------------------------------------------------------------------------------------------------------------------------+
; Incremental Compilation Placement Preservation                                                                                     ;
+--------------------------------+-----------------------+-------------------------+-------------------+---------------------+-------+
; Partition Name                 ; Preservation Achieved ; Preservation Level Used ; Netlist Type Used ; Preservation Method ; Notes ;
+--------------------------------+-----------------------+-------------------------+-------------------+---------------------+-------+
; Top                            ; 0.00 % ( 0 / 6343 )   ; N/A                     ; Source File       ; N/A                 ;       ;
; hard_block:auto_generated_inst ; 0.00 % ( 0 / 0 )      ; N/A                     ; Source File       ; N/A                 ;       ;
+--------------------------------+-----------------------+-------------------------+-------------------+---------------------+-------+


+--------------+
; Pin-Out File ;
+--------------+
The pin-out file can be found in /home/walef-souza/Downloads/COPROCESSADORANW/output_files/COPROCESSADORANW.pin.


+---------------------------------------------------------------------------------------------+
; Fitter Resource Usage Summary                                                               ;
+-------------------------------------------------------------+-----------------------+-------+
; Resource                                                    ; Usage                 ; %     ;
+-------------------------------------------------------------+-----------------------+-------+
; Logic utilization (ALMs needed / total ALMs on device)      ; 3,083 / 32,070        ; 10 %  ;
; ALMs needed [=A-B+C]                                        ; 3,083                 ;       ;
;     [A] ALMs used in final placement [=a+b+c+d]             ; 3,258 / 32,070        ; 10 %  ;
;         [a] ALMs used for LUT logic and registers           ; 230                   ;       ;
;         [b] ALMs used for LUT logic                         ; 2,615                 ;       ;
;         [c] ALMs used for registers                         ; 413                   ;       ;
;         [d] ALMs used for memory (up to half of total ALMs) ; 0                     ;       ;
;     [B] Estimate of ALMs recoverable by dense packing       ; 270 / 32,070          ; < 1 % ;
;     [C] Estimate of ALMs unavailable [=a+b+c+d]             ; 95 / 32,070           ; < 1 % ;
;         [a] Due to location constrained logic               ; 0                     ;       ;
;         [b] Due to LAB-wide signal conflicts                ; 0                     ;       ;
;         [c] Due to LAB input limits                         ; 95                    ;       ;
;         [d] Due to virtual I/Os                             ; 0                     ;       ;
;                                                             ;                       ;       ;
; Difficulty packing design                                   ; Low                   ;       ;
;                                                             ;                       ;       ;
; Total LABs:  partially or completely used                   ; 425 / 3,207           ; 13 %  ;
;     -- Logic LABs                                           ; 425                   ;       ;
;     -- Memory LABs (up to half of total LABs)               ; 0                     ;       ;
;                                                             ;                       ;       ;
; Combinational ALUT usage for logic                          ; 4,753                 ;       ;
;     -- 7 input functions                                    ; 45                    ;       ;
;     -- 6 input functions                                    ; 1,136                 ;       ;
;     -- 5 input functions                                    ; 1,043                 ;       ;
;     -- 4 input functions                                    ; 1,051                 ;       ;
;     -- <=3 input functions                                  ; 1,478                 ;       ;
; Combinational ALUT usage for route-throughs                 ; 159                   ;       ;
;                                                             ;                       ;       ;
; Dedicated logic registers                                   ; 1,297                 ;       ;
;     -- By type:                                             ;                       ;       ;
;         -- Primary logic registers                          ; 1,285 / 64,140        ; 2 %   ;
;         -- Secondary logic registers                        ; 12 / 64,140           ; < 1 % ;
;     -- By function:                                         ;                       ;       ;
;         -- Design implementation registers                  ; 1,285                 ;       ;
;         -- Routing optimization registers                   ; 12                    ;       ;
;                                                             ;                       ;       ;
; Virtual pins                                                ; 0                     ;       ;
; I/O pins                                                    ; 54 / 457              ; 12 %  ;
;     -- Clock pins                                           ; 4 / 8                 ; 50 %  ;
;     -- Dedicated input pins                                 ; 0 / 21                ; 0 %   ;
;                                                             ;                       ;       ;
; Hard processor system peripheral utilization                ;                       ;       ;
;     -- Boot from FPGA                                       ; 0 / 1 ( 0 % )         ;       ;
;     -- Clock resets                                         ; 0 / 1 ( 0 % )         ;       ;
;     -- Cross trigger                                        ; 0 / 1 ( 0 % )         ;       ;
;     -- S2F AXI                                              ; 0 / 1 ( 0 % )         ;       ;
;     -- F2S AXI                                              ; 0 / 1 ( 0 % )         ;       ;
;     -- AXI Lightweight                                      ; 0 / 1 ( 0 % )         ;       ;
;     -- SDRAM                                                ; 0 / 1 ( 0 % )         ;       ;
;     -- Interrupts                                           ; 0 / 1 ( 0 % )         ;       ;
;     -- JTAG                                                 ; 0 / 1 ( 0 % )         ;       ;
;     -- Loan I/O                                             ; 0 / 1 ( 0 % )         ;       ;
;     -- MPU event standby                                    ; 0 / 1 ( 0 % )         ;       ;
;     -- MPU general purpose                                  ; 0 / 1 ( 0 % )         ;       ;
;     -- STM event                                            ; 0 / 1 ( 0 % )         ;       ;
;     -- TPIU trace                                           ; 0 / 1 ( 0 % )         ;       ;
;     -- DMA                                                  ; 0 / 1 ( 0 % )         ;       ;
;     -- CAN                                                  ; 0 / 2 ( 0 % )         ;       ;
;     -- EMAC                                                 ; 0 / 2 ( 0 % )         ;       ;
;     -- I2C                                                  ; 0 / 4 ( 0 % )         ;       ;
;     -- NAND Flash                                           ; 0 / 1 ( 0 % )         ;       ;
;     -- QSPI                                                 ; 0 / 1 ( 0 % )         ;       ;
;     -- SDMMC                                                ; 0 / 1 ( 0 % )         ;       ;
;     -- SPI Master                                           ; 0 / 2 ( 0 % )         ;       ;
;     -- SPI Slave                                            ; 0 / 2 ( 0 % )         ;       ;
;     -- UART                                                 ; 0 / 2 ( 0 % )         ;       ;
;     -- USB                                                  ; 0 / 2 ( 0 % )         ;       ;
;                                                             ;                       ;       ;
; M10K blocks                                                 ; 163 / 397             ; 41 %  ;
; Total MLAB memory bits                                      ; 0                     ;       ;
; Total block memory bits                                     ; 1,320,960 / 4,065,280 ; 32 %  ;
; Total block memory implementation bits                      ; 1,669,120 / 4,065,280 ; 41 %  ;
;                                                             ;                       ;       ;
; Total DSP Blocks                                            ; 16 / 87               ; 18 %  ;
;                                                             ;                       ;       ;
; Fractional PLLs                                             ; 0 / 6                 ; 0 %   ;
; Global signals                                              ; 0                     ;       ;
;     -- Global clocks                                        ; 0 / 16                ; 0 %   ;
;     -- Quadrant clocks                                      ; 0 / 66                ; 0 %   ;
;     -- Horizontal periphery clocks                          ; 0 / 18                ; 0 %   ;
; SERDES Transmitters                                         ; 0 / 100               ; 0 %   ;
; SERDES Receivers                                            ; 0 / 100               ; 0 %   ;
; JTAGs                                                       ; 0 / 1                 ; 0 %   ;
; ASMI blocks                                                 ; 0 / 1                 ; 0 %   ;
; CRC blocks                                                  ; 0 / 1                 ; 0 %   ;
; Remote update blocks                                        ; 0 / 1                 ; 0 %   ;
; Oscillator blocks                                           ; 0 / 1                 ; 0 %   ;
; Impedance control blocks                                    ; 0 / 4                 ; 0 %   ;
; Hard Memory Controllers                                     ; 0 / 2                 ; 0 %   ;
; Average interconnect usage (total/H/V)                      ; 5.1% / 5.1% / 4.9%    ;       ;
; Peak interconnect usage (total/H/V)                         ; 34.3% / 34.0% / 35.5% ;       ;
; Maximum fan-out                                             ; 1614                  ;       ;
; Highest non-global fan-out                                  ; 1614                  ;       ;
; Total fan-out                                               ; 31375                 ;       ;
; Average fan-out                                             ; 4.83                  ;       ;
+-------------------------------------------------------------+-----------------------+-------+


+----------------------------------------------------------------------------------------------------------------------+
; Fitter Partition Statistics                                                                                          ;
+-------------------------------------------------------------+-----------------------+--------------------------------+
; Statistic                                                   ; Top                   ; hard_block:auto_generated_inst ;
+-------------------------------------------------------------+-----------------------+--------------------------------+
; Logic utilization (ALMs needed / total ALMs on device)      ; 3083 / 32070 ( 10 % ) ; 0 / 32070 ( 0 % )              ;
; ALMs needed [=A-B+C]                                        ; 3083                  ; 0                              ;
;     [A] ALMs used in final placement [=a+b+c+d]             ; 3258 / 32070 ( 10 % ) ; 0 / 32070 ( 0 % )              ;
;         [a] ALMs used for LUT logic and registers           ; 230                   ; 0                              ;
;         [b] ALMs used for LUT logic                         ; 2615                  ; 0                              ;
;         [c] ALMs used for registers                         ; 413                   ; 0                              ;
;         [d] ALMs used for memory (up to half of total ALMs) ; 0                     ; 0                              ;
;     [B] Estimate of ALMs recoverable by dense packing       ; 270 / 32070 ( < 1 % ) ; 0 / 32070 ( 0 % )              ;
;     [C] Estimate of ALMs unavailable [=a+b+c+d]             ; 95 / 32070 ( < 1 % )  ; 0 / 32070 ( 0 % )              ;
;         [a] Due to location constrained logic               ; 0                     ; 0                              ;
;         [b] Due to LAB-wide signal conflicts                ; 0                     ; 0                              ;
;         [c] Due to LAB input limits                         ; 95                    ; 0                              ;
;         [d] Due to virtual I/Os                             ; 0                     ; 0                              ;
;                                                             ;                       ;                                ;
; Difficulty packing design                                   ; Low                   ; Low                            ;
;                                                             ;                       ;                                ;
; Total LABs:  partially or completely used                   ; 425 / 3207 ( 13 % )   ; 0 / 3207 ( 0 % )               ;
;     -- Logic LABs                                           ; 425                   ; 0                              ;
;     -- Memory LABs (up to half of total LABs)               ; 0                     ; 0                              ;
;                                                             ;                       ;                                ;
; Combinational ALUT usage for logic                          ; 4753                  ; 0                              ;
;     -- 7 input functions                                    ; 45                    ; 0                              ;
;     -- 6 input functions                                    ; 1136                  ; 0                              ;
;     -- 5 input functions                                    ; 1043                  ; 0                              ;
;     -- 4 input functions                                    ; 1051                  ; 0                              ;
;     -- <=3 input functions                                  ; 1478                  ; 0                              ;
; Combinational ALUT usage for route-throughs                 ; 159                   ; 0                              ;
; Memory ALUT usage                                           ; 0                     ; 0                              ;
;     -- 64-address deep                                      ; 0                     ; 0                              ;
;     -- 32-address deep                                      ; 0                     ; 0                              ;
;                                                             ;                       ;                                ;
; Dedicated logic registers                                   ; 0                     ; 0                              ;
;     -- By type:                                             ;                       ;                                ;
;         -- Primary logic registers                          ; 1285 / 64140 ( 2 % )  ; 0 / 64140 ( 0 % )              ;
;         -- Secondary logic registers                        ; 12 / 64140 ( < 1 % )  ; 0 / 64140 ( 0 % )              ;
;     -- By function:                                         ;                       ;                                ;
;         -- Design implementation registers                  ; 1285                  ; 0                              ;
;         -- Routing optimization registers                   ; 12                    ; 0                              ;
;                                                             ;                       ;                                ;
;                                                             ;                       ;                                ;
; Virtual pins                                                ; 0                     ; 0                              ;
; I/O pins                                                    ; 54                    ; 0                              ;
; I/O registers                                               ; 0                     ; 0                              ;
; Total block memory bits                                     ; 1320960               ; 0                              ;
; Total block memory implementation bits                      ; 1669120               ; 0                              ;
; M10K block                                                  ; 163 / 397 ( 41 % )    ; 0 / 397 ( 0 % )                ;
; DSP block                                                   ; 16 / 87 ( 18 % )      ; 0 / 87 ( 0 % )                 ;
;                                                             ;                       ;                                ;
; Connections                                                 ;                       ;                                ;
;     -- Input Connections                                    ; 0                     ; 0                              ;
;     -- Registered Input Connections                         ; 0                     ; 0                              ;
;     -- Output Connections                                   ; 0                     ; 0                              ;
;     -- Registered Output Connections                        ; 0                     ; 0                              ;
;                                                             ;                       ;                                ;
; Internal Connections                                        ;                       ;                                ;
;     -- Total Connections                                    ; 34519                 ; 0                              ;
;     -- Registered Connections                               ; 9036                  ; 0                              ;
;                                                             ;                       ;                                ;
; External Connections                                        ;                       ;                                ;
;     -- Top                                                  ; 0                     ; 0                              ;
;     -- hard_block:auto_generated_inst                       ; 0                     ; 0                              ;
;                                                             ;                       ;                                ;
; Partition Interface                                         ;                       ;                                ;
;     -- Input Ports                                          ; 15                    ; 0                              ;
;     -- Output Ports                                         ; 39                    ; 0                              ;
;     -- Bidir Ports                                          ; 0                     ; 0                              ;
;                                                             ;                       ;                                ;
; Registered Ports                                            ;                       ;                                ;
;     -- Registered Input Ports                               ; 0                     ; 0                              ;
;     -- Registered Output Ports                              ; 0                     ; 0                              ;
;                                                             ;                       ;                                ;
; Port Connectivity                                           ;                       ;                                ;
;     -- Input Ports driven by GND                            ; 0                     ; 0                              ;
;     -- Output Ports driven by GND                           ; 0                     ; 0                              ;
;     -- Input Ports driven by VCC                            ; 0                     ; 0                              ;
;     -- Output Ports driven by VCC                           ; 0                     ; 0                              ;
;     -- Input Ports with no Source                           ; 0                     ; 0                              ;
;     -- Output Ports with no Source                          ; 0                     ; 0                              ;
;     -- Input Ports with no Fanout                           ; 0                     ; 0                              ;
;     -- Output Ports with no Fanout                          ; 0                     ; 0                              ;
+-------------------------------------------------------------+-----------------------+--------------------------------+


+-----------------------------------------------------------------------------------------------------------------------------------------------------------------------------------------------------------------------------------------------------------------------------------------+
; Input Pins                                                                                                                                                                                                                                                                              ;
+----------+-------+----------+--------------+--------------+--------------+-----------------------+--------------------+--------+----------------+-----------------+----------+--------------+--------------+-------------+---------------------------+----------------------+-----------+
; Name     ; Pin # ; I/O Bank ; X coordinate ; Y coordinate ; Z coordinate ; Combinational Fan-Out ; Registered Fan-Out ; Global ; Input Register ; PCI I/O Enabled ; Bus Hold ; Weak Pull Up ; I/O Standard ; Termination ; Termination Control Block ; Location assigned by ; Slew Rate ;
+----------+-------+----------+--------------+--------------+--------------+-----------------------+--------------------+--------+----------------+-----------------+----------+--------------+--------------+-------------+---------------------------+----------------------+-----------+
; CLOCK_50 ; AF14  ; 3B       ; 32           ; 0            ; 0            ; 1                     ; 0                  ; no     ; no             ; no              ; no       ; Off          ; 3.3-V LVTTL  ; Off         ; --                        ; User                 ; no        ;
; KEY[0]   ; AA14  ; 3B       ; 36           ; 0            ; 0            ; 1321                  ; 0                  ; no     ; no             ; no              ; no       ; Off          ; 3.3-V LVTTL  ; Off         ; --                        ; User                 ; no        ;
; KEY[1]   ; AA15  ; 3B       ; 36           ; 0            ; 17           ; 1                     ; 0                  ; no     ; no             ; no              ; no       ; Off          ; 3.3-V LVTTL  ; Off         ; --                        ; User                 ; no        ;
; KEY[2]   ; W15   ; 3B       ; 40           ; 0            ; 0            ; 1                     ; 0                  ; no     ; no             ; no              ; no       ; Off          ; 3.3-V LVTTL  ; Off         ; --                        ; User                 ; no        ;
; KEY[3]   ; Y16   ; 3B       ; 40           ; 0            ; 17           ; 1                     ; 0                  ; no     ; no             ; no              ; no       ; Off          ; 3.3-V LVTTL  ; Off         ; --                        ; User                 ; no        ;
; SW[0]    ; AB12  ; 3A       ; 12           ; 0            ; 17           ; 27                    ; 0                  ; no     ; no             ; no              ; no       ; Off          ; 3.3-V LVTTL  ; Off         ; --                        ; User                 ; no        ;
; SW[1]    ; AC12  ; 3A       ; 16           ; 0            ; 0            ; 9                     ; 0                  ; no     ; no             ; no              ; no       ; Off          ; 3.3-V LVTTL  ; Off         ; --                        ; User                 ; no        ;
; SW[2]    ; AF9   ; 3A       ; 8            ; 0            ; 34           ; 24                    ; 0                  ; no     ; no             ; no              ; no       ; Off          ; 3.3-V LVTTL  ; Off         ; --                        ; User                 ; no        ;
; SW[3]    ; AF10  ; 3A       ; 4            ; 0            ; 51           ; 9                     ; 0                  ; no     ; no             ; no              ; no       ; Off          ; 3.3-V LVTTL  ; Off         ; --                        ; User                 ; no        ;
; SW[4]    ; AD11  ; 3A       ; 2            ; 0            ; 40           ; 5                     ; 0                  ; no     ; no             ; no              ; no       ; Off          ; 3.3-V LVTTL  ; Off         ; --                        ; User                 ; no        ;
; SW[5]    ; AD12  ; 3A       ; 16           ; 0            ; 17           ; 5                     ; 0                  ; no     ; no             ; no              ; no       ; Off          ; 3.3-V LVTTL  ; Off         ; --                        ; User                 ; no        ;
; SW[6]    ; AE11  ; 3A       ; 4            ; 0            ; 34           ; 5                     ; 0                  ; no     ; no             ; no              ; no       ; Off          ; 3.3-V LVTTL  ; Off         ; --                        ; User                 ; no        ;
; SW[7]    ; AC9   ; 3A       ; 4            ; 0            ; 0            ; 12                    ; 0                  ; no     ; no             ; no              ; no       ; Off          ; 3.3-V LVTTL  ; Off         ; --                        ; User                 ; no        ;
; SW[8]    ; AD10  ; 3A       ; 4            ; 0            ; 17           ; 12                    ; 0                  ; no     ; no             ; no              ; no       ; Off          ; 3.3-V LVTTL  ; Off         ; --                        ; User                 ; no        ;
; SW[9]    ; AE12  ; 3A       ; 2            ; 0            ; 57           ; 41                    ; 0                  ; no     ; no             ; no              ; no       ; Off          ; 3.3-V LVTTL  ; Off         ; --                        ; User                 ; no        ;
+----------+-------+----------+--------------+--------------+--------------+-----------------------+--------------------+--------+----------------+-----------------+----------+--------------+--------------+-------------+---------------------------+----------------------+-----------+


+----------------------------------------------------------------------------------------------------------------------------------------------------------------------------------------------------------------------------------------------------------------------------------------------------------------------------------------------------------------------------------------------------------------------------------------------------------------------------+
; Output Pins                                                                                                                                                                                                                                                                                                                                                                                                                                                                ;
+-------------+-------+----------+--------------+--------------+--------------+-----------------+------------------------+-----------+-----------------+------------+---------------+----------+--------------+--------------+------------------+-------------+---------------------------+----------------------------+-----------------------------+---------------------+-----------------------------+----------------------+----------------------+---------------------+
; Name        ; Pin # ; I/O Bank ; X coordinate ; Y coordinate ; Z coordinate ; Output Register ; Output Enable Register ; Slew Rate ; PCI I/O Enabled ; Open Drain ; TRI Primitive ; Bus Hold ; Weak Pull Up ; I/O Standard ; Current Strength ; Termination ; Termination Control Block ; Output Buffer Pre-emphasis ; Voltage Output Differential ; Output Buffer Delay ; Output Buffer Delay Control ; Location assigned by ; Output Enable Source ; Output Enable Group ;
+-------------+-------+----------+--------------+--------------+--------------+-----------------+------------------------+-----------+-----------------+------------+---------------+----------+--------------+--------------+------------------+-------------+---------------------------+----------------------------+-----------------------------+---------------------+-----------------------------+----------------------+----------------------+---------------------+
; LEDR[0]     ; V16   ; 4A       ; 52           ; 0            ; 0            ; no              ; no                     ; 1         ; no              ; no         ; no            ; no       ; Off          ; 3.3-V LVTTL  ; 16mA             ; Off         ; --                        ; no                         ; no                          ; 0                   ; Off                         ; User                 ; -                    ; -                   ;
; LEDR[1]     ; W16   ; 4A       ; 52           ; 0            ; 17           ; no              ; no                     ; 1         ; no              ; no         ; no            ; no       ; Off          ; 3.3-V LVTTL  ; 16mA             ; Off         ; --                        ; no                         ; no                          ; 0                   ; Off                         ; User                 ; -                    ; -                   ;
; LEDR[2]     ; V17   ; 4A       ; 60           ; 0            ; 0            ; no              ; no                     ; 1         ; no              ; no         ; no            ; no       ; Off          ; 3.3-V LVTTL  ; 16mA             ; Off         ; --                        ; no                         ; no                          ; 0                   ; Off                         ; User                 ; -                    ; -                   ;
; LEDR[3]     ; V18   ; 4A       ; 80           ; 0            ; 0            ; no              ; no                     ; 1         ; no              ; no         ; no            ; no       ; Off          ; 3.3-V LVTTL  ; 16mA             ; Off         ; --                        ; no                         ; no                          ; 0                   ; Off                         ; User                 ; -                    ; -                   ;
; LEDR[4]     ; W17   ; 4A       ; 60           ; 0            ; 17           ; no              ; no                     ; 1         ; no              ; no         ; no            ; no       ; Off          ; 3.3-V LVTTL  ; 16mA             ; Off         ; --                        ; no                         ; no                          ; 0                   ; Off                         ; User                 ; -                    ; -                   ;
; LEDR[5]     ; W19   ; 4A       ; 80           ; 0            ; 17           ; no              ; no                     ; 1         ; no              ; no         ; no            ; no       ; Off          ; 3.3-V LVTTL  ; 16mA             ; Off         ; --                        ; no                         ; no                          ; 0                   ; Off                         ; User                 ; -                    ; -                   ;
; LEDR[6]     ; Y19   ; 4A       ; 84           ; 0            ; 0            ; no              ; no                     ; 1         ; no              ; no         ; no            ; no       ; Off          ; 3.3-V LVTTL  ; 16mA             ; Off         ; --                        ; no                         ; no                          ; 0                   ; Off                         ; User                 ; -                    ; -                   ;
; LEDR[7]     ; W20   ; 5A       ; 89           ; 6            ; 3            ; no              ; no                     ; 1         ; no              ; no         ; no            ; no       ; Off          ; 3.3-V LVTTL  ; 16mA             ; Off         ; --                        ; no                         ; no                          ; 0                   ; Off                         ; User                 ; -                    ; -                   ;
; LEDR[8]     ; W21   ; 5A       ; 89           ; 8            ; 3            ; no              ; no                     ; 1         ; no              ; no         ; no            ; no       ; Off          ; 3.3-V LVTTL  ; 16mA             ; Off         ; --                        ; no                         ; no                          ; 0                   ; Off                         ; User                 ; -                    ; -                   ;
; LEDR[9]     ; Y21   ; 5A       ; 89           ; 6            ; 20           ; no              ; no                     ; 1         ; no              ; no         ; no            ; no       ; Off          ; 3.3-V LVTTL  ; 16mA             ; Off         ; --                        ; no                         ; no                          ; 0                   ; Off                         ; User                 ; -                    ; -                   ;
; VGA_BLANK_N ; F10   ; 8A       ; 6            ; 81           ; 17           ; no              ; no                     ; 1         ; no              ; no         ; no            ; no       ; Off          ; 3.3-V LVTTL  ; 16mA             ; Off         ; --                        ; no                         ; no                          ; 0                   ; Off                         ; User                 ; -                    ; -                   ;
; VGA_B[0]    ; B13   ; 8A       ; 40           ; 81           ; 34           ; no              ; no                     ; 1         ; no              ; no         ; no            ; no       ; Off          ; 3.3-V LVTTL  ; 16mA             ; Off         ; --                        ; no                         ; no                          ; 0                   ; Off                         ; User                 ; -                    ; -                   ;
; VGA_B[1]    ; G13   ; 8A       ; 28           ; 81           ; 17           ; no              ; no                     ; 1         ; no              ; no         ; no            ; no       ; Off          ; 3.3-V LVTTL  ; 16mA             ; Off         ; --                        ; no                         ; no                          ; 0                   ; Off                         ; User                 ; -                    ; -                   ;
; VGA_B[2]    ; H13   ; 8A       ; 20           ; 81           ; 0            ; no              ; no                     ; 1         ; no              ; no         ; no            ; no       ; Off          ; 3.3-V LVTTL  ; 16mA             ; Off         ; --                        ; no                         ; no                          ; 0                   ; Off                         ; User                 ; -                    ; -                   ;
; VGA_B[3]    ; F14   ; 8A       ; 36           ; 81           ; 17           ; no              ; no                     ; 1         ; no              ; no         ; no            ; no       ; Off          ; 3.3-V LVTTL  ; 16mA             ; Off         ; --                        ; no                         ; no                          ; 0                   ; Off                         ; User                 ; -                    ; -                   ;
; VGA_B[4]    ; H14   ; 8A       ; 28           ; 81           ; 0            ; no              ; no                     ; 1         ; no              ; no         ; no            ; no       ; Off          ; 3.3-V LVTTL  ; 16mA             ; Off         ; --                        ; no                         ; no                          ; 0                   ; Off                         ; User                 ; -                    ; -                   ;
; VGA_B[5]    ; F15   ; 8A       ; 36           ; 81           ; 0            ; no              ; no                     ; 1         ; no              ; no         ; no            ; no       ; Off          ; 3.3-V LVTTL  ; 16mA             ; Off         ; --                        ; no                         ; no                          ; 0                   ; Off                         ; User                 ; -                    ; -                   ;
; VGA_B[6]    ; G15   ; 8A       ; 40           ; 81           ; 17           ; no              ; no                     ; 1         ; no              ; no         ; no            ; no       ; Off          ; 3.3-V LVTTL  ; 16mA             ; Off         ; --                        ; no                         ; no                          ; 0                   ; Off                         ; User                 ; -                    ; -                   ;
; VGA_B[7]    ; J14   ; 8A       ; 32           ; 81           ; 17           ; no              ; no                     ; 1         ; no              ; no         ; no            ; no       ; Off          ; 3.3-V LVTTL  ; 16mA             ; Off         ; --                        ; no                         ; no                          ; 0                   ; Off                         ; User                 ; -                    ; -                   ;
; VGA_CLK     ; A11   ; 8A       ; 38           ; 81           ; 34           ; no              ; no                     ; 1         ; no              ; no         ; no            ; no       ; Off          ; 3.3-V LVTTL  ; 16mA             ; Off         ; --                        ; no                         ; no                          ; 0                   ; Off                         ; User                 ; -                    ; -                   ;
; VGA_G[0]    ; J9    ; 8A       ; 4            ; 81           ; 17           ; no              ; no                     ; 1         ; no              ; no         ; no            ; no       ; Off          ; 3.3-V LVTTL  ; 16mA             ; Off         ; --                        ; no                         ; no                          ; 0                   ; Off                         ; User                 ; -                    ; -                   ;
; VGA_G[1]    ; J10   ; 8A       ; 4            ; 81           ; 0            ; no              ; no                     ; 1         ; no              ; no         ; no            ; no       ; Off          ; 3.3-V LVTTL  ; 16mA             ; Off         ; --                        ; no                         ; no                          ; 0                   ; Off                         ; User                 ; -                    ; -                   ;
; VGA_G[2]    ; H12   ; 8A       ; 20           ; 81           ; 17           ; no              ; no                     ; 1         ; no              ; no         ; no            ; no       ; Off          ; 3.3-V LVTTL  ; 16mA             ; Off         ; --                        ; no                         ; no                          ; 0                   ; Off                         ; User                 ; -                    ; -                   ;
; VGA_G[3]    ; G10   ; 8A       ; 6            ; 81           ; 0            ; no              ; no                     ; 1         ; no              ; no         ; no            ; no       ; Off          ; 3.3-V LVTTL  ; 16mA             ; Off         ; --                        ; no                         ; no                          ; 0                   ; Off                         ; User                 ; -                    ; -                   ;
; VGA_G[4]    ; G11   ; 8A       ; 10           ; 81           ; 57           ; no              ; no                     ; 1         ; no              ; no         ; no            ; no       ; Off          ; 3.3-V LVTTL  ; 16mA             ; Off         ; --                        ; no                         ; no                          ; 0                   ; Off                         ; User                 ; -                    ; -                   ;
; VGA_G[5]    ; G12   ; 8A       ; 10           ; 81           ; 40           ; no              ; no                     ; 1         ; no              ; no         ; no            ; no       ; Off          ; 3.3-V LVTTL  ; 16mA             ; Off         ; --                        ; no                         ; no                          ; 0                   ; Off                         ; User                 ; -                    ; -                   ;
; VGA_G[6]    ; F11   ; 8A       ; 18           ; 81           ; 40           ; no              ; no                     ; 1         ; no              ; no         ; no            ; no       ; Off          ; 3.3-V LVTTL  ; 16mA             ; Off         ; --                        ; no                         ; no                          ; 0                   ; Off                         ; User                 ; -                    ; -                   ;
; VGA_G[7]    ; E11   ; 8A       ; 18           ; 81           ; 57           ; no              ; no                     ; 1         ; no              ; no         ; no            ; no       ; Off          ; 3.3-V LVTTL  ; 16mA             ; Off         ; --                        ; no                         ; no                          ; 0                   ; Off                         ; User                 ; -                    ; -                   ;
; VGA_HS      ; B11   ; 8A       ; 36           ; 81           ; 51           ; no              ; no                     ; 1         ; no              ; no         ; no            ; no       ; Off          ; 3.3-V LVTTL  ; 16mA             ; Off         ; --                        ; no                         ; no                          ; 0                   ; Off                         ; User                 ; -                    ; -                   ;
; VGA_R[0]    ; A13   ; 8A       ; 40           ; 81           ; 51           ; no              ; no                     ; 1         ; no              ; no         ; no            ; no       ; Off          ; 3.3-V LVTTL  ; 16mA             ; Off         ; --                        ; no                         ; no                          ; 0                   ; Off                         ; User                 ; -                    ; -                   ;
; VGA_R[1]    ; C13   ; 8A       ; 38           ; 81           ; 0            ; no              ; no                     ; 1         ; no              ; no         ; no            ; no       ; Off          ; 3.3-V LVTTL  ; 16mA             ; Off         ; --                        ; no                         ; no                          ; 0                   ; Off                         ; User                 ; -                    ; -                   ;
; VGA_R[2]    ; E13   ; 8A       ; 26           ; 81           ; 57           ; no              ; no                     ; 1         ; no              ; no         ; no            ; no       ; Off          ; 3.3-V LVTTL  ; 16mA             ; Off         ; --                        ; no                         ; no                          ; 0                   ; Off                         ; User                 ; -                    ; -                   ;
; VGA_R[3]    ; B12   ; 8A       ; 38           ; 81           ; 17           ; no              ; no                     ; 1         ; no              ; no         ; no            ; no       ; Off          ; 3.3-V LVTTL  ; 16mA             ; Off         ; --                        ; no                         ; no                          ; 0                   ; Off                         ; User                 ; -                    ; -                   ;
; VGA_R[4]    ; C12   ; 8A       ; 36           ; 81           ; 34           ; no              ; no                     ; 1         ; no              ; no         ; no            ; no       ; Off          ; 3.3-V LVTTL  ; 16mA             ; Off         ; --                        ; no                         ; no                          ; 0                   ; Off                         ; User                 ; -                    ; -                   ;
; VGA_R[5]    ; D12   ; 8A       ; 22           ; 81           ; 17           ; no              ; no                     ; 1         ; no              ; no         ; no            ; no       ; Off          ; 3.3-V LVTTL  ; 16mA             ; Off         ; --                        ; no                         ; no                          ; 0                   ; Off                         ; User                 ; -                    ; -                   ;
; VGA_R[6]    ; E12   ; 8A       ; 22           ; 81           ; 0            ; no              ; no                     ; 1         ; no              ; no         ; no            ; no       ; Off          ; 3.3-V LVTTL  ; 16mA             ; Off         ; --                        ; no                         ; no                          ; 0                   ; Off                         ; User                 ; -                    ; -                   ;
; VGA_R[7]    ; F13   ; 8A       ; 26           ; 81           ; 40           ; no              ; no                     ; 1         ; no              ; no         ; no            ; no       ; Off          ; 3.3-V LVTTL  ; 16mA             ; Off         ; --                        ; no                         ; no                          ; 0                   ; Off                         ; User                 ; -                    ; -                   ;
; VGA_SYNC_N  ; C10   ; 8A       ; 28           ; 81           ; 34           ; no              ; no                     ; 1         ; no              ; no         ; no            ; no       ; Off          ; 3.3-V LVTTL  ; 16mA             ; Off         ; --                        ; no                         ; no                          ; 0                   ; Off                         ; User                 ; -                    ; -                   ;
; VGA_VS      ; D11   ; 8A       ; 34           ; 81           ; 40           ; no              ; no                     ; 1         ; no              ; no         ; no            ; no       ; Off          ; 3.3-V LVTTL  ; 16mA             ; Off         ; --                        ; no                         ; no                          ; 0                   ; Off                         ; User                 ; -                    ; -                   ;
+-------------+-------+----------+--------------+--------------+--------------+-----------------+------------------------+-----------+-----------------+------------+---------------+----------+--------------+--------------+------------------+-------------+---------------------------+----------------------------+-----------------------------+---------------------+-----------------------------+----------------------+----------------------+---------------------+


+----------------------------------------------------------------------------+
; I/O Bank Usage                                                             ;
+----------+------------------+---------------+--------------+---------------+
; I/O Bank ; Usage            ; VCCIO Voltage ; VREF Voltage ; VCCPD Voltage ;
+----------+------------------+---------------+--------------+---------------+
; B2L      ; 0 / 0 ( -- )     ; --            ; --           ; --            ;
; B1L      ; 0 / 0 ( -- )     ; --            ; --           ; --            ;
; 3A       ; 10 / 32 ( 31 % ) ; 3.3V          ; --           ; 3.3V          ;
; 3B       ; 5 / 48 ( 10 % )  ; 3.3V          ; --           ; 3.3V          ;
; 4A       ; 7 / 80 ( 9 % )   ; 3.3V          ; --           ; 3.3V          ;
; 5A       ; 3 / 32 ( 9 % )   ; 3.3V          ; --           ; 3.3V          ;
; 5B       ; 0 / 16 ( 0 % )   ; 2.5V          ; --           ; 2.5V          ;
; 6B       ; 0 / 44 ( 0 % )   ; 2.5V          ; --           ; 2.5V          ;
; 6A       ; 0 / 56 ( 0 % )   ; 2.5V          ; --           ; 2.5V          ;
; 7A       ; 0 / 19 ( 0 % )   ; 2.5V          ; --           ; 2.5V          ;
; 7B       ; 0 / 22 ( 0 % )   ; 2.5V          ; --           ; 2.5V          ;
; 7C       ; 0 / 12 ( 0 % )   ; 2.5V          ; --           ; 2.5V          ;
; 7D       ; 0 / 14 ( 0 % )   ; 2.5V          ; --           ; 2.5V          ;
; 8A       ; 29 / 80 ( 36 % ) ; 3.3V          ; --           ; 3.3V          ;
+----------+------------------+---------------+--------------+---------------+


+-----------------------------------------------------------------------------------------------------------------------------------------------------------------------------------+
; All Package Pins                                                                                                                                                                  ;
+----------+------------+----------------+---------------------------------+--------+--------------+---------------------+--------------+-----------------+----------+--------------+
; Location ; Pad Number ; I/O Bank       ; Pin Name/Usage                  ; Dir.   ; I/O Standard ; Voltage             ; I/O Type     ; User Assignment ; Bus Hold ; Weak Pull Up ;
+----------+------------+----------------+---------------------------------+--------+--------------+---------------------+--------------+-----------------+----------+--------------+
; A2       ;            ;                ; GND                             ; gnd    ;              ;                     ; --           ;                 ; --       ; --           ;
; A3       ; 493        ; 8A             ; RESERVED_INPUT_WITH_WEAK_PULLUP ;        ;              ;                     ; Column I/O   ;                 ; no       ; On           ;
; A4       ; 491        ; 8A             ; RESERVED_INPUT_WITH_WEAK_PULLUP ;        ;              ;                     ; Column I/O   ;                 ; no       ; On           ;
; A5       ; 489        ; 8A             ; RESERVED_INPUT_WITH_WEAK_PULLUP ;        ;              ;                     ; Column I/O   ;                 ; no       ; On           ;
; A6       ; 487        ; 8A             ; RESERVED_INPUT_WITH_WEAK_PULLUP ;        ;              ;                     ; Column I/O   ;                 ; no       ; On           ;
; A7       ;            ; 8A             ; VCCIO8A                         ; power  ;              ; 3.3V                ; --           ;                 ; --       ; --           ;
; A8       ; 473        ; 8A             ; RESERVED_INPUT_WITH_WEAK_PULLUP ;        ;              ;                     ; Column I/O   ;                 ; no       ; On           ;
; A9       ; 471        ; 8A             ; RESERVED_INPUT_WITH_WEAK_PULLUP ;        ;              ;                     ; Column I/O   ;                 ; no       ; On           ;
; A10      ; 465        ; 8A             ; RESERVED_INPUT_WITH_WEAK_PULLUP ;        ;              ;                     ; Column I/O   ;                 ; no       ; On           ;
; A11      ; 463        ; 8A             ; VGA_CLK                         ; output ; 3.3-V LVTTL  ;                     ; Column I/O   ; Y               ; no       ; Off          ;
; A12      ;            ;                ; GND                             ; gnd    ;              ;                     ; --           ;                 ; --       ; --           ;
; A13      ; 461        ; 8A             ; VGA_R[0]                        ; output ; 3.3-V LVTTL  ;                     ; Column I/O   ; Y               ; no       ; Off          ;
; A14      ; 455        ; 7D             ; RESERVED_INPUT_WITH_WEAK_PULLUP ;        ;              ;                     ; Column I/O   ;                 ; no       ; On           ;
; A15      ; 447        ; 7D             ; RESERVED_INPUT_WITH_WEAK_PULLUP ;        ;              ;                     ; Column I/O   ;                 ; no       ; On           ;
; A16      ; 439        ; 7C             ; RESERVED_INPUT_WITH_WEAK_PULLUP ;        ;              ;                     ; Column I/O   ;                 ; no       ; On           ;
; A17      ;            ;                ; GND                             ; gnd    ;              ;                     ; --           ;                 ; --       ; --           ;
; A18      ; 425        ; 7B             ; RESERVED_INPUT_WITH_WEAK_PULLUP ;        ;              ;                     ; Column I/O   ;                 ; no       ; On           ;
; A19      ; 423        ; 7B             ; RESERVED_INPUT_WITH_WEAK_PULLUP ;        ;              ;                     ; Column I/O   ;                 ; no       ; On           ;
; A20      ; 415        ; 7B             ; RESERVED_INPUT_WITH_WEAK_PULLUP ;        ;              ;                     ; Column I/O   ;                 ; no       ; On           ;
; A21      ; 411        ; 7B             ; RESERVED_INPUT_WITH_WEAK_PULLUP ;        ;              ;                     ; Column I/O   ;                 ; no       ; On           ;
; A22      ;            ;                ; GND                             ; gnd    ;              ;                     ; --           ;                 ; --       ; --           ;
; A23      ; 395        ; 7A             ; RESERVED_INPUT_WITH_WEAK_PULLUP ;        ;              ;                     ; Column I/O   ;                 ; no       ; On           ;
; A24      ; 391        ; 7A             ; RESERVED_INPUT_WITH_WEAK_PULLUP ;        ;              ;                     ; Column I/O   ;                 ; no       ; On           ;
; A25      ; 389        ; 7A             ; RESERVED_INPUT_WITH_WEAK_PULLUP ;        ;              ;                     ; Column I/O   ;                 ; no       ; On           ;
; A26      ; 382        ; 7A             ; ^GND                            ;        ;              ;                     ; --           ;                 ; --       ; --           ;
; A27      ;            ;                ; GND                             ; gnd    ;              ;                     ; --           ;                 ; --       ; --           ;
; A28      ; 380        ; 7A             ; ^HPS_TRST                       ;        ;              ;                     ; --           ;                 ; --       ; --           ;
; A29      ; 378        ; 7A             ; ^HPS_TMS                        ;        ;              ;                     ; --           ;                 ; --       ; --           ;
; AA1      ;            ;                ; GND                             ; gnd    ;              ;                     ; --           ;                 ; --       ; --           ;
; AA2      ;            ;                ; GND                             ; gnd    ;              ;                     ; --           ;                 ; --       ; --           ;
; AA3      ;            ;                ; GND                             ; gnd    ;              ;                     ; --           ;                 ; --       ; --           ;
; AA4      ;            ;                ; GND                             ; gnd    ;              ;                     ; --           ;                 ; --       ; --           ;
; AA5      ;            ; --             ; VCC                             ; power  ;              ; 1.1V                ; --           ;                 ; --       ; --           ;
; AA6      ;            ;                ; GND                             ; gnd    ;              ;                     ; --           ;                 ; --       ; --           ;
; AA7      ;            ;                ; DNU                             ;        ;              ;                     ; --           ;                 ; --       ; --           ;
; AA8      ;            ; --             ; VCCA_FPLL                       ; power  ;              ; 2.5V                ; --           ;                 ; --       ; --           ;
; AA9      ;            ;                ; GND                             ; gnd    ;              ;                     ; --           ;                 ; --       ; --           ;
; AA10     ;            ; 3A             ; VCCPD3A                         ; power  ;              ; 3.3V                ; --           ;                 ; --       ; --           ;
; AA11     ;            ;                ; GND                             ; gnd    ;              ;                     ; --           ;                 ; --       ; --           ;
; AA12     ; 74         ; 3A             ; RESERVED_INPUT_WITH_WEAK_PULLUP ;        ;              ;                     ; Column I/O   ;                 ; no       ; On           ;
; AA13     ; 90         ; 3B             ; RESERVED_INPUT_WITH_WEAK_PULLUP ;        ;              ;                     ; Column I/O   ;                 ; no       ; On           ;
; AA14     ; 122        ; 3B             ; KEY[0]                          ; input  ; 3.3-V LVTTL  ;                     ; Column I/O   ; Y               ; no       ; Off          ;
; AA15     ; 120        ; 3B             ; KEY[1]                          ; input  ; 3.3-V LVTTL  ;                     ; Column I/O   ; Y               ; no       ; Off          ;
; AA16     ; 146        ; 4A             ; RESERVED_INPUT_WITH_WEAK_PULLUP ;        ;              ;                     ; Column I/O   ;                 ; no       ; On           ;
; AA17     ;            ; 4A             ; VCCIO4A                         ; power  ;              ; 3.3V                ; --           ;                 ; --       ; --           ;
; AA18     ; 168        ; 4A             ; RESERVED_INPUT_WITH_WEAK_PULLUP ;        ;              ;                     ; Column I/O   ;                 ; no       ; On           ;
; AA19     ; 176        ; 4A             ; RESERVED_INPUT_WITH_WEAK_PULLUP ;        ;              ;                     ; Column I/O   ;                 ; no       ; On           ;
; AA20     ; 200        ; 4A             ; RESERVED_INPUT_WITH_WEAK_PULLUP ;        ;              ;                     ; Column I/O   ;                 ; no       ; On           ;
; AA21     ; 210        ; 4A             ; RESERVED_INPUT_WITH_WEAK_PULLUP ;        ;              ;                     ; Column I/O   ;                 ; no       ; On           ;
; AA22     ;            ;                ; GND                             ; gnd    ;              ;                     ; --           ;                 ; --       ; --           ;
; AA23     ;            ; --             ; VCCPGM                          ; power  ;              ; 1.8V/2.5V/3.0V/3.3V ; --           ;                 ; --       ; --           ;
; AA24     ; 228        ; 5A             ; RESERVED_INPUT_WITH_WEAK_PULLUP ;        ;              ;                     ; Row I/O      ;                 ; no       ; On           ;
; AA25     ; 224        ; 5A             ; RESERVED_INPUT_WITH_WEAK_PULLUP ;        ;              ;                     ; Row I/O      ;                 ; no       ; On           ;
; AA26     ; 252        ; 5B             ; RESERVED_INPUT_WITH_WEAK_PULLUP ;        ;              ;                     ; Row I/O      ;                 ; no       ; On           ;
; AA27     ;            ; 5B             ; VCCIO5B                         ; power  ;              ; 2.5V                ; --           ;                 ; --       ; --           ;
; AA28     ; 251        ; 5B             ; RESERVED_INPUT_WITH_WEAK_PULLUP ;        ;              ;                     ; Row I/O      ;                 ; no       ; On           ;
; AA29     ;            ; 5B             ; VREFB5BN0                       ; power  ;              ;                     ; --           ;                 ; --       ; --           ;
; AA30     ; 250        ; 5B             ; RESERVED_INPUT_WITH_WEAK_PULLUP ;        ;              ;                     ; Row I/O      ;                 ; no       ; On           ;
; AB1      ;            ;                ; GND                             ; gnd    ;              ;                     ; --           ;                 ; --       ; --           ;
; AB2      ;            ;                ; GND                             ; gnd    ;              ;                     ; --           ;                 ; --       ; --           ;
; AB3      ;            ;                ; DNU                             ;        ;              ;                     ; --           ;                 ; --       ; --           ;
; AB4      ;            ;                ; DNU                             ;        ;              ;                     ; --           ;                 ; --       ; --           ;
; AB5      ;            ;                ; GND                             ; gnd    ;              ;                     ; --           ;                 ; --       ; --           ;
; AB6      ;            ; --             ; VCCA_FPLL                       ; power  ;              ; 2.5V                ; --           ;                 ; --       ; --           ;
; AB7      ;            ;                ; GND                             ; gnd    ;              ;                     ; --           ;                 ; --       ; --           ;
; AB8      ; 43         ; 3A             ; ^nCSO, DATA4                    ;        ;              ;                     ; Weak Pull Up ;                 ; --       ; On           ;
; AB9      ; 42         ; 3A             ; #TDO                            ; output ;              ;                     ; --           ;                 ; --       ; --           ;
; AB10     ;            ; --             ; VCCPGM                          ; power  ;              ; 1.8V/2.5V/3.0V/3.3V ; --           ;                 ; --       ; --           ;
; AB11     ;            ; --             ; VCC_AUX                         ; power  ;              ; 2.5V                ; --           ;                 ; --       ; --           ;
; AB12     ; 72         ; 3A             ; SW[0]                           ; input  ; 3.3-V LVTTL  ;                     ; Column I/O   ; Y               ; no       ; Off          ;
; AB13     ; 88         ; 3B             ; RESERVED_INPUT_WITH_WEAK_PULLUP ;        ;              ;                     ; Column I/O   ;                 ; no       ; On           ;
; AB14     ;            ; 3B             ; VCCIO3B                         ; power  ;              ; 3.3V                ; --           ;                 ; --       ; --           ;
; AB15     ; 106        ; 3B             ; RESERVED_INPUT_WITH_WEAK_PULLUP ;        ;              ;                     ; Column I/O   ;                 ; no       ; On           ;
; AB16     ;            ; --             ; VCC_AUX                         ; power  ;              ; 2.5V                ; --           ;                 ; --       ; --           ;
; AB17     ; 144        ; 4A             ; RESERVED_INPUT_WITH_WEAK_PULLUP ;        ;              ;                     ; Column I/O   ;                 ; no       ; On           ;
; AB18     ;            ; 3B, 4A         ; VCCPD3B4A                       ; power  ;              ; 3.3V                ; --           ;                 ; --       ; --           ;
; AB19     ;            ;                ; GND                             ; gnd    ;              ;                     ; --           ;                 ; --       ; --           ;
; AB20     ;            ; 3B, 4A         ; VCCPD3B4A                       ; power  ;              ; 3.3V                ; --           ;                 ; --       ; --           ;
; AB21     ; 208        ; 4A             ; RESERVED_INPUT_WITH_WEAK_PULLUP ;        ;              ;                     ; Column I/O   ;                 ; no       ; On           ;
; AB22     ; 225        ; 5A             ; RESERVED_INPUT_WITH_WEAK_PULLUP ;        ;              ;                     ; Row I/O      ;                 ; no       ; On           ;
; AB23     ; 227        ; 5A             ; RESERVED_INPUT_WITH_WEAK_PULLUP ;        ;              ;                     ; Row I/O      ;                 ; no       ; On           ;
; AB24     ;            ; 5A             ; VCCIO5A                         ; power  ;              ; 3.3V                ; --           ;                 ; --       ; --           ;
; AB25     ; 230        ; 5A             ; RESERVED_INPUT_WITH_WEAK_PULLUP ;        ;              ;                     ; Row I/O      ;                 ; no       ; On           ;
; AB26     ; 226        ; 5A             ; RESERVED_INPUT_WITH_WEAK_PULLUP ;        ;              ;                     ; Row I/O      ;                 ; no       ; On           ;
; AB27     ; 254        ; 5B             ; RESERVED_INPUT_WITH_WEAK_PULLUP ;        ;              ;                     ; Row I/O      ;                 ; no       ; On           ;
; AB28     ; 249        ; 5B             ; RESERVED_INPUT_WITH_WEAK_PULLUP ;        ;              ;                     ; Row I/O      ;                 ; no       ; On           ;
; AB29     ;            ;                ; GND                             ; gnd    ;              ;                     ; --           ;                 ; --       ; --           ;
; AB30     ; 248        ; 5B             ; RESERVED_INPUT_WITH_WEAK_PULLUP ;        ;              ;                     ; Row I/O      ;                 ; no       ; On           ;
; AC1      ;            ;                ; GND                             ; gnd    ;              ;                     ; --           ;                 ; --       ; --           ;
; AC2      ;            ;                ; GND                             ; gnd    ;              ;                     ; --           ;                 ; --       ; --           ;
; AC3      ;            ;                ; GND                             ; gnd    ;              ;                     ; --           ;                 ; --       ; --           ;
; AC4      ;            ;                ; GND                             ; gnd    ;              ;                     ; --           ;                 ; --       ; --           ;
; AC5      ; 46         ; 3A             ; #TCK                            ; input  ;              ;                     ; --           ;                 ; --       ; --           ;
; AC6      ;            ;                ; GND                             ; gnd    ;              ;                     ; --           ;                 ; --       ; --           ;
; AC7      ; 45         ; 3A             ; ^AS_DATA3, DATA3                ;        ;              ;                     ; Weak Pull Up ;                 ; --       ; On           ;
; AC8      ;            ;                ; GND                             ; gnd    ;              ;                     ; --           ;                 ; --       ; --           ;
; AC9      ; 58         ; 3A             ; SW[7]                           ; input  ; 3.3-V LVTTL  ;                     ; Column I/O   ; Y               ; no       ; Off          ;
; AC10     ;            ; 3A             ; VCCPD3A                         ; power  ;              ; 3.3V                ; --           ;                 ; --       ; --           ;
; AC11     ;            ; 3A             ; VCCIO3A                         ; power  ;              ; 3.3V                ; --           ;                 ; --       ; --           ;
; AC12     ; 82         ; 3A             ; SW[1]                           ; input  ; 3.3-V LVTTL  ;                     ; Column I/O   ; Y               ; no       ; Off          ;
; AC13     ;            ; 3B, 4A         ; VCCPD3B4A                       ; power  ;              ; 3.3V                ; --           ;                 ; --       ; --           ;
; AC14     ; 104        ; 3B             ; RESERVED_INPUT_WITH_WEAK_PULLUP ;        ;              ;                     ; Column I/O   ;                 ; no       ; On           ;
; AC15     ;            ; 3B, 4A         ; VCCPD3B4A                       ; power  ;              ; 3.3V                ; --           ;                 ; --       ; --           ;
; AC16     ;            ;                ; GND                             ; gnd    ;              ;                     ; --           ;                 ; --       ; --           ;
; AC17     ;            ; 3B, 4A         ; VCCPD3B4A                       ; power  ;              ; 3.3V                ; --           ;                 ; --       ; --           ;
; AC18     ; 162        ; 4A             ; RESERVED_INPUT_WITH_WEAK_PULLUP ;        ;              ;                     ; Column I/O   ;                 ; no       ; On           ;
; AC19     ;            ; 3B, 4A         ; VCCPD3B4A                       ; power  ;              ; 3.3V                ; --           ;                 ; --       ; --           ;
; AC20     ; 186        ; 4A             ; RESERVED_INPUT_WITH_WEAK_PULLUP ;        ;              ;                     ; Column I/O   ;                 ; no       ; On           ;
; AC21     ;            ; 4A             ; VCCIO4A                         ; power  ;              ; 3.3V                ; --           ;                 ; --       ; --           ;
; AC22     ; 207        ; 4A             ; RESERVED_INPUT_WITH_WEAK_PULLUP ;        ;              ;                     ; Column I/O   ;                 ; no       ; On           ;
; AC23     ; 205        ; 4A             ; RESERVED_INPUT_WITH_WEAK_PULLUP ;        ;              ;                     ; Column I/O   ;                 ; no       ; On           ;
; AC24     ;            ; 5A             ; VREFB5AN0                       ; power  ;              ;                     ; --           ;                 ; --       ; --           ;
; AC25     ; 215        ; 5A             ; RESERVED_INPUT_WITH_WEAK_PULLUP ;        ;              ;                     ; Row I/O      ;                 ; no       ; On           ;
; AC26     ;            ;                ; GND                             ; gnd    ;              ;                     ; --           ;                 ; --       ; --           ;
; AC27     ; 242        ; 5A             ; RESERVED_INPUT_WITH_WEAK_PULLUP ;        ;              ;                     ; Row I/O      ;                 ; no       ; On           ;
; AC28     ; 245        ; 5B             ; RESERVED_INPUT_WITH_WEAK_PULLUP ;        ;              ;                     ; Row I/O      ;                 ; no       ; On           ;
; AC29     ; 247        ; 5B             ; RESERVED_INPUT_WITH_WEAK_PULLUP ;        ;              ;                     ; Row I/O      ;                 ; no       ; On           ;
; AC30     ; 259        ; 5B             ; RESERVED_INPUT_WITH_WEAK_PULLUP ;        ;              ;                     ; Row I/O      ;                 ; no       ; On           ;
; AD1      ;            ;                ; GND                             ; gnd    ;              ;                     ; --           ;                 ; --       ; --           ;
; AD2      ;            ;                ; GND                             ; gnd    ;              ;                     ; --           ;                 ; --       ; --           ;
; AD3      ;            ;                ; DNU                             ;        ;              ;                     ; --           ;                 ; --       ; --           ;
; AD4      ;            ;                ; DNU                             ;        ;              ;                     ; --           ;                 ; --       ; --           ;
; AD5      ;            ;                ; GND                             ; gnd    ;              ;                     ; --           ;                 ; --       ; --           ;
; AD6      ;            ; 3A             ; VREFB3AN0                       ; power  ;              ;                     ; --           ;                 ; --       ; --           ;
; AD7      ; 62         ; 3A             ; RESERVED_INPUT_WITH_WEAK_PULLUP ;        ;              ;                     ; Column I/O   ;                 ; no       ; On           ;
; AD8      ;            ; 3A             ; VCCIO3A                         ; power  ;              ; 3.3V                ; --           ;                 ; --       ; --           ;
; AD9      ; 55         ; 3A             ; RESERVED_INPUT_WITH_WEAK_PULLUP ;        ;              ;                     ; Column I/O   ;                 ; no       ; On           ;
; AD10     ; 56         ; 3A             ; SW[8]                           ; input  ; 3.3-V LVTTL  ;                     ; Column I/O   ; Y               ; no       ; Off          ;
; AD11     ; 54         ; 3A             ; SW[4]                           ; input  ; 3.3-V LVTTL  ;                     ; Column I/O   ; Y               ; no       ; Off          ;
; AD12     ; 80         ; 3A             ; SW[5]                           ; input  ; 3.3-V LVTTL  ;                     ; Column I/O   ; Y               ; no       ; Off          ;
; AD13     ;            ; 3B             ; VCCIO3B                         ; power  ;              ; 3.3V                ; --           ;                 ; --       ; --           ;
; AD14     ; 98         ; 3B             ; RESERVED_INPUT_WITH_WEAK_PULLUP ;        ;              ;                     ; Column I/O   ;                 ; no       ; On           ;
; AD15     ;            ;                ; DNU                             ;        ;              ;                     ; --           ;                 ; --       ; --           ;
; AD16     ;            ; 3B, 4A         ; VCCPD3B4A                       ; power  ;              ; 3.3V                ; --           ;                 ; --       ; --           ;
; AD17     ; 160        ; 4A             ; RESERVED_INPUT_WITH_WEAK_PULLUP ;        ;              ;                     ; Column I/O   ;                 ; no       ; On           ;
; AD18     ;            ; 4A             ; VCCIO4A                         ; power  ;              ; 3.3V                ; --           ;                 ; --       ; --           ;
; AD19     ; 184        ; 4A             ; RESERVED_INPUT_WITH_WEAK_PULLUP ;        ;              ;                     ; Column I/O   ;                 ; no       ; On           ;
; AD20     ; 199        ; 4A             ; RESERVED_INPUT_WITH_WEAK_PULLUP ;        ;              ;                     ; Column I/O   ;                 ; no       ; On           ;
; AD21     ; 197        ; 4A             ; RESERVED_INPUT_WITH_WEAK_PULLUP ;        ;              ;                     ; Column I/O   ;                 ; no       ; On           ;
; AD22     ;            ; --             ; VCC_AUX                         ; power  ;              ; 2.5V                ; --           ;                 ; --       ; --           ;
; AD23     ;            ;                ; GND                             ; gnd    ;              ;                     ; --           ;                 ; --       ; --           ;
; AD24     ; 211        ; 4A             ; RESERVED_INPUT_WITH_WEAK_PULLUP ;        ;              ;                     ; Column I/O   ;                 ; no       ; On           ;
; AD25     ; 213        ; 5A             ; RESERVED_INPUT_WITH_WEAK_PULLUP ;        ;              ;                     ; Row I/O      ;                 ; no       ; On           ;
; AD26     ; 240        ; 5A             ; RESERVED_INPUT_WITH_WEAK_PULLUP ;        ;              ;                     ; Row I/O      ;                 ; no       ; On           ;
; AD27     ; 222        ; 5A             ; RESERVED_INPUT_WITH_WEAK_PULLUP ;        ;              ;                     ; Row I/O      ;                 ; no       ; On           ;
; AD28     ;            ; 5A             ; VCCIO5A                         ; power  ;              ; 3.3V                ; --           ;                 ; --       ; --           ;
; AD29     ; 255        ; 5B             ; RESERVED_INPUT_WITH_WEAK_PULLUP ;        ;              ;                     ; Row I/O      ;                 ; no       ; On           ;
; AD30     ; 257        ; 5B             ; RESERVED_INPUT_WITH_WEAK_PULLUP ;        ;              ;                     ; Row I/O      ;                 ; no       ; On           ;
; AE1      ;            ;                ; GND                             ; gnd    ;              ;                     ; --           ;                 ; --       ; --           ;
; AE2      ;            ;                ; GND                             ; gnd    ;              ;                     ; --           ;                 ; --       ; --           ;
; AE3      ;            ;                ; GND                             ; gnd    ;              ;                     ; --           ;                 ; --       ; --           ;
; AE4      ;            ;                ; GND                             ; gnd    ;              ;                     ; --           ;                 ; --       ; --           ;
; AE5      ; 49         ; 3A             ; ^AS_DATA1, DATA1                ;        ;              ;                     ; Weak Pull Up ;                 ; --       ; On           ;
; AE6      ; 51         ; 3A             ; ^AS_DATA0, ASDO, DATA0          ;        ;              ;                     ; Weak Pull Up ;                 ; --       ; On           ;
; AE7      ; 60         ; 3A             ; RESERVED_INPUT_WITH_WEAK_PULLUP ;        ;              ;                     ; Column I/O   ;                 ; no       ; On           ;
; AE8      ; 47         ; 3A             ; ^AS_DATA2, DATA2                ;        ;              ;                     ; Weak Pull Up ;                 ; --       ; On           ;
; AE9      ; 53         ; 3A             ; RESERVED_INPUT_WITH_WEAK_PULLUP ;        ;              ;                     ; Column I/O   ;                 ; no       ; On           ;
; AE10     ;            ;                ; GND                             ; gnd    ;              ;                     ; --           ;                 ; --       ; --           ;
; AE11     ; 59         ; 3A             ; SW[6]                           ; input  ; 3.3-V LVTTL  ;                     ; Column I/O   ; Y               ; no       ; Off          ;
; AE12     ; 52         ; 3A             ; SW[9]                           ; input  ; 3.3-V LVTTL  ;                     ; Column I/O   ; Y               ; no       ; Off          ;
; AE13     ; 95         ; 3B             ; RESERVED_INPUT_WITH_WEAK_PULLUP ;        ;              ;                     ; Column I/O   ;                 ; no       ; On           ;
; AE14     ; 96         ; 3B             ; RESERVED_INPUT_WITH_WEAK_PULLUP ;        ;              ;                     ; Column I/O   ;                 ; no       ; On           ;
; AE15     ;            ; 3B             ; VCCIO3B                         ; power  ;              ; 3.3V                ; --           ;                 ; --       ; --           ;
; AE16     ; 139        ; 4A             ; RESERVED_INPUT_WITH_WEAK_PULLUP ;        ;              ;                     ; Column I/O   ;                 ; no       ; On           ;
; AE17     ; 135        ; 4A             ; RESERVED_INPUT_WITH_WEAK_PULLUP ;        ;              ;                     ; Column I/O   ;                 ; no       ; On           ;
; AE18     ; 167        ; 4A             ; RESERVED_INPUT_WITH_WEAK_PULLUP ;        ;              ;                     ; Column I/O   ;                 ; no       ; On           ;
; AE19     ; 165        ; 4A             ; RESERVED_INPUT_WITH_WEAK_PULLUP ;        ;              ;                     ; Column I/O   ;                 ; no       ; On           ;
; AE20     ;            ;                ; GND                             ; gnd    ;              ;                     ; --           ;                 ; --       ; --           ;
; AE21     ;            ; 3B, 4A         ; VCCPD3B4A                       ; power  ;              ; 3.3V                ; --           ;                 ; --       ; --           ;
; AE22     ; 191        ; 4A             ; RESERVED_INPUT_WITH_WEAK_PULLUP ;        ;              ;                     ; Column I/O   ;                 ; no       ; On           ;
; AE23     ; 189        ; 4A             ; RESERVED_INPUT_WITH_WEAK_PULLUP ;        ;              ;                     ; Column I/O   ;                 ; no       ; On           ;
; AE24     ; 209        ; 4A             ; RESERVED_INPUT_WITH_WEAK_PULLUP ;        ;              ;                     ; Column I/O   ;                 ; no       ; On           ;
; AE25     ;            ; 4A             ; VCCIO4A                         ; power  ;              ; 3.3V                ; --           ;                 ; --       ; --           ;
; AE26     ; 220        ; 5A             ; RESERVED_INPUT_WITH_WEAK_PULLUP ;        ;              ;                     ; Row I/O      ;                 ; no       ; On           ;
; AE27     ; 229        ; 5A             ; RESERVED_INPUT_WITH_WEAK_PULLUP ;        ;              ;                     ; Row I/O      ;                 ; no       ; On           ;
; AE28     ; 231        ; 5A             ; RESERVED_INPUT_WITH_WEAK_PULLUP ;        ;              ;                     ; Row I/O      ;                 ; no       ; On           ;
; AE29     ; 253        ; 5B             ; RESERVED_INPUT_WITH_WEAK_PULLUP ;        ;              ;                     ; Row I/O      ;                 ; no       ; On           ;
; AE30     ;            ; 5B             ; VCCIO5B                         ; power  ;              ; 2.5V                ; --           ;                 ; --       ; --           ;
; AF1      ;            ;                ; GND                             ; gnd    ;              ;                     ; --           ;                 ; --       ; --           ;
; AF2      ;            ;                ; GND                             ; gnd    ;              ;                     ; --           ;                 ; --       ; --           ;
; AF3      ;            ;                ; GND                             ; gnd    ;              ;                     ; --           ;                 ; --       ; --           ;
; AF4      ; 66         ; 3A             ; RESERVED_INPUT_WITH_WEAK_PULLUP ;        ;              ;                     ; Column I/O   ;                 ; no       ; On           ;
; AF5      ; 64         ; 3A             ; RESERVED_INPUT_WITH_WEAK_PULLUP ;        ;              ;                     ; Column I/O   ;                 ; no       ; On           ;
; AF6      ; 75         ; 3A             ; RESERVED_INPUT_WITH_WEAK_PULLUP ;        ;              ;                     ; Column I/O   ;                 ; no       ; On           ;
; AF7      ;            ; 3A             ; VCCIO3A                         ; power  ;              ; 3.3V                ; --           ;                 ; --       ; --           ;
; AF8      ; 70         ; 3A             ; RESERVED_INPUT_WITH_WEAK_PULLUP ;        ;              ;                     ; Column I/O   ;                 ; no       ; On           ;
; AF9      ; 67         ; 3A             ; SW[2]                           ; input  ; 3.3-V LVTTL  ;                     ; Column I/O   ; Y               ; no       ; Off          ;
; AF10     ; 57         ; 3A             ; SW[3]                           ; input  ; 3.3-V LVTTL  ;                     ; Column I/O   ; Y               ; no       ; Off          ;
; AF11     ; 87         ; 3B             ; RESERVED_INPUT_WITH_WEAK_PULLUP ;        ;              ;                     ; Column I/O   ;                 ; no       ; On           ;
; AF12     ;            ;                ; GND                             ; gnd    ;              ;                     ; --           ;                 ; --       ; --           ;
; AF13     ; 93         ; 3B             ; RESERVED_INPUT_WITH_WEAK_PULLUP ;        ;              ;                     ; Column I/O   ;                 ; no       ; On           ;
; AF14     ; 114        ; 3B             ; CLOCK_50                        ; input  ; 3.3-V LVTTL  ;                     ; Column I/O   ; Y               ; no       ; Off          ;
; AF15     ; 112        ; 3B             ; RESERVED_INPUT_WITH_WEAK_PULLUP ;        ;              ;                     ; Column I/O   ;                 ; no       ; On           ;
; AF16     ; 137        ; 4A             ; RESERVED_INPUT_WITH_WEAK_PULLUP ;        ;              ;                     ; Column I/O   ;                 ; no       ; On           ;
; AF17     ;            ;                ; GND                             ; gnd    ;              ;                     ; --           ;                 ; --       ; --           ;
; AF18     ; 133        ; 4A             ; RESERVED_INPUT_WITH_WEAK_PULLUP ;        ;              ;                     ; Column I/O   ;                 ; no       ; On           ;
; AF19     ; 159        ; 4A             ; RESERVED_INPUT_WITH_WEAK_PULLUP ;        ;              ;                     ; Column I/O   ;                 ; no       ; On           ;
; AF20     ; 175        ; 4A             ; RESERVED_INPUT_WITH_WEAK_PULLUP ;        ;              ;                     ; Column I/O   ;                 ; no       ; On           ;
; AF21     ; 173        ; 4A             ; RESERVED_INPUT_WITH_WEAK_PULLUP ;        ;              ;                     ; Column I/O   ;                 ; no       ; On           ;
; AF22     ;            ; 4A             ; VCCIO4A                         ; power  ;              ; 3.3V                ; --           ;                 ; --       ; --           ;
; AF23     ; 183        ; 4A             ; RESERVED_INPUT_WITH_WEAK_PULLUP ;        ;              ;                     ; Column I/O   ;                 ; no       ; On           ;
; AF24     ; 181        ; 4A             ; RESERVED_INPUT_WITH_WEAK_PULLUP ;        ;              ;                     ; Column I/O   ;                 ; no       ; On           ;
; AF25     ; 206        ; 4A             ; RESERVED_INPUT_WITH_WEAK_PULLUP ;        ;              ;                     ; Column I/O   ;                 ; no       ; On           ;
; AF26     ; 204        ; 4A             ; RESERVED_INPUT_WITH_WEAK_PULLUP ;        ;              ;                     ; Column I/O   ;                 ; no       ; On           ;
; AF27     ;            ;                ; GND                             ; gnd    ;              ;                     ; --           ;                 ; --       ; --           ;
; AF28     ; 235        ; 5A             ; RESERVED_INPUT_WITH_WEAK_PULLUP ;        ;              ;                     ; Row I/O      ;                 ; no       ; On           ;
; AF29     ; 237        ; 5A             ; RESERVED_INPUT_WITH_WEAK_PULLUP ;        ;              ;                     ; Row I/O      ;                 ; no       ; On           ;
; AF30     ; 239        ; 5A             ; RESERVED_INPUT_WITH_WEAK_PULLUP ;        ;              ;                     ; Row I/O      ;                 ; no       ; On           ;
; AG1      ; 71         ; 3A             ; RESERVED_INPUT_WITH_WEAK_PULLUP ;        ;              ;                     ; Column I/O   ;                 ; no       ; On           ;
; AG2      ; 83         ; 3A             ; RESERVED_INPUT_WITH_WEAK_PULLUP ;        ;              ;                     ; Column I/O   ;                 ; no       ; On           ;
; AG3      ; 63         ; 3A             ; RESERVED_INPUT_WITH_WEAK_PULLUP ;        ;              ;                     ; Column I/O   ;                 ; no       ; On           ;
; AG4      ;            ; 3A             ; VCCIO3A                         ; power  ;              ; 3.3V                ; --           ;                 ; --       ; --           ;
; AG5      ; 78         ; 3A             ; RESERVED_INPUT_WITH_WEAK_PULLUP ;        ;              ;                     ; Column I/O   ;                 ; no       ; On           ;
; AG6      ; 73         ; 3A             ; RESERVED_INPUT_WITH_WEAK_PULLUP ;        ;              ;                     ; Column I/O   ;                 ; no       ; On           ;
; AG7      ; 68         ; 3A             ; RESERVED_INPUT_WITH_WEAK_PULLUP ;        ;              ;                     ; Column I/O   ;                 ; no       ; On           ;
; AG8      ; 65         ; 3A             ; RESERVED_INPUT_WITH_WEAK_PULLUP ;        ;              ;                     ; Column I/O   ;                 ; no       ; On           ;
; AG9      ;            ;                ; GND                             ; gnd    ;              ;                     ; --           ;                 ; --       ; --           ;
; AG10     ; 86         ; 3B             ; RESERVED_INPUT_WITH_WEAK_PULLUP ;        ;              ;                     ; Column I/O   ;                 ; no       ; On           ;
; AG11     ; 85         ; 3B             ; RESERVED_INPUT_WITH_WEAK_PULLUP ;        ;              ;                     ; Column I/O   ;                 ; no       ; On           ;
; AG12     ; 103        ; 3B             ; RESERVED_INPUT_WITH_WEAK_PULLUP ;        ;              ;                     ; Column I/O   ;                 ; no       ; On           ;
; AG13     ; 101        ; 3B             ; RESERVED_INPUT_WITH_WEAK_PULLUP ;        ;              ;                     ; Column I/O   ;                 ; no       ; On           ;
; AG14     ;            ;                ; GND                             ; gnd    ;              ;                     ; --           ;                 ; --       ; --           ;
; AG15     ; 127        ; 3B             ; RESERVED_INPUT_WITH_WEAK_PULLUP ;        ;              ;                     ; Column I/O   ;                 ; no       ; On           ;
; AG16     ; 134        ; 4A             ; RESERVED_INPUT_WITH_WEAK_PULLUP ;        ;              ;                     ; Column I/O   ;                 ; no       ; On           ;
; AG17     ; 132        ; 4A             ; RESERVED_INPUT_WITH_WEAK_PULLUP ;        ;              ;                     ; Column I/O   ;                 ; no       ; On           ;
; AG18     ; 150        ; 4A             ; RESERVED_INPUT_WITH_WEAK_PULLUP ;        ;              ;                     ; Column I/O   ;                 ; no       ; On           ;
; AG19     ;            ; 4A             ; VCCIO4A                         ; power  ;              ; 3.3V                ; --           ;                 ; --       ; --           ;
; AG20     ; 157        ; 4A             ; RESERVED_INPUT_WITH_WEAK_PULLUP ;        ;              ;                     ; Column I/O   ;                 ; no       ; On           ;
; AG21     ; 143        ; 4A             ; RESERVED_INPUT_WITH_WEAK_PULLUP ;        ;              ;                     ; Column I/O   ;                 ; no       ; On           ;
; AG22     ; 166        ; 4A             ; RESERVED_INPUT_WITH_WEAK_PULLUP ;        ;              ;                     ; Column I/O   ;                 ; no       ; On           ;
; AG23     ; 163        ; 4A             ; RESERVED_INPUT_WITH_WEAK_PULLUP ;        ;              ;                     ; Column I/O   ;                 ; no       ; On           ;
; AG24     ;            ;                ; GND                             ; gnd    ;              ;                     ; --           ;                 ; --       ; --           ;
; AG25     ; 190        ; 4A             ; RESERVED_INPUT_WITH_WEAK_PULLUP ;        ;              ;                     ; Column I/O   ;                 ; no       ; On           ;
; AG26     ; 203        ; 4A             ; RESERVED_INPUT_WITH_WEAK_PULLUP ;        ;              ;                     ; Column I/O   ;                 ; no       ; On           ;
; AG27     ; 212        ; 5A             ; RESERVED_INPUT_WITH_WEAK_PULLUP ;        ;              ;                     ; Row I/O      ;                 ; no       ; On           ;
; AG28     ; 233        ; 5A             ; RESERVED_INPUT_WITH_WEAK_PULLUP ;        ;              ;                     ; Row I/O      ;                 ; no       ; On           ;
; AG29     ;            ; 5A             ; VCCIO5A                         ; power  ;              ; 3.3V                ; --           ;                 ; --       ; --           ;
; AG30     ; 243        ; 5A             ; RESERVED_INPUT_WITH_WEAK_PULLUP ;        ;              ;                     ; Row I/O      ;                 ; no       ; On           ;
; AH1      ;            ;                ; GND                             ; gnd    ;              ;                     ; --           ;                 ; --       ; --           ;
; AH2      ; 69         ; 3A             ; RESERVED_INPUT_WITH_WEAK_PULLUP ;        ;              ;                     ; Column I/O   ;                 ; no       ; On           ;
; AH3      ; 81         ; 3A             ; RESERVED_INPUT_WITH_WEAK_PULLUP ;        ;              ;                     ; Column I/O   ;                 ; no       ; On           ;
; AH4      ; 61         ; 3A             ; RESERVED_INPUT_WITH_WEAK_PULLUP ;        ;              ;                     ; Column I/O   ;                 ; no       ; On           ;
; AH5      ; 76         ; 3A             ; RESERVED_INPUT_WITH_WEAK_PULLUP ;        ;              ;                     ; Column I/O   ;                 ; no       ; On           ;
; AH6      ;            ;                ; GND                             ; gnd    ;              ;                     ; --           ;                 ; --       ; --           ;
; AH7      ; 115        ; 3B             ; RESERVED_INPUT_WITH_WEAK_PULLUP ;        ;              ;                     ; Column I/O   ;                 ; no       ; On           ;
; AH8      ; 113        ; 3B             ; RESERVED_INPUT_WITH_WEAK_PULLUP ;        ;              ;                     ; Column I/O   ;                 ; no       ; On           ;
; AH9      ; 84         ; 3B             ; RESERVED_INPUT_WITH_WEAK_PULLUP ;        ;              ;                     ; Column I/O   ;                 ; no       ; On           ;
; AH10     ; 118        ; 3B             ; RESERVED_INPUT_WITH_WEAK_PULLUP ;        ;              ;                     ; Column I/O   ;                 ; no       ; On           ;
; AH11     ;            ;                ; GND                             ; gnd    ;              ;                     ; --           ;                 ; --       ; --           ;
; AH12     ; 126        ; 3B             ; RESERVED_INPUT_WITH_WEAK_PULLUP ;        ;              ;                     ; Column I/O   ;                 ; no       ; On           ;
; AH13     ; 111        ; 3B             ; RESERVED_INPUT_WITH_WEAK_PULLUP ;        ;              ;                     ; Column I/O   ;                 ; no       ; On           ;
; AH14     ; 109        ; 3B             ; RESERVED_INPUT_WITH_WEAK_PULLUP ;        ;              ;                     ; Column I/O   ;                 ; no       ; On           ;
; AH15     ; 125        ; 3B             ; RESERVED_INPUT_WITH_WEAK_PULLUP ;        ;              ;                     ; Column I/O   ;                 ; no       ; On           ;
; AH16     ;            ; 4A             ; VCCIO4A                         ; power  ;              ; 3.3V                ; --           ;                 ; --       ; --           ;
; AH17     ; 147        ; 4A             ; RESERVED_INPUT_WITH_WEAK_PULLUP ;        ;              ;                     ; Column I/O   ;                 ; no       ; On           ;
; AH18     ; 145        ; 4A             ; RESERVED_INPUT_WITH_WEAK_PULLUP ;        ;              ;                     ; Column I/O   ;                 ; no       ; On           ;
; AH19     ; 148        ; 4A             ; RESERVED_INPUT_WITH_WEAK_PULLUP ;        ;              ;                     ; Column I/O   ;                 ; no       ; On           ;
; AH20     ; 141        ; 4A             ; RESERVED_INPUT_WITH_WEAK_PULLUP ;        ;              ;                     ; Column I/O   ;                 ; no       ; On           ;
; AH21     ;            ;                ; GND                             ; gnd    ;              ;                     ; --           ;                 ; --       ; --           ;
; AH22     ; 164        ; 4A             ; RESERVED_INPUT_WITH_WEAK_PULLUP ;        ;              ;                     ; Column I/O   ;                 ; no       ; On           ;
; AH23     ; 174        ; 4A             ; RESERVED_INPUT_WITH_WEAK_PULLUP ;        ;              ;                     ; Column I/O   ;                 ; no       ; On           ;
; AH24     ; 161        ; 4A             ; RESERVED_INPUT_WITH_WEAK_PULLUP ;        ;              ;                     ; Column I/O   ;                 ; no       ; On           ;
; AH25     ; 188        ; 4A             ; RESERVED_INPUT_WITH_WEAK_PULLUP ;        ;              ;                     ; Column I/O   ;                 ; no       ; On           ;
; AH26     ;            ; 4A             ; VCCIO4A                         ; power  ;              ; 3.3V                ; --           ;                 ; --       ; --           ;
; AH27     ; 201        ; 4A             ; RESERVED_INPUT_WITH_WEAK_PULLUP ;        ;              ;                     ; Column I/O   ;                 ; no       ; On           ;
; AH28     ; 214        ; 5A             ; RESERVED_INPUT_WITH_WEAK_PULLUP ;        ;              ;                     ; Row I/O      ;                 ; no       ; On           ;
; AH29     ; 218        ; 5A             ; RESERVED_INPUT_WITH_WEAK_PULLUP ;        ;              ;                     ; Row I/O      ;                 ; no       ; On           ;
; AH30     ; 241        ; 5A             ; RESERVED_INPUT_WITH_WEAK_PULLUP ;        ;              ;                     ; Row I/O      ;                 ; no       ; On           ;
; AJ1      ; 79         ; 3A             ; RESERVED_INPUT_WITH_WEAK_PULLUP ;        ;              ;                     ; Column I/O   ;                 ; no       ; On           ;
; AJ2      ; 77         ; 3A             ; RESERVED_INPUT_WITH_WEAK_PULLUP ;        ;              ;                     ; Column I/O   ;                 ; no       ; On           ;
; AJ3      ;            ;                ; GND                             ; gnd    ;              ;                     ; --           ;                 ; --       ; --           ;
; AJ4      ; 94         ; 3B             ; RESERVED_INPUT_WITH_WEAK_PULLUP ;        ;              ;                     ; Column I/O   ;                 ; no       ; On           ;
; AJ5      ; 99         ; 3B             ; RESERVED_INPUT_WITH_WEAK_PULLUP ;        ;              ;                     ; Column I/O   ;                 ; no       ; On           ;
; AJ6      ; 102        ; 3B             ; RESERVED_INPUT_WITH_WEAK_PULLUP ;        ;              ;                     ; Column I/O   ;                 ; no       ; On           ;
; AJ7      ; 100        ; 3B             ; RESERVED_INPUT_WITH_WEAK_PULLUP ;        ;              ;                     ; Column I/O   ;                 ; no       ; On           ;
; AJ8      ;            ; 3B             ; VCCIO3B                         ; power  ;              ; 3.3V                ; --           ;                 ; --       ; --           ;
; AJ9      ; 110        ; 3B             ; RESERVED_INPUT_WITH_WEAK_PULLUP ;        ;              ;                     ; Column I/O   ;                 ; no       ; On           ;
; AJ10     ; 116        ; 3B             ; RESERVED_INPUT_WITH_WEAK_PULLUP ;        ;              ;                     ; Column I/O   ;                 ; no       ; On           ;
; AJ11     ; 119        ; 3B             ; RESERVED_INPUT_WITH_WEAK_PULLUP ;        ;              ;                     ; Column I/O   ;                 ; no       ; On           ;
; AJ12     ; 124        ; 3B             ; RESERVED_INPUT_WITH_WEAK_PULLUP ;        ;              ;                     ; Column I/O   ;                 ; no       ; On           ;
; AJ13     ;            ; 3B             ; VCCIO3B                         ; power  ;              ; 3.3V                ; --           ;                 ; --       ; --           ;
; AJ14     ; 131        ; 3B             ; RESERVED_INPUT_WITH_WEAK_PULLUP ;        ;              ;                     ; Column I/O   ;                 ; no       ; On           ;
; AJ15     ;            ; 3B             ; VREFB3BN0                       ; power  ;              ;                     ; --           ;                 ; --       ; --           ;
; AJ16     ; 142        ; 4A             ; RESERVED_INPUT_WITH_WEAK_PULLUP ;        ;              ;                     ; Column I/O   ;                 ; no       ; On           ;
; AJ17     ; 151        ; 4A             ; RESERVED_INPUT_WITH_WEAK_PULLUP ;        ;              ;                     ; Column I/O   ;                 ; no       ; On           ;
; AJ18     ;            ;                ; GND                             ; gnd    ;              ;                     ; --           ;                 ; --       ; --           ;
; AJ19     ; 155        ; 4A             ; RESERVED_INPUT_WITH_WEAK_PULLUP ;        ;              ;                     ; Column I/O   ;                 ; no       ; On           ;
; AJ20     ; 158        ; 4A             ; RESERVED_INPUT_WITH_WEAK_PULLUP ;        ;              ;                     ; Column I/O   ;                 ; no       ; On           ;
; AJ21     ; 156        ; 4A             ; RESERVED_INPUT_WITH_WEAK_PULLUP ;        ;              ;                     ; Column I/O   ;                 ; no       ; On           ;
; AJ22     ; 172        ; 4A             ; RESERVED_INPUT_WITH_WEAK_PULLUP ;        ;              ;                     ; Column I/O   ;                 ; no       ; On           ;
; AJ23     ;            ; 4A             ; VCCIO4A                         ; power  ;              ; 3.3V                ; --           ;                 ; --       ; --           ;
; AJ24     ; 182        ; 4A             ; RESERVED_INPUT_WITH_WEAK_PULLUP ;        ;              ;                     ; Column I/O   ;                 ; no       ; On           ;
; AJ25     ; 180        ; 4A             ; RESERVED_INPUT_WITH_WEAK_PULLUP ;        ;              ;                     ; Column I/O   ;                 ; no       ; On           ;
; AJ26     ; 187        ; 4A             ; RESERVED_INPUT_WITH_WEAK_PULLUP ;        ;              ;                     ; Column I/O   ;                 ; no       ; On           ;
; AJ27     ; 195        ; 4A             ; RESERVED_INPUT_WITH_WEAK_PULLUP ;        ;              ;                     ; Column I/O   ;                 ; no       ; On           ;
; AJ28     ;            ;                ; GND                             ; gnd    ;              ;                     ; --           ;                 ; --       ; --           ;
; AJ29     ; 216        ; 5A             ; RESERVED_INPUT_WITH_WEAK_PULLUP ;        ;              ;                     ; Row I/O      ;                 ; no       ; On           ;
; AJ30     ;            ;                ; GND                             ; gnd    ;              ;                     ; --           ;                 ; --       ; --           ;
; AK2      ; 91         ; 3B             ; RESERVED_INPUT_WITH_WEAK_PULLUP ;        ;              ;                     ; Column I/O   ;                 ; no       ; On           ;
; AK3      ; 89         ; 3B             ; RESERVED_INPUT_WITH_WEAK_PULLUP ;        ;              ;                     ; Column I/O   ;                 ; no       ; On           ;
; AK4      ; 92         ; 3B             ; RESERVED_INPUT_WITH_WEAK_PULLUP ;        ;              ;                     ; Column I/O   ;                 ; no       ; On           ;
; AK5      ;            ;                ; GND                             ; gnd    ;              ;                     ; --           ;                 ; --       ; --           ;
; AK6      ; 97         ; 3B             ; RESERVED_INPUT_WITH_WEAK_PULLUP ;        ;              ;                     ; Column I/O   ;                 ; no       ; On           ;
; AK7      ; 107        ; 3B             ; RESERVED_INPUT_WITH_WEAK_PULLUP ;        ;              ;                     ; Column I/O   ;                 ; no       ; On           ;
; AK8      ; 105        ; 3B             ; RESERVED_INPUT_WITH_WEAK_PULLUP ;        ;              ;                     ; Column I/O   ;                 ; no       ; On           ;
; AK9      ; 108        ; 3B             ; RESERVED_INPUT_WITH_WEAK_PULLUP ;        ;              ;                     ; Column I/O   ;                 ; no       ; On           ;
; AK10     ;            ; 3B             ; VCCIO3B                         ; power  ;              ; 3.3V                ; --           ;                 ; --       ; --           ;
; AK11     ; 117        ; 3B             ; RESERVED_INPUT_WITH_WEAK_PULLUP ;        ;              ;                     ; Column I/O   ;                 ; no       ; On           ;
; AK12     ; 123        ; 3B             ; RESERVED_INPUT_WITH_WEAK_PULLUP ;        ;              ;                     ; Column I/O   ;                 ; no       ; On           ;
; AK13     ; 121        ; 3B             ; RESERVED_INPUT_WITH_WEAK_PULLUP ;        ;              ;                     ; Column I/O   ;                 ; no       ; On           ;
; AK14     ; 129        ; 3B             ; RESERVED_INPUT_WITH_WEAK_PULLUP ;        ;              ;                     ; Column I/O   ;                 ; no       ; On           ;
; AK15     ;            ;                ; GND                             ; gnd    ;              ;                     ; --           ;                 ; --       ; --           ;
; AK16     ; 140        ; 4A             ; RESERVED_INPUT_WITH_WEAK_PULLUP ;        ;              ;                     ; Column I/O   ;                 ; no       ; On           ;
; AK17     ;            ; 4A             ; VREFB4AN0                       ; power  ;              ;                     ; --           ;                 ; --       ; --           ;
; AK18     ; 149        ; 4A             ; RESERVED_INPUT_WITH_WEAK_PULLUP ;        ;              ;                     ; Column I/O   ;                 ; no       ; On           ;
; AK19     ; 153        ; 4A             ; RESERVED_INPUT_WITH_WEAK_PULLUP ;        ;              ;                     ; Column I/O   ;                 ; no       ; On           ;
; AK20     ;            ; 4A             ; VCCIO4A                         ; power  ;              ; 3.3V                ; --           ;                 ; --       ; --           ;
; AK21     ; 171        ; 4A             ; RESERVED_INPUT_WITH_WEAK_PULLUP ;        ;              ;                     ; Column I/O   ;                 ; no       ; On           ;
; AK22     ; 169        ; 4A             ; RESERVED_INPUT_WITH_WEAK_PULLUP ;        ;              ;                     ; Column I/O   ;                 ; no       ; On           ;
; AK23     ; 179        ; 4A             ; RESERVED_INPUT_WITH_WEAK_PULLUP ;        ;              ;                     ; Column I/O   ;                 ; no       ; On           ;
; AK24     ; 177        ; 4A             ; RESERVED_INPUT_WITH_WEAK_PULLUP ;        ;              ;                     ; Column I/O   ;                 ; no       ; On           ;
; AK25     ;            ;                ; GND                             ; gnd    ;              ;                     ; --           ;                 ; --       ; --           ;
; AK26     ; 185        ; 4A             ; RESERVED_INPUT_WITH_WEAK_PULLUP ;        ;              ;                     ; Column I/O   ;                 ; no       ; On           ;
; AK27     ; 193        ; 4A             ; RESERVED_INPUT_WITH_WEAK_PULLUP ;        ;              ;                     ; Column I/O   ;                 ; no       ; On           ;
; AK28     ; 198        ; 4A             ; RESERVED_INPUT_WITH_WEAK_PULLUP ;        ;              ;                     ; Column I/O   ;                 ; no       ; On           ;
; AK29     ; 196        ; 4A             ; RESERVED_INPUT_WITH_WEAK_PULLUP ;        ;              ;                     ; Column I/O   ;                 ; no       ; On           ;
; B1       ; 509        ; 8A             ; RESERVED_INPUT_WITH_WEAK_PULLUP ;        ;              ;                     ; Column I/O   ;                 ; no       ; On           ;
; B2       ; 507        ; 8A             ; RESERVED_INPUT_WITH_WEAK_PULLUP ;        ;              ;                     ; Column I/O   ;                 ; no       ; On           ;
; B3       ; 513        ; 8A             ; RESERVED_INPUT_WITH_WEAK_PULLUP ;        ;              ;                     ; Column I/O   ;                 ; no       ; On           ;
; B4       ;            ; 8A             ; VCCIO8A                         ; power  ;              ; 3.3V                ; --           ;                 ; --       ; --           ;
; B5       ; 512        ; 8A             ; RESERVED_INPUT_WITH_WEAK_PULLUP ;        ;              ;                     ; Column I/O   ;                 ; no       ; On           ;
; B6       ; 510        ; 8A             ; RESERVED_INPUT_WITH_WEAK_PULLUP ;        ;              ;                     ; Column I/O   ;                 ; no       ; On           ;
; B7       ; 477        ; 8A             ; RESERVED_INPUT_WITH_WEAK_PULLUP ;        ;              ;                     ; Column I/O   ;                 ; no       ; On           ;
; B8       ; 481        ; 8A             ; RESERVED_INPUT_WITH_WEAK_PULLUP ;        ;              ;                     ; Column I/O   ;                 ; no       ; On           ;
; B9       ;            ;                ; GND                             ; gnd    ;              ;                     ; --           ;                 ; --       ; --           ;
; B10      ;            ; 8A             ; VREFB8AN0                       ; power  ;              ;                     ; --           ;                 ; --       ; --           ;
; B11      ; 469        ; 8A             ; VGA_HS                          ; output ; 3.3-V LVTTL  ;                     ; Column I/O   ; Y               ; no       ; Off          ;
; B12      ; 464        ; 8A             ; VGA_R[3]                        ; output ; 3.3-V LVTTL  ;                     ; Column I/O   ; Y               ; no       ; Off          ;
; B13      ; 459        ; 8A             ; VGA_B[0]                        ; output ; 3.3-V LVTTL  ;                     ; Column I/O   ; Y               ; no       ; Off          ;
; B14      ;            ;                ; GND                             ; gnd    ;              ;                     ; --           ;                 ; --       ; --           ;
; B15      ; 451        ; 7D             ; RESERVED_INPUT_WITH_WEAK_PULLUP ;        ;              ;                     ; Column I/O   ;                 ; no       ; On           ;
; B16      ; 441        ; 7C             ; RESERVED_INPUT_WITH_WEAK_PULLUP ;        ;              ;                     ; Column I/O   ;                 ; no       ; On           ;
; B17      ; 431        ; 7C             ; RESERVED_INPUT_WITH_WEAK_PULLUP ;        ;              ;                     ; Column I/O   ;                 ; no       ; On           ;
; B18      ; 418        ; 7B             ; RESERVED_INPUT_WITH_WEAK_PULLUP ;        ;              ;                     ; Column I/O   ;                 ; no       ; On           ;
; B19      ;            ;                ; GND                             ; gnd    ;              ;                     ; --           ;                 ; --       ; --           ;
; B20      ; 417        ; 7B             ; RESERVED_INPUT_WITH_WEAK_PULLUP ;        ;              ;                     ; Column I/O   ;                 ; no       ; On           ;
; B21      ; 413        ; 7B             ; RESERVED_INPUT_WITH_WEAK_PULLUP ;        ;              ;                     ; Column I/O   ;                 ; no       ; On           ;
; B22      ; 399        ; 7A             ; RESERVED_INPUT_WITH_WEAK_PULLUP ;        ;              ;                     ; Column I/O   ;                 ; no       ; On           ;
; B23      ; 397        ; 7A             ; RESERVED_INPUT_WITH_WEAK_PULLUP ;        ;              ;                     ; Column I/O   ;                 ; no       ; On           ;
; B24      ;            ;                ; GND                             ; gnd    ;              ;                     ; --           ;                 ; --       ; --           ;
; B25      ; 387        ; 7A             ; RESERVED_INPUT_WITH_WEAK_PULLUP ;        ;              ;                     ; Column I/O   ;                 ; no       ; On           ;
; B26      ; 386        ; 7A             ; RESERVED_INPUT_WITH_WEAK_PULLUP ;        ;              ;                     ; Column I/O   ;                 ; no       ; On           ;
; B27      ; 381        ; 7A             ; ^HPS_TDI                        ;        ;              ;                     ; --           ;                 ; --       ; --           ;
; B28      ; 376        ; 7A             ; ^HPS_TDO                        ;        ;              ;                     ; --           ;                 ; --       ; --           ;
; B29      ;            ;                ; GND                             ; gnd    ;              ;                     ; --           ;                 ; --       ; --           ;
; B30      ; 365        ; 6A             ; RESERVED_INPUT_WITH_WEAK_PULLUP ;        ;              ;                     ; Row I/O      ;                 ; no       ; On           ;
; C1       ;            ;                ; GND                             ; gnd    ;              ;                     ; --           ;                 ; --       ; --           ;
; C2       ; 517        ; 8A             ; RESERVED_INPUT_WITH_WEAK_PULLUP ;        ;              ;                     ; Column I/O   ;                 ; no       ; On           ;
; C3       ; 511        ; 8A             ; RESERVED_INPUT_WITH_WEAK_PULLUP ;        ;              ;                     ; Column I/O   ;                 ; no       ; On           ;
; C4       ; 501        ; 8A             ; RESERVED_INPUT_WITH_WEAK_PULLUP ;        ;              ;                     ; Column I/O   ;                 ; no       ; On           ;
; C5       ; 497        ; 8A             ; RESERVED_INPUT_WITH_WEAK_PULLUP ;        ;              ;                     ; Column I/O   ;                 ; no       ; On           ;
; C6       ;            ;                ; GND                             ; gnd    ;              ;                     ; --           ;                 ; --       ; --           ;
; C7       ; 475        ; 8A             ; RESERVED_INPUT_WITH_WEAK_PULLUP ;        ;              ;                     ; Column I/O   ;                 ; no       ; On           ;
; C8       ; 479        ; 8A             ; RESERVED_INPUT_WITH_WEAK_PULLUP ;        ;              ;                     ; Column I/O   ;                 ; no       ; On           ;
; C9       ; 485        ; 8A             ; RESERVED_INPUT_WITH_WEAK_PULLUP ;        ;              ;                     ; Column I/O   ;                 ; no       ; On           ;
; C10      ; 483        ; 8A             ; VGA_SYNC_N                      ; output ; 3.3-V LVTTL  ;                     ; Column I/O   ; Y               ; no       ; Off          ;
; C11      ;            ; 8A             ; VCCIO8A                         ; power  ;              ; 3.3V                ; --           ;                 ; --       ; --           ;
; C12      ; 467        ; 8A             ; VGA_R[4]                        ; output ; 3.3-V LVTTL  ;                     ; Column I/O   ; Y               ; no       ; Off          ;
; C13      ; 462        ; 8A             ; VGA_R[1]                        ; output ; 3.3-V LVTTL  ;                     ; Column I/O   ; Y               ; no       ; Off          ;
; C14      ; 448        ; 7D             ; RESERVED_INPUT_WITH_WEAK_PULLUP ;        ;              ;                     ; Column I/O   ;                 ; no       ; On           ;
; C15      ; 453        ; 7D             ; RESERVED_INPUT_WITH_WEAK_PULLUP ;        ;              ;                     ; Column I/O   ;                 ; no       ; On           ;
; C16      ;            ;                ; GND                             ; gnd    ;              ;                     ; --           ;                 ; --       ; --           ;
; C17      ; 433        ; 7C             ; RESERVED_INPUT_WITH_WEAK_PULLUP ;        ;              ;                     ; Column I/O   ;                 ; no       ; On           ;
; C18      ; 435        ; 7C             ; RESERVED_INPUT_WITH_WEAK_PULLUP ;        ;              ;                     ; Column I/O   ;                 ; no       ; On           ;
; C19      ; 427        ; 7B             ; RESERVED_INPUT_WITH_WEAK_PULLUP ;        ;              ;                     ; Column I/O   ;                 ; no       ; On           ;
; C20      ; 421        ; 7B             ; RESERVED_INPUT_WITH_WEAK_PULLUP ;        ;              ;                     ; Column I/O   ;                 ; no       ; On           ;
; C21      ;            ;                ; GND                             ; gnd    ;              ;                     ; --           ;                 ; --       ; --           ;
; C22      ; 396        ; 7A             ; RESERVED_INPUT_WITH_WEAK_PULLUP ;        ;              ;                     ; Column I/O   ;                 ; no       ; On           ;
; C23      ; 401        ; 7A             ; RESERVED_INPUT_WITH_WEAK_PULLUP ;        ;              ;                     ; Column I/O   ;                 ; no       ; On           ;
; C24      ; 393        ; 7A             ; RESERVED_INPUT_WITH_WEAK_PULLUP ;        ;              ;                     ; Column I/O   ;                 ; no       ; On           ;
; C25      ; 388        ; 7A             ; RESERVED_INPUT_WITH_WEAK_PULLUP ;        ;              ;                     ; Column I/O   ;                 ; no       ; On           ;
; C26      ;            ;                ; GND                             ; gnd    ;              ;                     ; --           ;                 ; --       ; --           ;
; C27      ; 374        ; 7A             ; ^HPS_nRST                       ;        ;              ;                     ; --           ;                 ; --       ; --           ;
; C28      ; 369        ; 6A             ; RESERVED_INPUT_WITH_WEAK_PULLUP ;        ;              ;                     ; Row I/O      ;                 ; no       ; On           ;
; C29      ; 367        ; 6A             ; RESERVED_INPUT_WITH_WEAK_PULLUP ;        ;              ;                     ; Row I/O      ;                 ; no       ; On           ;
; C30      ; 363        ; 6A             ; RESERVED_INPUT_WITH_WEAK_PULLUP ;        ;              ;                     ; Row I/O      ;                 ; no       ; On           ;
; D1       ; 529        ; 8A             ; RESERVED_INPUT_WITH_WEAK_PULLUP ;        ;              ;                     ; Column I/O   ;                 ; no       ; On           ;
; D2       ; 515        ; 8A             ; RESERVED_INPUT_WITH_WEAK_PULLUP ;        ;              ;                     ; Column I/O   ;                 ; no       ; On           ;
; D3       ;            ;                ; GND                             ; gnd    ;              ;                     ; --           ;                 ; --       ; --           ;
; D4       ; 521        ; 8A             ; RESERVED_INPUT_WITH_WEAK_PULLUP ;        ;              ;                     ; Column I/O   ;                 ; no       ; On           ;
; D5       ; 499        ; 8A             ; RESERVED_INPUT_WITH_WEAK_PULLUP ;        ;              ;                     ; Column I/O   ;                 ; no       ; On           ;
; D6       ; 495        ; 8A             ; RESERVED_INPUT_WITH_WEAK_PULLUP ;        ;              ;                     ; Column I/O   ;                 ; no       ; On           ;
; D7       ; 505        ; 8A             ; RESERVED_INPUT_WITH_WEAK_PULLUP ;        ;              ;                     ; Column I/O   ;                 ; no       ; On           ;
; D8       ;            ; 8A             ; VCCIO8A                         ; power  ;              ; 3.3V                ; --           ;                 ; --       ; --           ;
; D9       ; 480        ; 8A             ; RESERVED_INPUT_WITH_WEAK_PULLUP ;        ;              ;                     ; Column I/O   ;                 ; no       ; On           ;
; D10      ; 472        ; 8A             ; RESERVED_INPUT_WITH_WEAK_PULLUP ;        ;              ;                     ; Column I/O   ;                 ; no       ; On           ;
; D11      ; 470        ; 8A             ; VGA_VS                          ; output ; 3.3-V LVTTL  ;                     ; Column I/O   ; Y               ; no       ; Off          ;
; D12      ; 496        ; 8A             ; VGA_R[5]                        ; output ; 3.3-V LVTTL  ;                     ; Column I/O   ; Y               ; no       ; Off          ;
; D13      ;            ;                ; GND                             ; gnd    ;              ;                     ; --           ;                 ; --       ; --           ;
; D14      ; 446        ; 7D             ; RESERVED_INPUT_WITH_WEAK_PULLUP ;        ;              ;                     ; Column I/O   ;                 ; no       ; On           ;
; D15      ; 449        ; 7D             ; RESERVED_INPUT_WITH_WEAK_PULLUP ;        ;              ;                     ; Column I/O   ;                 ; no       ; On           ;
; D16      ; 445        ; 7D             ; RESERVED_INPUT_WITH_WEAK_PULLUP ;        ;              ;                     ; Column I/O   ;                 ; no       ; On           ;
; D17      ; 440        ; 7C             ; RESERVED_INPUT_WITH_WEAK_PULLUP ;        ;              ;                     ; Column I/O   ;                 ; no       ; On           ;
; D18      ;            ; 7C             ; VCCIO7C_HPS                     ; power  ;              ; 2.5V                ; --           ;                 ; --       ; --           ;
; D19      ; 426        ; 7B             ; RESERVED_INPUT_WITH_WEAK_PULLUP ;        ;              ;                     ; Column I/O   ;                 ; no       ; On           ;
; D20      ; 420        ; 7B             ; RESERVED_INPUT_WITH_WEAK_PULLUP ;        ;              ;                     ; Column I/O   ;                 ; no       ; On           ;
; D21      ; 419        ; 7B             ; RESERVED_INPUT_WITH_WEAK_PULLUP ;        ;              ;                     ; Column I/O   ;                 ; no       ; On           ;
; D22      ; 402        ; 7A             ; RESERVED_INPUT_WITH_WEAK_PULLUP ;        ;              ;                     ; Column I/O   ;                 ; no       ; On           ;
; D23      ;            ;                ; GND                             ; gnd    ;              ;                     ; --           ;                 ; --       ; --           ;
; D24      ; 404        ; 7A             ; RESERVED_INPUT_WITH_WEAK_PULLUP ;        ;              ;                     ; Column I/O   ;                 ; no       ; On           ;
; D25      ; 384        ; 7A             ; ^HPS_CLK1                       ;        ;              ;                     ; --           ;                 ; --       ; --           ;
; D26      ; 373        ; 7A             ; ^GND                            ;        ;              ;                     ; --           ;                 ; --       ; --           ;
; D27      ; 371        ; 6A             ; HPS_RZQ_0                       ;        ;              ;                     ; --           ;                 ; no       ; On           ;
; D28      ;            ; 6A             ; VCCIO6A_HPS                     ; power  ;              ; 2.5V                ; --           ;                 ; --       ; --           ;
; D29      ; 361        ; 6A             ; RESERVED_INPUT_WITH_WEAK_PULLUP ;        ;              ;                     ; Row I/O      ;                 ; no       ; On           ;
; D30      ; 359        ; 6A             ; RESERVED_INPUT_WITH_WEAK_PULLUP ;        ;              ;                     ; Row I/O      ;                 ; no       ; On           ;
; E1       ; 527        ; 8A             ; RESERVED_INPUT_WITH_WEAK_PULLUP ;        ;              ;                     ; Column I/O   ;                 ; no       ; On           ;
; E2       ; 525        ; 8A             ; RESERVED_INPUT_WITH_WEAK_PULLUP ;        ;              ;                     ; Column I/O   ;                 ; no       ; On           ;
; E3       ; 523        ; 8A             ; RESERVED_INPUT_WITH_WEAK_PULLUP ;        ;              ;                     ; Column I/O   ;                 ; no       ; On           ;
; E4       ; 519        ; 8A             ; RESERVED_INPUT_WITH_WEAK_PULLUP ;        ;              ;                     ; Column I/O   ;                 ; no       ; On           ;
; E5       ;            ; 8A             ; VCCIO8A                         ; power  ;              ; 3.3V                ; --           ;                 ; --       ; --           ;
; E6       ; 533        ; 8A             ; RESERVED_INPUT_WITH_WEAK_PULLUP ;        ;              ;                     ; Column I/O   ;                 ; no       ; On           ;
; E7       ; 531        ; 8A             ; RESERVED_INPUT_WITH_WEAK_PULLUP ;        ;              ;                     ; Column I/O   ;                 ; no       ; On           ;
; E8       ; 503        ; 8A             ; RESERVED_INPUT_WITH_WEAK_PULLUP ;        ;              ;                     ; Column I/O   ;                 ; no       ; On           ;
; E9       ; 478        ; 8A             ; RESERVED_INPUT_WITH_WEAK_PULLUP ;        ;              ;                     ; Column I/O   ;                 ; no       ; On           ;
; E10      ;            ;                ; GND                             ; gnd    ;              ;                     ; --           ;                 ; --       ; --           ;
; E11      ; 504        ; 8A             ; VGA_G[7]                        ; output ; 3.3-V LVTTL  ;                     ; Column I/O   ; Y               ; no       ; Off          ;
; E12      ; 494        ; 8A             ; VGA_R[6]                        ; output ; 3.3-V LVTTL  ;                     ; Column I/O   ; Y               ; no       ; Off          ;
; E13      ; 488        ; 8A             ; VGA_R[2]                        ; output ; 3.3-V LVTTL  ;                     ; Column I/O   ; Y               ; no       ; Off          ;
; E14      ; 454        ; 7D             ; RESERVED_INPUT_WITH_WEAK_PULLUP ;        ;              ;                     ; Column I/O   ;                 ; no       ; On           ;
; E15      ;            ; 7D             ; VCCIO7D_HPS                     ; power  ;              ; 2.5V                ; --           ;                 ; --       ; --           ;
; E16      ; 443        ; 7D             ; RESERVED_INPUT_WITH_WEAK_PULLUP ;        ;              ;                     ; Column I/O   ;                 ; no       ; On           ;
; E17      ; 438        ; 7C             ; RESERVED_INPUT_WITH_WEAK_PULLUP ;        ;              ;                     ; Column I/O   ;                 ; no       ; On           ;
; E18      ; 437        ; 7C             ; RESERVED_INPUT_WITH_WEAK_PULLUP ;        ;              ;                     ; Column I/O   ;                 ; no       ; On           ;
; E19      ; 424        ; 7B             ; RESERVED_INPUT_WITH_WEAK_PULLUP ;        ;              ;                     ; Column I/O   ;                 ; no       ; On           ;
; E20      ;            ; 7B             ; VCCIO7B_HPS                     ; power  ;              ; 2.5V                ; --           ;                 ; --       ; --           ;
; E21      ; 412        ; 7B             ; RESERVED_INPUT_WITH_WEAK_PULLUP ;        ;              ;                     ; Column I/O   ;                 ; no       ; On           ;
; E22      ;            ; 7A, 7B, 7C, 7D ; VREFB7A7B7C7DN0_HPS             ; power  ;              ;                     ; --           ;                 ; --       ; --           ;
; E23      ; 394        ; 7A             ; RESERVED_INPUT_WITH_WEAK_PULLUP ;        ;              ;                     ; Column I/O   ;                 ; no       ; On           ;
; E24      ; 403        ; 7A             ; RESERVED_INPUT_WITH_WEAK_PULLUP ;        ;              ;                     ; Column I/O   ;                 ; no       ; On           ;
; E25      ;            ;                ; GND                             ; gnd    ;              ;                     ; --           ;                 ; --       ; --           ;
; E26      ;            ;                ; DNU                             ;        ;              ;                     ; --           ;                 ; --       ; --           ;
; E27      ; 357        ; 6A             ; RESERVED_INPUT_WITH_WEAK_PULLUP ;        ;              ;                     ; Row I/O      ;                 ; no       ; On           ;
; E28      ; 351        ; 6A             ; RESERVED_INPUT_WITH_WEAK_PULLUP ;        ;              ;                     ; Row I/O      ;                 ; no       ; On           ;
; E29      ; 353        ; 6A             ; RESERVED_INPUT_WITH_WEAK_PULLUP ;        ;              ;                     ; Row I/O      ;                 ; no       ; On           ;
; E30      ;            ;                ; GND                             ; gnd    ;              ;                     ; --           ;                 ; --       ; --           ;
; F1       ;            ;                ; DNU                             ;        ;              ;                     ; --           ;                 ; --       ; --           ;
; F2       ;            ;                ; GND                             ; gnd    ;              ;                     ; --           ;                 ; --       ; --           ;
; F3       ; 539        ; 9A             ; ^CONF_DONE                      ;        ;              ;                     ; --           ;                 ; --       ; --           ;
; F4       ; 541        ; 9A             ; ^nSTATUS                        ;        ;              ;                     ; --           ;                 ; --       ; --           ;
; F5       ;            ;                ; GND                             ; gnd    ;              ;                     ; --           ;                 ; --       ; --           ;
; F6       ; 537        ; 8A             ; RESERVED_INPUT_WITH_WEAK_PULLUP ;        ;              ;                     ; Column I/O   ;                 ; no       ; On           ;
; F7       ;            ;                ; GND                             ; gnd    ;              ;                     ; --           ;                 ; --       ; --           ;
; F8       ; 536        ; 8A             ; RESERVED_INPUT_WITH_WEAK_PULLUP ;        ;              ;                     ; Column I/O   ;                 ; no       ; On           ;
; F9       ; 534        ; 8A             ; RESERVED_INPUT_WITH_WEAK_PULLUP ;        ;              ;                     ; Column I/O   ;                 ; no       ; On           ;
; F10      ; 528        ; 8A             ; VGA_BLANK_N                     ; output ; 3.3-V LVTTL  ;                     ; Column I/O   ; Y               ; no       ; Off          ;
; F11      ; 502        ; 8A             ; VGA_G[6]                        ; output ; 3.3-V LVTTL  ;                     ; Column I/O   ; Y               ; no       ; Off          ;
; F12      ;            ; 8A             ; VCCIO8A                         ; power  ;              ; 3.3V                ; --           ;                 ; --       ; --           ;
; F13      ; 486        ; 8A             ; VGA_R[7]                        ; output ; 3.3-V LVTTL  ;                     ; Column I/O   ; Y               ; no       ; Off          ;
; F14      ; 468        ; 8A             ; VGA_B[3]                        ; output ; 3.3-V LVTTL  ;                     ; Column I/O   ; Y               ; no       ; Off          ;
; F15      ; 466        ; 8A             ; VGA_B[5]                        ; output ; 3.3-V LVTTL  ;                     ; Column I/O   ; Y               ; no       ; Off          ;
; F16      ; 442        ; 7D             ; RESERVED_INPUT_WITH_WEAK_PULLUP ;        ;              ;                     ; Column I/O   ;                 ; no       ; On           ;
; F17      ;            ;                ; GND                             ; gnd    ;              ;                     ; --           ;                 ; --       ; --           ;
; F18      ; 430        ; 7C             ; RESERVED_INPUT_WITH_WEAK_PULLUP ;        ;              ;                     ; Column I/O   ;                 ; no       ; On           ;
; F19      ; 410        ; 7B             ; RESERVED_INPUT_WITH_WEAK_PULLUP ;        ;              ;                     ; Column I/O   ;                 ; no       ; On           ;
; F20      ; 407        ; 7B             ; RESERVED_INPUT_WITH_WEAK_PULLUP ;        ;              ;                     ; Column I/O   ;                 ; no       ; On           ;
; F21      ; 409        ; 7B             ; RESERVED_INPUT_WITH_WEAK_PULLUP ;        ;              ;                     ; Column I/O   ;                 ; no       ; On           ;
; F22      ;            ; 7A             ; VCCIO7A_HPS                     ; power  ;              ; 2.5V                ; --           ;                 ; --       ; --           ;
; F23      ; 375        ; 7A             ; ^HPS_nPOR                       ;        ;              ;                     ; --           ;                 ; --       ; --           ;
; F24      ; 383        ; 7A             ; ^HPS_PORSEL                     ;        ;              ;                     ; --           ;                 ; --       ; --           ;
; F25      ; 385        ; 7A             ; ^HPS_CLK2                       ;        ;              ;                     ; --           ;                 ; --       ; --           ;
; F26      ; 341        ; 6A             ; RESERVED_INPUT_WITH_WEAK_PULLUP ;        ;              ;                     ; Row I/O      ;                 ; no       ; On           ;
; F27      ;            ;                ; GND                             ; gnd    ;              ;                     ; --           ;                 ; --       ; --           ;
; F28      ; 345        ; 6A             ; RESERVED_INPUT_WITH_WEAK_PULLUP ;        ;              ;                     ; Row I/O      ;                 ; no       ; On           ;
; F29      ; 349        ; 6A             ; RESERVED_INPUT_WITH_WEAK_PULLUP ;        ;              ;                     ; Row I/O      ;                 ; no       ; On           ;
; F30      ; 347        ; 6A             ; RESERVED_INPUT_WITH_WEAK_PULLUP ;        ;              ;                     ; Row I/O      ;                 ; no       ; On           ;
; G1       ;            ;                ; GND                             ;        ;              ;                     ; --           ;                 ; --       ; --           ;
; G2       ;            ;                ; DNU                             ;        ;              ;                     ; --           ;                 ; --       ; --           ;
; G3       ;            ;                ; GND                             ; gnd    ;              ;                     ; --           ;                 ; --       ; --           ;
; G4       ;            ;                ; GND                             ; gnd    ;              ;                     ; --           ;                 ; --       ; --           ;
; G5       ; 542        ; 9A             ; ^nCE                            ;        ;              ;                     ; --           ;                 ; --       ; --           ;
; G6       ; 543        ; 9A             ; ^MSEL2                          ;        ;              ;                     ; --           ;                 ; --       ; --           ;
; G7       ; 535        ; 8A             ; RESERVED_INPUT_WITH_WEAK_PULLUP ;        ;              ;                     ; Column I/O   ;                 ; no       ; On           ;
; G8       ; 492        ; 8A             ; RESERVED_INPUT_WITH_WEAK_PULLUP ;        ;              ;                     ; Column I/O   ;                 ; no       ; On           ;
; G9       ;            ; 8A             ; VCCIO8A                         ; power  ;              ; 3.3V                ; --           ;                 ; --       ; --           ;
; G10      ; 526        ; 8A             ; VGA_G[3]                        ; output ; 3.3-V LVTTL  ;                     ; Column I/O   ; Y               ; no       ; Off          ;
; G11      ; 520        ; 8A             ; VGA_G[4]                        ; output ; 3.3-V LVTTL  ;                     ; Column I/O   ; Y               ; no       ; Off          ;
; G12      ; 518        ; 8A             ; VGA_G[5]                        ; output ; 3.3-V LVTTL  ;                     ; Column I/O   ; Y               ; no       ; Off          ;
; G13      ; 484        ; 8A             ; VGA_B[1]                        ; output ; 3.3-V LVTTL  ;                     ; Column I/O   ; Y               ; no       ; Off          ;
; G14      ;            ; 8A             ; VCCIO8A                         ; power  ;              ; 3.3V                ; --           ;                 ; --       ; --           ;
; G15      ; 460        ; 8A             ; VGA_B[6]                        ; output ; 3.3-V LVTTL  ;                     ; Column I/O   ; Y               ; no       ; Off          ;
; G16      ; 444        ; 7D             ; RESERVED_INPUT_WITH_WEAK_PULLUP ;        ;              ;                     ; Column I/O   ;                 ; no       ; On           ;
; G17      ; 436        ; 7C             ; RESERVED_INPUT_WITH_WEAK_PULLUP ;        ;              ;                     ; Column I/O   ;                 ; no       ; On           ;
; G18      ; 432        ; 7C             ; RESERVED_INPUT_WITH_WEAK_PULLUP ;        ;              ;                     ; Column I/O   ;                 ; no       ; On           ;
; G19      ;            ; 7B             ; VCCIO7B_HPS                     ; power  ;              ; 2.5V                ; --           ;                 ; --       ; --           ;
; G20      ; 416        ; 7B             ; RESERVED_INPUT_WITH_WEAK_PULLUP ;        ;              ;                     ; Column I/O   ;                 ; no       ; On           ;
; G21      ; 392        ; 7A             ; RESERVED_INPUT_WITH_WEAK_PULLUP ;        ;              ;                     ; Column I/O   ;                 ; no       ; On           ;
; G22      ; 400        ; 7A             ; RESERVED_INPUT_WITH_WEAK_PULLUP ;        ;              ;                     ; Column I/O   ;                 ; no       ; On           ;
; G23      ; 377        ; 7A             ; ^VCCRSTCLK_HPS                  ;        ;              ;                     ; --           ;                 ; --       ; --           ;
; G24      ;            ;                ; GND                             ; gnd    ;              ;                     ; --           ;                 ; --       ; --           ;
; G25      ; 370        ; 6A             ; RESERVED_INPUT_WITH_WEAK_PULLUP ;        ;              ;                     ; Row I/O      ;                 ; no       ; On           ;
; G26      ; 362        ; 6A             ; RESERVED_INPUT_WITH_WEAK_PULLUP ;        ;              ;                     ; Row I/O      ;                 ; no       ; On           ;
; G27      ; 339        ; 6A             ; RESERVED_INPUT_WITH_WEAK_PULLUP ;        ;              ;                     ; Row I/O      ;                 ; --       ; --           ;
; G28      ; 335        ; 6A             ; RESERVED_INPUT_WITH_WEAK_PULLUP ;        ;              ;                     ; Row I/O      ;                 ; no       ; On           ;
; G29      ;            ; 6A             ; VCCIO6A_HPS                     ; power  ;              ; 2.5V                ; --           ;                 ; --       ; --           ;
; G30      ; 343        ; 6A             ; RESERVED_INPUT_WITH_WEAK_PULLUP ;        ;              ;                     ; Row I/O      ;                 ; no       ; On           ;
; H1       ;            ;                ; GND                             ; gnd    ;              ;                     ; --           ;                 ; --       ; --           ;
; H2       ;            ;                ; GND                             ; gnd    ;              ;                     ; --           ;                 ; --       ; --           ;
; H3       ;            ;                ; DNU                             ;        ;              ;                     ; --           ;                 ; --       ; --           ;
; H4       ;            ;                ; DNU                             ;        ;              ;                     ; --           ;                 ; --       ; --           ;
; H5       ;            ;                ; GND                             ; gnd    ;              ;                     ; --           ;                 ; --       ; --           ;
; H6       ;            ; 8A             ; VCCIO8A                         ; power  ;              ; 3.3V                ; --           ;                 ; --       ; --           ;
; H7       ; 508        ; 8A             ; RESERVED_INPUT_WITH_WEAK_PULLUP ;        ;              ;                     ; Column I/O   ;                 ; no       ; On           ;
; H8       ; 490        ; 8A             ; RESERVED_INPUT_WITH_WEAK_PULLUP ;        ;              ;                     ; Column I/O   ;                 ; no       ; On           ;
; H9       ;            ; --             ; VCCBAT                          ; power  ;              ; 1.2V                ; --           ;                 ; --       ; --           ;
; H10      ;            ; --             ; VCC_AUX                         ; power  ;              ; 2.5V                ; --           ;                 ; --       ; --           ;
; H11      ;            ;                ; GND                             ; gnd    ;              ;                     ; --           ;                 ; --       ; --           ;
; H12      ; 500        ; 8A             ; VGA_G[2]                        ; output ; 3.3-V LVTTL  ;                     ; Column I/O   ; Y               ; no       ; Off          ;
; H13      ; 498        ; 8A             ; VGA_B[2]                        ; output ; 3.3-V LVTTL  ;                     ; Column I/O   ; Y               ; no       ; Off          ;
; H14      ; 482        ; 8A             ; VGA_B[4]                        ; output ; 3.3-V LVTTL  ;                     ; Column I/O   ; Y               ; no       ; Off          ;
; H15      ; 458        ; 8A             ; RESERVED_INPUT_WITH_WEAK_PULLUP ;        ;              ;                     ; Column I/O   ;                 ; no       ; On           ;
; H16      ;            ; 7D             ; VCCIO7D_HPS                     ; power  ;              ; 2.5V                ; --           ;                 ; --       ; --           ;
; H17      ; 434        ; 7C             ; RESERVED_INPUT_WITH_WEAK_PULLUP ;        ;              ;                     ; Column I/O   ;                 ; no       ; On           ;
; H18      ; 422        ; 7B             ; RESERVED_INPUT_WITH_WEAK_PULLUP ;        ;              ;                     ; Column I/O   ;                 ; no       ; On           ;
; H19      ; 406        ; 7B             ; RESERVED_INPUT_WITH_WEAK_PULLUP ;        ;              ;                     ; Column I/O   ;                 ; no       ; On           ;
; H20      ; 398        ; 7A             ; RESERVED_INPUT_WITH_WEAK_PULLUP ;        ;              ;                     ; Column I/O   ;                 ; no       ; On           ;
; H21      ;            ; 7A             ; VCCIO7A_HPS                     ; power  ;              ; 2.5V                ; --           ;                 ; --       ; --           ;
; H22      ; 379        ; 7A             ; ^HPS_TCK                        ;        ;              ;                     ; --           ;                 ; --       ; --           ;
; H23      ; 390        ; 7A             ; RESERVED_INPUT_WITH_WEAK_PULLUP ;        ;              ;                     ; Column I/O   ;                 ; no       ; On           ;
; H24      ; 364        ; 6A             ; RESERVED_INPUT_WITH_WEAK_PULLUP ;        ;              ;                     ; Row I/O      ;                 ; no       ; On           ;
; H25      ; 368        ; 6A             ; RESERVED_INPUT_WITH_WEAK_PULLUP ;        ;              ;                     ; Row I/O      ;                 ; no       ; On           ;
; H26      ;            ; 6A             ; VCCIO6A_HPS                     ; power  ;              ; 2.5V                ; --           ;                 ; --       ; --           ;
; H27      ; 360        ; 6A             ; RESERVED_INPUT_WITH_WEAK_PULLUP ;        ;              ;                     ; Row I/O      ;                 ; no       ; On           ;
; H28      ; 333        ; 6A             ; RESERVED_INPUT_WITH_WEAK_PULLUP ;        ;              ;                     ; Row I/O      ;                 ; no       ; On           ;
; H29      ; 331        ; 6A             ; RESERVED_INPUT_WITH_WEAK_PULLUP ;        ;              ;                     ; Row I/O      ;                 ; no       ; On           ;
; H30      ; 337        ; 6A             ; RESERVED_INPUT_WITH_WEAK_PULLUP ;        ;              ;                     ; Row I/O      ;                 ; no       ; On           ;
; J1       ;            ;                ; GND                             ; gnd    ;              ;                     ; --           ;                 ; --       ; --           ;
; J2       ;            ;                ; GND                             ; gnd    ;              ;                     ; --           ;                 ; --       ; --           ;
; J3       ;            ;                ; GND                             ; gnd    ;              ;                     ; --           ;                 ; --       ; --           ;
; J4       ;            ;                ; GND                             ; gnd    ;              ;                     ; --           ;                 ; --       ; --           ;
; J5       ; 545        ; 9A             ; ^nCONFIG                        ;        ;              ;                     ; --           ;                 ; --       ; --           ;
; J6       ; 547        ; 9A             ; ^GND                            ;        ;              ;                     ; --           ;                 ; --       ; --           ;
; J7       ; 506        ; 8A             ; RESERVED_INPUT_WITH_WEAK_PULLUP ;        ;              ;                     ; Column I/O   ;                 ; no       ; On           ;
; J8       ;            ;                ; GND                             ; gnd    ;              ;                     ; --           ;                 ; --       ; --           ;
; J9       ; 532        ; 8A             ; VGA_G[0]                        ; output ; 3.3-V LVTTL  ;                     ; Column I/O   ; Y               ; no       ; Off          ;
; J10      ; 530        ; 8A             ; VGA_G[1]                        ; output ; 3.3-V LVTTL  ;                     ; Column I/O   ; Y               ; no       ; Off          ;
; J11      ;            ; --             ; VCCPGM                          ; power  ;              ; 1.8V/2.5V/3.0V/3.3V ; --           ;                 ; --       ; --           ;
; J12      ; 516        ; 8A             ; RESERVED_INPUT_WITH_WEAK_PULLUP ;        ;              ;                     ; Column I/O   ;                 ; no       ; On           ;
; J13      ;            ; 8A             ; VCCIO8A                         ; power  ;              ; 3.3V                ; --           ;                 ; --       ; --           ;
; J14      ; 476        ; 8A             ; VGA_B[7]                        ; output ; 3.3-V LVTTL  ;                     ; Column I/O   ; Y               ; no       ; Off          ;
; J15      ;            ;                ; DNU                             ;        ;              ;                     ; --           ;                 ; --       ; --           ;
; J16      ;            ; --             ; VCC_AUX                         ; power  ;              ; 2.5V                ; --           ;                 ; --       ; --           ;
; J17      ;            ; 7C             ; VCCPD7C_HPS                     ; power  ;              ; 2.5V                ; --           ;                 ; --       ; --           ;
; J18      ;            ;                ; GND                             ; gnd    ;              ;                     ; --           ;                 ; --       ; --           ;
; J19      ; 408        ; 7B             ; RESERVED_INPUT_WITH_WEAK_PULLUP ;        ;              ;                     ; Column I/O   ;                 ; no       ; On           ;
; J20      ;            ; --             ; VCCRSTCLK_HPS                   ; power  ;              ; 1.8V/2.5V/3.0V/3.3V ; --           ;                 ; --       ; --           ;
; J21      ;            ; --             ; VCC_AUX_SHARED                  ; power  ;              ; 2.5V                ; --           ;                 ; --       ; --           ;
; J22      ; 372        ; 7A             ; ^GND                            ;        ;              ;                     ; --           ;                 ; --       ; --           ;
; J23      ; 354        ; 6A             ; RESERVED_INPUT_WITH_WEAK_PULLUP ;        ;              ;                     ; Row I/O      ;                 ; no       ; On           ;
; J24      ; 352        ; 6A             ; RESERVED_INPUT_WITH_WEAK_PULLUP ;        ;              ;                     ; Row I/O      ;                 ; no       ; On           ;
; J25      ; 344        ; 6A             ; RESERVED_INPUT_WITH_WEAK_PULLUP ;        ;              ;                     ; Row I/O      ;                 ; no       ; On           ;
; J26      ; 323        ; 6A             ; RESERVED_INPUT_WITH_WEAK_PULLUP ;        ;              ;                     ; Row I/O      ;                 ; no       ; On           ;
; J27      ; 346        ; 6A             ; RESERVED_INPUT_WITH_WEAK_PULLUP ;        ;              ;                     ; Row I/O      ;                 ; no       ; On           ;
; J28      ;            ;                ; GND                             ; gnd    ;              ;                     ; --           ;                 ; --       ; --           ;
; J29      ; 327        ; 6A             ; RESERVED_INPUT_WITH_WEAK_PULLUP ;        ;              ;                     ; Row I/O      ;                 ; no       ; On           ;
; J30      ; 329        ; 6A             ; RESERVED_INPUT_WITH_WEAK_PULLUP ;        ;              ;                     ; Row I/O      ;                 ; no       ; On           ;
; K1       ;            ;                ; GND                             ; gnd    ;              ;                     ; --           ;                 ; --       ; --           ;
; K2       ;            ;                ; GND                             ; gnd    ;              ;                     ; --           ;                 ; --       ; --           ;
; K3       ;            ;                ; DNU                             ;        ;              ;                     ; --           ;                 ; --       ; --           ;
; K4       ;            ;                ; DNU                             ;        ;              ;                     ; --           ;                 ; --       ; --           ;
; K5       ;            ;                ; GND                             ; gnd    ;              ;                     ; --           ;                 ; --       ; --           ;
; K6       ; 540        ; 9A             ; ^MSEL1                          ;        ;              ;                     ; --           ;                 ; --       ; --           ;
; K7       ; 522        ; 8A             ; RESERVED_INPUT_WITH_WEAK_PULLUP ;        ;              ;                     ; Column I/O   ;                 ; no       ; On           ;
; K8       ; 524        ; 8A             ; RESERVED_INPUT_WITH_WEAK_PULLUP ;        ;              ;                     ; Column I/O   ;                 ; no       ; On           ;
; K9       ;            ; --             ; VCCA_FPLL                       ; power  ;              ; 2.5V                ; --           ;                 ; --       ; --           ;
; K10      ;            ;                ; GND                             ; gnd    ;              ;                     ; --           ;                 ; --       ; --           ;
; K11      ;            ; 8A             ; VCCPD8A                         ; power  ;              ; 3.3V                ; --           ;                 ; --       ; --           ;
; K12      ; 514        ; 8A             ; RESERVED_INPUT_WITH_WEAK_PULLUP ;        ;              ;                     ; Column I/O   ;                 ; no       ; On           ;
; K13      ;            ; 8A             ; VCCPD8A                         ; power  ;              ; 3.3V                ; --           ;                 ; --       ; --           ;
; K14      ; 474        ; 8A             ; RESERVED_INPUT_WITH_WEAK_PULLUP ;        ;              ;                     ; Column I/O   ;                 ; no       ; On           ;
; K15      ;            ;                ; GND                             ; gnd    ;              ;                     ; --           ;                 ; --       ; --           ;
; K16      ;            ; 7D             ; VCCPD7D_HPS                     ; power  ;              ; 2.5V                ; --           ;                 ; --       ; --           ;
; K17      ; 414        ; 7B             ; RESERVED_INPUT_WITH_WEAK_PULLUP ;        ;              ;                     ; Column I/O   ;                 ; no       ; On           ;
; K18      ;            ; 7B             ; VCCPD7B_HPS                     ; power  ;              ; 2.5V                ; --           ;                 ; --       ; --           ;
; K19      ;            ; 7A             ; VCCPD7A_HPS                     ; power  ;              ; 2.5V                ; --           ;                 ; --       ; --           ;
; K20      ;            ;                ; GND                             ; gnd    ;              ;                     ; --           ;                 ; --       ; --           ;
; K21      ; 366        ; 6A             ; RESERVED_INPUT_WITH_WEAK_PULLUP ;        ;              ;                     ; Row I/O      ;                 ; no       ; On           ;
; K22      ; 336        ; 6A             ; RESERVED_INPUT_WITH_WEAK_PULLUP ;        ;              ;                     ; Row I/O      ;                 ; no       ; On           ;
; K23      ; 338        ; 6A             ; RESERVED_INPUT_WITH_WEAK_PULLUP ;        ;              ;                     ; Row I/O      ;                 ; no       ; On           ;
; K24      ;            ; 6A             ; VCCIO6A_HPS                     ; power  ;              ; 2.5V                ; --           ;                 ; --       ; --           ;
; K25      ;            ;                ; GND                             ; gnd    ;              ;                     ; --           ;                 ; --       ; --           ;
; K26      ; 322        ; 6A             ; RESERVED_INPUT_WITH_WEAK_PULLUP ;        ;              ;                     ; Row I/O      ;                 ; no       ; On           ;
; K27      ; 319        ; 6A             ; RESERVED_INPUT_WITH_WEAK_PULLUP ;        ;              ;                     ; Row I/O      ;                 ; no       ; On           ;
; K28      ; 325        ; 6A             ; RESERVED_INPUT_WITH_WEAK_PULLUP ;        ;              ;                     ; Row I/O      ;                 ; no       ; On           ;
; K29      ; 321        ; 6A             ; RESERVED_INPUT_WITH_WEAK_PULLUP ;        ;              ;                     ; Row I/O      ;                 ; no       ; On           ;
; K30      ;            ; 6A             ; VCCIO6A_HPS                     ; power  ;              ; 2.5V                ; --           ;                 ; --       ; --           ;
; L1       ;            ;                ; GND                             ; gnd    ;              ;                     ; --           ;                 ; --       ; --           ;
; L2       ;            ;                ; GND                             ; gnd    ;              ;                     ; --           ;                 ; --       ; --           ;
; L3       ;            ;                ; GND                             ; gnd    ;              ;                     ; --           ;                 ; --       ; --           ;
; L4       ;            ;                ; GND                             ; gnd    ;              ;                     ; --           ;                 ; --       ; --           ;
; L5       ;            ; --             ; VCC                             ; power  ;              ; 1.1V                ; --           ;                 ; --       ; --           ;
; L6       ;            ;                ; GND                             ; gnd    ;              ;                     ; --           ;                 ; --       ; --           ;
; L7       ; 544        ; 9A             ; ^MSEL3                          ;        ;              ;                     ; --           ;                 ; --       ; --           ;
; L8       ; 538        ; 9A             ; ^MSEL0                          ;        ;              ;                     ; --           ;                 ; --       ; --           ;
; L9       ; 546        ; 9A             ; ^MSEL4                          ;        ;              ;                     ; --           ;                 ; --       ; --           ;
; L10      ;            ; 8A             ; VCCPD8A                         ; power  ;              ; 3.3V                ; --           ;                 ; --       ; --           ;
; L11      ;            ;                ; GND                             ; gnd    ;              ;                     ; --           ;                 ; --       ; --           ;
; L12      ;            ; 8A             ; VCCPD8A                         ; power  ;              ; 3.3V                ; --           ;                 ; --       ; --           ;
; L13      ;            ;                ; GND                             ; gnd    ;              ;                     ; --           ;                 ; --       ; --           ;
; L14      ;            ; 8A             ; VCCPD8A                         ; power  ;              ; 3.3V                ; --           ;                 ; --       ; --           ;
; L15      ;            ;                ; GND                             ; gnd    ;              ;                     ; --           ;                 ; --       ; --           ;
; L16      ;            ; --             ; VCC_HPS                         ; power  ;              ; 1.1V                ; --           ;                 ; --       ; --           ;
; L17      ;            ;                ; GND                             ; gnd    ;              ;                     ; --           ;                 ; --       ; --           ;
; L18      ;            ; --             ; VCC_HPS                         ; power  ;              ; 1.1V                ; --           ;                 ; --       ; --           ;
; L19      ;            ;                ; GND                             ; gnd    ;              ;                     ; --           ;                 ; --       ; --           ;
; L20      ;            ; --             ; VCC_HPS                         ; power  ;              ; 1.1V                ; --           ;                 ; --       ; --           ;
; L21      ;            ; --             ; VCCPLL_HPS                      ; power  ;              ; 2.5V                ; --           ;                 ; --       ; --           ;
; L22      ;            ;                ; GND                             ; gnd    ;              ;                     ; --           ;                 ; --       ; --           ;
; L23      ; 350        ; 6A             ; RESERVED_INPUT_WITH_WEAK_PULLUP ;        ;              ;                     ; Row I/O      ;                 ; no       ; On           ;
; L24      ; 328        ; 6A             ; RESERVED_INPUT_WITH_WEAK_PULLUP ;        ;              ;                     ; Row I/O      ;                 ; no       ; On           ;
; L25      ; 330        ; 6A             ; RESERVED_INPUT_WITH_WEAK_PULLUP ;        ;              ;                     ; Row I/O      ;                 ; no       ; On           ;
; L26      ; 320        ; 6A             ; RESERVED_INPUT_WITH_WEAK_PULLUP ;        ;              ;                     ; Row I/O      ;                 ; no       ; On           ;
; L27      ;            ; 6A             ; VCCIO6A_HPS                     ; power  ;              ; 2.5V                ; --           ;                 ; --       ; --           ;
; L28      ; 313        ; 6A             ; RESERVED_INPUT_WITH_WEAK_PULLUP ;        ;              ;                     ; Row I/O      ;                 ; no       ; On           ;
; L29      ; 315        ; 6A             ; RESERVED_INPUT_WITH_WEAK_PULLUP ;        ;              ;                     ; Row I/O      ;                 ; no       ; On           ;
; L30      ; 317        ; 6A             ; RESERVED_INPUT_WITH_WEAK_PULLUP ;        ;              ;                     ; Row I/O      ;                 ; no       ; On           ;
; M1       ;            ;                ; GND                             ; gnd    ;              ;                     ; --           ;                 ; --       ; --           ;
; M2       ;            ;                ; GND                             ; gnd    ;              ;                     ; --           ;                 ; --       ; --           ;
; M3       ;            ;                ; DNU                             ;        ;              ;                     ; --           ;                 ; --       ; --           ;
; M4       ;            ;                ; DNU                             ;        ;              ;                     ; --           ;                 ; --       ; --           ;
; M5       ;            ;                ; GND                             ; gnd    ;              ;                     ; --           ;                 ; --       ; --           ;
; M6       ;            ; --             ; VCC                             ; power  ;              ; 1.1V                ; --           ;                 ; --       ; --           ;
; M7       ;            ;                ; GND                             ; gnd    ;              ;                     ; --           ;                 ; --       ; --           ;
; M8       ;            ;                ; GND                             ; gnd    ;              ;                     ; --           ;                 ; --       ; --           ;
; M9       ;            ; --             ; VCC                             ; power  ;              ; 1.1V                ; --           ;                 ; --       ; --           ;
; M10      ;            ;                ; GND                             ; gnd    ;              ;                     ; --           ;                 ; --       ; --           ;
; M11      ;            ; --             ; VCC                             ; power  ;              ; 1.1V                ; --           ;                 ; --       ; --           ;
; M12      ;            ;                ; GND                             ; gnd    ;              ;                     ; --           ;                 ; --       ; --           ;
; M13      ;            ; --             ; VCC                             ; power  ;              ; 1.1V                ; --           ;                 ; --       ; --           ;
; M14      ;            ;                ; GND                             ; gnd    ;              ;                     ; --           ;                 ; --       ; --           ;
; M15      ;            ; --             ; VCC_HPS                         ; power  ;              ; 1.1V                ; --           ;                 ; --       ; --           ;
; M16      ;            ;                ; GND                             ; gnd    ;              ;                     ; --           ;                 ; --       ; --           ;
; M17      ; 450        ; 7D             ; RESERVED_INPUT_WITH_WEAK_PULLUP ;        ;              ;                     ; Column I/O   ;                 ; no       ; On           ;
; M18      ;            ;                ; GND                             ; gnd    ;              ;                     ; --           ;                 ; --       ; --           ;
; M19      ; 334        ; 6A             ; RESERVED_INPUT_WITH_WEAK_PULLUP ;        ;              ;                     ; Row I/O      ;                 ; no       ; On           ;
; M20      ;            ;                ; GND                             ; gnd    ;              ;                     ; --           ;                 ; --       ; --           ;
; M21      ;            ; 6A, 6B         ; VCCPD6A6B_HPS                   ; power  ;              ; 2.5V                ; --           ;                 ; --       ; --           ;
; M22      ; 308        ; 6A             ; RESERVED_INPUT_WITH_WEAK_PULLUP ;        ;              ;                     ; Row I/O      ;                 ; no       ; On           ;
; M23      ; 348        ; 6A             ; RESERVED_INPUT_WITH_WEAK_PULLUP ;        ;              ;                     ; Row I/O      ;                 ; no       ; On           ;
; M24      ;            ; 6A             ; VCCIO6A_HPS                     ; power  ;              ; 2.5V                ; --           ;                 ; --       ; --           ;
; M25      ; 324        ; 6A             ; RESERVED_INPUT_WITH_WEAK_PULLUP ;        ;              ;                     ; Row I/O      ;                 ; no       ; On           ;
; M26      ; 314        ; 6A             ; RESERVED_INPUT_WITH_WEAK_PULLUP ;        ;              ;                     ; Row I/O      ;                 ; no       ; On           ;
; M27      ; 312        ; 6A             ; RESERVED_INPUT_WITH_WEAK_PULLUP ;        ;              ;                     ; Row I/O      ;                 ; no       ; On           ;
; M28      ; 309        ; 6A             ; RESERVED_INPUT_WITH_WEAK_PULLUP ;        ;              ;                     ; Row I/O      ;                 ; no       ; On           ;
; M29      ;            ;                ; GND                             ; gnd    ;              ;                     ; --           ;                 ; --       ; --           ;
; M30      ; 311        ; 6A             ; RESERVED_INPUT_WITH_WEAK_PULLUP ;        ;              ;                     ; Row I/O      ;                 ; no       ; On           ;
; N1       ;            ;                ; GND                             ; gnd    ;              ;                     ; --           ;                 ; --       ; --           ;
; N2       ;            ;                ; GND                             ; gnd    ;              ;                     ; --           ;                 ; --       ; --           ;
; N3       ;            ;                ; GND                             ; gnd    ;              ;                     ; --           ;                 ; --       ; --           ;
; N4       ;            ;                ; GND                             ; gnd    ;              ;                     ; --           ;                 ; --       ; --           ;
; N5       ;            ; --             ; VCC                             ; power  ;              ; 1.1V                ; --           ;                 ; --       ; --           ;
; N6       ;            ;                ; GND                             ; gnd    ;              ;                     ; --           ;                 ; --       ; --           ;
; N7       ;            ; --             ; VCCA_FPLL                       ; power  ;              ; 2.5V                ; --           ;                 ; --       ; --           ;
; N8       ;            ;                ; GND                             ; gnd    ;              ;                     ; --           ;                 ; --       ; --           ;
; N9       ;            ;                ; GND                             ; gnd    ;              ;                     ; --           ;                 ; --       ; --           ;
; N10      ;            ; --             ; VCC                             ; power  ;              ; 1.1V                ; --           ;                 ; --       ; --           ;
; N11      ;            ;                ; GND                             ; gnd    ;              ;                     ; --           ;                 ; --       ; --           ;
; N12      ;            ; --             ; VCC                             ; power  ;              ; 1.1V                ; --           ;                 ; --       ; --           ;
; N13      ;            ;                ; GND                             ; gnd    ;              ;                     ; --           ;                 ; --       ; --           ;
; N14      ;            ; --             ; VCC                             ; power  ;              ; 1.1V                ; --           ;                 ; --       ; --           ;
; N15      ;            ;                ; GND                             ; gnd    ;              ;                     ; --           ;                 ; --       ; --           ;
; N16      ; 452        ; 7D             ; RESERVED_INPUT_WITH_WEAK_PULLUP ;        ;              ;                     ; Column I/O   ;                 ; no       ; On           ;
; N17      ;            ;                ; GND                             ; gnd    ;              ;                     ; --           ;                 ; --       ; --           ;
; N18      ; 332        ; 6A             ; RESERVED_INPUT_WITH_WEAK_PULLUP ;        ;              ;                     ; Row I/O      ;                 ; no       ; On           ;
; N19      ;            ;                ; GND                             ; gnd    ;              ;                     ; --           ;                 ; --       ; --           ;
; N20      ;            ; --             ; VCC_HPS                         ; power  ;              ; 1.1V                ; --           ;                 ; --       ; --           ;
; N21      ;            ; 6A             ; VCCIO6A_HPS                     ; power  ;              ; 2.5V                ; --           ;                 ; --       ; --           ;
; N22      ;            ; 6A, 6B         ; VCCPD6A6B_HPS                   ; power  ;              ; 2.5V                ; --           ;                 ; --       ; --           ;
; N23      ; 310        ; 6A             ; RESERVED_INPUT_WITH_WEAK_PULLUP ;        ;              ;                     ; Row I/O      ;                 ; no       ; On           ;
; N24      ; 318        ; 6A             ; RESERVED_INPUT_WITH_WEAK_PULLUP ;        ;              ;                     ; Row I/O      ;                 ; no       ; On           ;
; N25      ; 316        ; 6A             ; RESERVED_INPUT_WITH_WEAK_PULLUP ;        ;              ;                     ; Row I/O      ;                 ; no       ; On           ;
; N26      ;            ;                ; GND                             ; gnd    ;              ;                     ; --           ;                 ; --       ; --           ;
; N27      ; 297        ; 6B             ; RESERVED_INPUT_WITH_WEAK_PULLUP ;        ;              ;                     ; Row I/O      ;                 ; no       ; On           ;
; N28      ; 303        ; 6B             ; RESERVED_INPUT_WITH_WEAK_PULLUP ;        ;              ;                     ; Row I/O      ;                 ; no       ; On           ;
; N29      ; 305        ; 6B             ; RESERVED_INPUT_WITH_WEAK_PULLUP ;        ;              ;                     ; Row I/O      ;                 ; no       ; On           ;
; N30      ; 307        ; 6B             ; RESERVED_INPUT_WITH_WEAK_PULLUP ;        ;              ;                     ; Row I/O      ;                 ; no       ; On           ;
; P1       ;            ;                ; GND                             ; gnd    ;              ;                     ; --           ;                 ; --       ; --           ;
; P2       ;            ;                ; GND                             ; gnd    ;              ;                     ; --           ;                 ; --       ; --           ;
; P3       ;            ;                ; DNU                             ;        ;              ;                     ; --           ;                 ; --       ; --           ;
; P4       ;            ;                ; DNU                             ;        ;              ;                     ; --           ;                 ; --       ; --           ;
; P5       ;            ;                ; GND                             ; gnd    ;              ;                     ; --           ;                 ; --       ; --           ;
; P6       ;            ; --             ; VCCA_FPLL                       ; power  ;              ; 2.5V                ; --           ;                 ; --       ; --           ;
; P7       ;            ;                ; GND                             ; gnd    ;              ;                     ; --           ;                 ; --       ; --           ;
; P8       ;            ;                ; GND                             ; gnd    ;              ;                     ; --           ;                 ; --       ; --           ;
; P9       ;            ;                ; GND                             ; gnd    ;              ;                     ; --           ;                 ; --       ; --           ;
; P10      ;            ;                ; GND                             ; gnd    ;              ;                     ; --           ;                 ; --       ; --           ;
; P11      ;            ; --             ; VCC                             ; power  ;              ; 1.1V                ; --           ;                 ; --       ; --           ;
; P12      ;            ;                ; GND                             ; gnd    ;              ;                     ; --           ;                 ; --       ; --           ;
; P13      ;            ; --             ; VCC                             ; power  ;              ; 1.1V                ; --           ;                 ; --       ; --           ;
; P14      ;            ;                ; GND                             ; gnd    ;              ;                     ; --           ;                 ; --       ; --           ;
; P15      ;            ; --             ; VCC_HPS                         ; power  ;              ; 1.1V                ; --           ;                 ; --       ; --           ;
; P16      ;            ;                ; GND                             ; gnd    ;              ;                     ; --           ;                 ; --       ; --           ;
; P17      ;            ; --             ; VCC_HPS                         ; power  ;              ; 1.1V                ; --           ;                 ; --       ; --           ;
; P18      ;            ;                ; GND                             ; gnd    ;              ;                     ; --           ;                 ; --       ; --           ;
; P19      ;            ; --             ; VCC_HPS                         ; power  ;              ; 1.1V                ; --           ;                 ; --       ; --           ;
; P20      ;            ;                ; GND                             ; gnd    ;              ;                     ; --           ;                 ; --       ; --           ;
; P21      ;            ; 6A, 6B         ; VCCPD6A6B_HPS                   ; power  ;              ; 2.5V                ; --           ;                 ; --       ; --           ;
; P22      ; 294        ; 6B             ; RESERVED_INPUT_WITH_WEAK_PULLUP ;        ;              ;                     ; Row I/O      ;                 ; no       ; On           ;
; P23      ;            ; 6B             ; VCCIO6B_HPS                     ; power  ;              ; 2.5V                ; --           ;                 ; --       ; --           ;
; P24      ; 290        ; 6B             ; RESERVED_INPUT_WITH_WEAK_PULLUP ;        ;              ;                     ; Row I/O      ;                 ; no       ; On           ;
; P25      ; 288        ; 6B             ; RESERVED_INPUT_WITH_WEAK_PULLUP ;        ;              ;                     ; Row I/O      ;                 ; no       ; On           ;
; P26      ; 298        ; 6B             ; RESERVED_INPUT_WITH_WEAK_PULLUP ;        ;              ;                     ; Row I/O      ;                 ; no       ; On           ;
; P27      ; 296        ; 6B             ; RESERVED_INPUT_WITH_WEAK_PULLUP ;        ;              ;                     ; Row I/O      ;                 ; no       ; On           ;
; P28      ;            ; 6B             ; VCCIO6B_HPS                     ; power  ;              ; 2.5V                ; --           ;                 ; --       ; --           ;
; P29      ; 299        ; 6B             ; RESERVED_INPUT_WITH_WEAK_PULLUP ;        ;              ;                     ; Row I/O      ;                 ; no       ; On           ;
; P30      ; 301        ; 6B             ; RESERVED_INPUT_WITH_WEAK_PULLUP ;        ;              ;                     ; Row I/O      ;                 ; no       ; On           ;
; R1       ;            ;                ; GND                             ; gnd    ;              ;                     ; --           ;                 ; --       ; --           ;
; R2       ;            ;                ; GND                             ; gnd    ;              ;                     ; --           ;                 ; --       ; --           ;
; R3       ;            ;                ; GND                             ; gnd    ;              ;                     ; --           ;                 ; --       ; --           ;
; R4       ;            ;                ; GND                             ; gnd    ;              ;                     ; --           ;                 ; --       ; --           ;
; R5       ;            ; --             ; VCC                             ; power  ;              ; 1.1V                ; --           ;                 ; --       ; --           ;
; R6       ;            ;                ; GND                             ; gnd    ;              ;                     ; --           ;                 ; --       ; --           ;
; R7       ;            ; --             ; VCCA_FPLL                       ; power  ;              ; 2.5V                ; --           ;                 ; --       ; --           ;
; R8       ;            ;                ; GND                             ; gnd    ;              ;                     ; --           ;                 ; --       ; --           ;
; R9       ;            ;                ; GND                             ; gnd    ;              ;                     ; --           ;                 ; --       ; --           ;
; R10      ;            ; --             ; VCC                             ; power  ;              ; 1.1V                ; --           ;                 ; --       ; --           ;
; R11      ;            ;                ; GND                             ; gnd    ;              ;                     ; --           ;                 ; --       ; --           ;
; R12      ;            ; --             ; VCC                             ; power  ;              ; 1.1V                ; --           ;                 ; --       ; --           ;
; R13      ;            ;                ; GND                             ; gnd    ;              ;                     ; --           ;                 ; --       ; --           ;
; R14      ;            ; --             ; VCC                             ; power  ;              ; 1.1V                ; --           ;                 ; --       ; --           ;
; R15      ;            ;                ; GND                             ; gnd    ;              ;                     ; --           ;                 ; --       ; --           ;
; R16      ;            ; --             ; VCC_HPS                         ; power  ;              ; 1.1V                ; --           ;                 ; --       ; --           ;
; R17      ;            ;                ; GND                             ; gnd    ;              ;                     ; --           ;                 ; --       ; --           ;
; R18      ; 302        ; 6B             ; RESERVED_INPUT_WITH_WEAK_PULLUP ;        ;              ;                     ; Row I/O      ;                 ; no       ; On           ;
; R19      ; 300        ; 6B             ; RESERVED_INPUT_WITH_WEAK_PULLUP ;        ;              ;                     ; Row I/O      ;                 ; no       ; On           ;
; R20      ;            ; 6A, 6B         ; VCCPD6A6B_HPS                   ; power  ;              ; 2.5V                ; --           ;                 ; --       ; --           ;
; R21      ; 286        ; 6B             ; RESERVED_INPUT_WITH_WEAK_PULLUP ;        ;              ;                     ; Row I/O      ;                 ; no       ; On           ;
; R22      ; 284        ; 6B             ; RESERVED_INPUT_WITH_WEAK_PULLUP ;        ;              ;                     ; Row I/O      ;                 ; no       ; On           ;
; R23      ;            ; 6A, 6B         ; VCCPD6A6B_HPS                   ; power  ;              ; 2.5V                ; --           ;                 ; --       ; --           ;
; R24      ; 272        ; 6B             ; RESERVED_INPUT_WITH_WEAK_PULLUP ;        ;              ;                     ; Row I/O      ;                 ; no       ; On           ;
; R25      ;            ; 6B             ; VCCIO6B_HPS                     ; power  ;              ; 2.5V                ; --           ;                 ; --       ; --           ;
; R26      ; 280        ; 6B             ; RESERVED_INPUT_WITH_WEAK_PULLUP ;        ;              ;                     ; Row I/O      ;                 ; no       ; On           ;
; R27      ; 282        ; 6B             ; RESERVED_INPUT_WITH_WEAK_PULLUP ;        ;              ;                     ; Row I/O      ;                 ; no       ; On           ;
; R28      ; 293        ; 6B             ; RESERVED_INPUT_WITH_WEAK_PULLUP ;        ;              ;                     ; Row I/O      ;                 ; no       ; On           ;
; R29      ; 295        ; 6B             ; RESERVED_INPUT_WITH_WEAK_PULLUP ;        ;              ;                     ; Row I/O      ;                 ; no       ; On           ;
; R30      ;            ;                ; GND                             ; gnd    ;              ;                     ; --           ;                 ; --       ; --           ;
; T1       ;            ;                ; GND                             ; gnd    ;              ;                     ; --           ;                 ; --       ; --           ;
; T2       ;            ;                ; GND                             ; gnd    ;              ;                     ; --           ;                 ; --       ; --           ;
; T3       ;            ;                ; DNU                             ;        ;              ;                     ; --           ;                 ; --       ; --           ;
; T4       ;            ;                ; DNU                             ;        ;              ;                     ; --           ;                 ; --       ; --           ;
; T5       ;            ;                ; GND                             ; gnd    ;              ;                     ; --           ;                 ; --       ; --           ;
; T6       ;            ; --             ; VCC                             ; power  ;              ; 1.1V                ; --           ;                 ; --       ; --           ;
; T7       ;            ;                ; GND                             ; gnd    ;              ;                     ; --           ;                 ; --       ; --           ;
; T8       ;            ;                ; GND                             ; gnd    ;              ;                     ; --           ;                 ; --       ; --           ;
; T9       ;            ;                ; GND                             ; gnd    ;              ;                     ; --           ;                 ; --       ; --           ;
; T10      ;            ;                ; GND                             ; gnd    ;              ;                     ; --           ;                 ; --       ; --           ;
; T11      ;            ; --             ; VCC                             ; power  ;              ; 1.1V                ; --           ;                 ; --       ; --           ;
; T12      ;            ;                ; GND                             ; gnd    ;              ;                     ; --           ;                 ; --       ; --           ;
; T13      ;            ; --             ; VCC                             ; power  ;              ; 1.1V                ; --           ;                 ; --       ; --           ;
; T14      ;            ;                ; GND                             ; gnd    ;              ;                     ; --           ;                 ; --       ; --           ;
; T15      ;            ;                ; GND                             ; gnd    ;              ;                     ; --           ;                 ; --       ; --           ;
; T16      ;            ;                ; GND                             ; gnd    ;              ;                     ; --           ;                 ; --       ; --           ;
; T17      ;            ; --             ; VCC_HPS                         ; power  ;              ; 1.1V                ; --           ;                 ; --       ; --           ;
; T18      ;            ;                ; GND                             ; gnd    ;              ;                     ; --           ;                 ; --       ; --           ;
; T19      ;            ; --             ; VCC_HPS                         ; power  ;              ; 1.1V                ; --           ;                 ; --       ; --           ;
; T20      ;            ;                ; GND                             ; gnd    ;              ;                     ; --           ;                 ; --       ; --           ;
; T21      ; 278        ; 6B             ; RESERVED_INPUT_WITH_WEAK_PULLUP ;        ;              ;                     ; Row I/O      ;                 ; no       ; On           ;
; T22      ;            ; 6B             ; VCCIO6B_HPS                     ; power  ;              ; 2.5V                ; --           ;                 ; --       ; --           ;
; T23      ; 270        ; 6B             ; RESERVED_INPUT_WITH_WEAK_PULLUP ;        ;              ;                     ; Row I/O      ;                 ; no       ; On           ;
; T24      ; 268        ; 6B             ; RESERVED_INPUT_WITH_WEAK_PULLUP ;        ;              ;                     ; Row I/O      ;                 ; no       ; On           ;
; T25      ; 266        ; 6B             ; RESERVED_INPUT_WITH_WEAK_PULLUP ;        ;              ;                     ; Row I/O      ;                 ; no       ; On           ;
; T26      ; 304        ; 6B             ; RESERVED_INPUT_WITH_WEAK_PULLUP ;        ;              ;                     ; Row I/O      ;                 ; no       ; On           ;
; T27      ;            ;                ; GND                             ; gnd    ;              ;                     ; --           ;                 ; --       ; --           ;
; T28      ; 287        ; 6B             ; RESERVED_INPUT_WITH_WEAK_PULLUP ;        ;              ;                     ; Row I/O      ;                 ; no       ; On           ;
; T29      ; 289        ; 6B             ; RESERVED_INPUT_WITH_WEAK_PULLUP ;        ;              ;                     ; Row I/O      ;                 ; no       ; On           ;
; T30      ; 291        ; 6B             ; RESERVED_INPUT_WITH_WEAK_PULLUP ;        ;              ;                     ; Row I/O      ;                 ; no       ; On           ;
; U1       ;            ;                ; GND                             ; gnd    ;              ;                     ; --           ;                 ; --       ; --           ;
; U2       ;            ;                ; GND                             ; gnd    ;              ;                     ; --           ;                 ; --       ; --           ;
; U3       ;            ;                ; GND                             ; gnd    ;              ;                     ; --           ;                 ; --       ; --           ;
; U4       ;            ;                ; GND                             ; gnd    ;              ;                     ; --           ;                 ; --       ; --           ;
; U5       ;            ; --             ; VCC                             ; power  ;              ; 1.1V                ; --           ;                 ; --       ; --           ;
; U6       ;            ;                ; GND                             ; gnd    ;              ;                     ; --           ;                 ; --       ; --           ;
; U7       ; 50         ; 3A             ; ^DCLK                           ;        ;              ;                     ; Weak Pull Up ;                 ; --       ; On           ;
; U8       ; 48         ; 3A             ; #TDI                            ; input  ;              ;                     ; --           ;                 ; --       ; --           ;
; U9       ;            ;                ; GND                             ; gnd    ;              ;                     ; --           ;                 ; --       ; --           ;
; U10      ;            ; --             ; VCC                             ; power  ;              ; 1.1V                ; --           ;                 ; --       ; --           ;
; U11      ;            ;                ; GND                             ; gnd    ;              ;                     ; --           ;                 ; --       ; --           ;
; U12      ;            ; --             ; VCC                             ; power  ;              ; 1.1V                ; --           ;                 ; --       ; --           ;
; U13      ;            ;                ; GND                             ; gnd    ;              ;                     ; --           ;                 ; --       ; --           ;
; U14      ;            ; --             ; VCC                             ; power  ;              ; 1.1V                ; --           ;                 ; --       ; --           ;
; U15      ;            ;                ; GND                             ; gnd    ;              ;                     ; --           ;                 ; --       ; --           ;
; U16      ;            ; --             ; VCC_HPS                         ; power  ;              ; 1.1V                ; --           ;                 ; --       ; --           ;
; U17      ;            ;                ; GND                             ; gnd    ;              ;                     ; --           ;                 ; --       ; --           ;
; U18      ;            ; --             ; VCC_HPS                         ; power  ;              ; 1.1V                ; --           ;                 ; --       ; --           ;
; U19      ;            ; 6B             ; VCCIO6B_HPS                     ; power  ;              ; 2.5V                ; --           ;                 ; --       ; --           ;
; U20      ; 276        ; 6B             ; RESERVED_INPUT_WITH_WEAK_PULLUP ;        ;              ;                     ; Row I/O      ;                 ; no       ; On           ;
; U21      ;            ; --             ; VCC                             ; power  ;              ; 1.1V                ; --           ;                 ; --       ; --           ;
; U22      ;            ;                ; GND                             ; gnd    ;              ;                     ; --           ;                 ; --       ; --           ;
; U23      ;            ; 5B             ; VCCPD5B                         ; power  ;              ; 2.5V                ; --           ;                 ; --       ; --           ;
; U24      ;            ;                ; GND                             ; gnd    ;              ;                     ; --           ;                 ; --       ; --           ;
; U25      ; 264        ; 6B             ; RESERVED_INPUT_WITH_WEAK_PULLUP ;        ;              ;                     ; Row I/O      ;                 ; no       ; On           ;
; U26      ; 306        ; 6B             ; RESERVED_INPUT_WITH_WEAK_PULLUP ;        ;              ;                     ; Row I/O      ;                 ; no       ; On           ;
; U27      ; 273        ; 6B             ; RESERVED_INPUT_WITH_WEAK_PULLUP ;        ;              ;                     ; Row I/O      ;                 ; no       ; On           ;
; U28      ; 285        ; 6B             ; RESERVED_INPUT_WITH_WEAK_PULLUP ;        ;              ;                     ; Row I/O      ;                 ; no       ; On           ;
; U29      ;            ;                ; GND                             ; gnd    ;              ;                     ; --           ;                 ; --       ; --           ;
; U30      ; 283        ; 6B             ; RESERVED_INPUT_WITH_WEAK_PULLUP ;        ;              ;                     ; Row I/O      ;                 ; --       ; --           ;
; V1       ;            ;                ; GND                             ; gnd    ;              ;                     ; --           ;                 ; --       ; --           ;
; V2       ;            ;                ; GND                             ; gnd    ;              ;                     ; --           ;                 ; --       ; --           ;
; V3       ;            ;                ; DNU                             ;        ;              ;                     ; --           ;                 ; --       ; --           ;
; V4       ;            ;                ; DNU                             ;        ;              ;                     ; --           ;                 ; --       ; --           ;
; V5       ;            ;                ; GND                             ; gnd    ;              ;                     ; --           ;                 ; --       ; --           ;
; V6       ;            ; --             ; VCCA_FPLL                       ; power  ;              ; 2.5V                ; --           ;                 ; --       ; --           ;
; V7       ;            ;                ; GND                             ; gnd    ;              ;                     ; --           ;                 ; --       ; --           ;
; V8       ;            ; --             ; VCCA_FPLL                       ; power  ;              ; 2.5V                ; --           ;                 ; --       ; --           ;
; V9       ; 44         ; 3A             ; #TMS                            ; input  ;              ;                     ; --           ;                 ; --       ; --           ;
; V10      ;            ;                ; GND                             ; gnd    ;              ;                     ; --           ;                 ; --       ; --           ;
; V11      ;            ; --             ; VCC                             ; power  ;              ; 1.1V                ; --           ;                 ; --       ; --           ;
; V12      ;            ;                ; GND                             ; gnd    ;              ;                     ; --           ;                 ; --       ; --           ;
; V13      ;            ; --             ; VCC                             ; power  ;              ; 1.1V                ; --           ;                 ; --       ; --           ;
; V14      ;            ;                ; GND                             ; gnd    ;              ;                     ; --           ;                 ; --       ; --           ;
; V15      ;            ; --             ; VCC                             ; power  ;              ; 1.1V                ; --           ;                 ; --       ; --           ;
; V16      ; 138        ; 4A             ; LEDR[0]                         ; output ; 3.3-V LVTTL  ;                     ; Column I/O   ; Y               ; no       ; Off          ;
; V17      ; 154        ; 4A             ; LEDR[2]                         ; output ; 3.3-V LVTTL  ;                     ; Column I/O   ; Y               ; no       ; Off          ;
; V18      ; 194        ; 4A             ; LEDR[3]                         ; output ; 3.3-V LVTTL  ;                     ; Column I/O   ; Y               ; no       ; Off          ;
; V19      ;            ;                ; GND                             ; gnd    ;              ;                     ; --           ;                 ; --       ; --           ;
; V20      ; 292        ; 6B             ; RESERVED_INPUT_WITH_WEAK_PULLUP ;        ;              ;                     ; Row I/O      ;                 ; no       ; On           ;
; V21      ;            ;                ; GND                             ; gnd    ;              ;                     ; --           ;                 ; --       ; --           ;
; V22      ;            ; 5A             ; VCCPD5A                         ; power  ;              ; 3.3V                ; --           ;                 ; --       ; --           ;
; V23      ; 236        ; 5A             ; RESERVED_INPUT_WITH_WEAK_PULLUP ;        ;              ;                     ; Row I/O      ;                 ; no       ; On           ;
; V24      ;            ; 5A             ; VCCPD5A                         ; power  ;              ; 3.3V                ; --           ;                 ; --       ; --           ;
; V25      ; 246        ; 5B             ; RESERVED_INPUT_WITH_WEAK_PULLUP ;        ;              ;                     ; Row I/O      ;                 ; no       ; On           ;
; V26      ;            ; 6B             ; VCCIO6B_HPS                     ; power  ;              ; 2.5V                ; --           ;                 ; --       ; --           ;
; V27      ; 265        ; 6B             ; RESERVED_INPUT_WITH_WEAK_PULLUP ;        ;              ;                     ; Row I/O      ;                 ; no       ; On           ;
; V28      ; 271        ; 6B             ; RESERVED_INPUT_WITH_WEAK_PULLUP ;        ;              ;                     ; Row I/O      ;                 ; no       ; On           ;
; V29      ; 275        ; 6B             ; RESERVED_INPUT_WITH_WEAK_PULLUP ;        ;              ;                     ; Row I/O      ;                 ; no       ; On           ;
; V30      ; 281        ; 6B             ; RESERVED_INPUT_WITH_WEAK_PULLUP ;        ;              ;                     ; Row I/O      ;                 ; no       ; On           ;
; W1       ;            ;                ; GND                             ; gnd    ;              ;                     ; --           ;                 ; --       ; --           ;
; W2       ;            ;                ; GND                             ; gnd    ;              ;                     ; --           ;                 ; --       ; --           ;
; W3       ;            ;                ; GND                             ; gnd    ;              ;                     ; --           ;                 ; --       ; --           ;
; W4       ;            ;                ; GND                             ; gnd    ;              ;                     ; --           ;                 ; --       ; --           ;
; W5       ;            ; --             ; VCC                             ; power  ;              ; 1.1V                ; --           ;                 ; --       ; --           ;
; W6       ;            ;                ; GND                             ; gnd    ;              ;                     ; --           ;                 ; --       ; --           ;
; W7       ;            ;                ; GND                             ; gnd    ;              ;                     ; --           ;                 ; --       ; --           ;
; W8       ;            ;                ; GND                             ; gnd    ;              ;                     ; --           ;                 ; --       ; --           ;
; W9       ;            ;                ; GND                             ; gnd    ;              ;                     ; --           ;                 ; --       ; --           ;
; W10      ;            ; --             ; VCC                             ; power  ;              ; 1.1V                ; --           ;                 ; --       ; --           ;
; W11      ;            ;                ; GND                             ; gnd    ;              ;                     ; --           ;                 ; --       ; --           ;
; W12      ;            ; --             ; VCC                             ; power  ;              ; 1.1V                ; --           ;                 ; --       ; --           ;
; W13      ;            ;                ; GND                             ; gnd    ;              ;                     ; --           ;                 ; --       ; --           ;
; W14      ;            ; --             ; VCC                             ; power  ;              ; 1.1V                ; --           ;                 ; --       ; --           ;
; W15      ; 130        ; 3B             ; KEY[2]                          ; input  ; 3.3-V LVTTL  ;                     ; Column I/O   ; Y               ; no       ; Off          ;
; W16      ; 136        ; 4A             ; LEDR[1]                         ; output ; 3.3-V LVTTL  ;                     ; Column I/O   ; Y               ; no       ; Off          ;
; W17      ; 152        ; 4A             ; LEDR[4]                         ; output ; 3.3-V LVTTL  ;                     ; Column I/O   ; Y               ; no       ; Off          ;
; W18      ;            ;                ; GND                             ; gnd    ;              ;                     ; --           ;                 ; --       ; --           ;
; W19      ; 192        ; 4A             ; LEDR[5]                         ; output ; 3.3-V LVTTL  ;                     ; Column I/O   ; Y               ; no       ; Off          ;
; W20      ; 217        ; 5A             ; LEDR[7]                         ; output ; 3.3-V LVTTL  ;                     ; Row I/O      ; Y               ; no       ; Off          ;
; W21      ; 221        ; 5A             ; LEDR[8]                         ; output ; 3.3-V LVTTL  ;                     ; Row I/O      ; Y               ; no       ; Off          ;
; W22      ; 223        ; 5A             ; RESERVED_INPUT_WITH_WEAK_PULLUP ;        ;              ;                     ; Row I/O      ;                 ; no       ; On           ;
; W23      ;            ; 5A             ; VCCIO5A                         ; power  ;              ; 3.3V                ; --           ;                 ; --       ; --           ;
; W24      ; 238        ; 5A             ; RESERVED_INPUT_WITH_WEAK_PULLUP ;        ;              ;                     ; Row I/O      ;                 ; no       ; On           ;
; W25      ; 244        ; 5B             ; RESERVED_INPUT_WITH_WEAK_PULLUP ;        ;              ;                     ; Row I/O      ;                 ; no       ; On           ;
; W26      ; 274        ; 6B             ; RESERVED_INPUT_WITH_WEAK_PULLUP ;        ;              ;                     ; Row I/O      ;                 ; no       ; On           ;
; W27      ; 261        ; 6B             ; RESERVED_INPUT_WITH_WEAK_PULLUP ;        ;              ;                     ; Row I/O      ;                 ; no       ; On           ;
; W28      ;            ;                ; GND                             ; gnd    ;              ;                     ; --           ;                 ; --       ; --           ;
; W29      ; 279        ; 6B             ; RESERVED_INPUT_WITH_WEAK_PULLUP ;        ;              ;                     ; Row I/O      ;                 ; no       ; On           ;
; W30      ; 277        ; 6B             ; RESERVED_INPUT_WITH_WEAK_PULLUP ;        ;              ;                     ; Row I/O      ;                 ; no       ; On           ;
; Y1       ;            ;                ; GND                             ; gnd    ;              ;                     ; --           ;                 ; --       ; --           ;
; Y2       ;            ;                ; GND                             ; gnd    ;              ;                     ; --           ;                 ; --       ; --           ;
; Y3       ;            ;                ; DNU                             ;        ;              ;                     ; --           ;                 ; --       ; --           ;
; Y4       ;            ;                ; DNU                             ;        ;              ;                     ; --           ;                 ; --       ; --           ;
; Y5       ;            ;                ; GND                             ; gnd    ;              ;                     ; --           ;                 ; --       ; --           ;
; Y6       ;            ; --             ; VCC                             ; power  ;              ; 1.1V                ; --           ;                 ; --       ; --           ;
; Y7       ;            ;                ; GND                             ; gnd    ;              ;                     ; --           ;                 ; --       ; --           ;
; Y8       ;            ;                ; GND                             ; gnd    ;              ;                     ; --           ;                 ; --       ; --           ;
; Y9       ;            ; --             ; VCC                             ; power  ;              ; 1.1V                ; --           ;                 ; --       ; --           ;
; Y10      ;            ;                ; GND                             ; gnd    ;              ;                     ; --           ;                 ; --       ; --           ;
; Y11      ;            ; --             ; VCC                             ; power  ;              ; 1.1V                ; --           ;                 ; --       ; --           ;
; Y12      ;            ;                ; GND                             ; gnd    ;              ;                     ; --           ;                 ; --       ; --           ;
; Y13      ;            ; --             ; VCC                             ; power  ;              ; 1.1V                ; --           ;                 ; --       ; --           ;
; Y14      ;            ;                ; GND                             ; gnd    ;              ;                     ; --           ;                 ; --       ; --           ;
; Y15      ;            ;                ; GND                             ; gnd    ;              ;                     ; --           ;                 ; --       ; --           ;
; Y16      ; 128        ; 3B             ; KEY[3]                          ; input  ; 3.3-V LVTTL  ;                     ; Column I/O   ; Y               ; no       ; Off          ;
; Y17      ; 170        ; 4A             ; RESERVED_INPUT_WITH_WEAK_PULLUP ;        ;              ;                     ; Column I/O   ;                 ; no       ; On           ;
; Y18      ; 178        ; 4A             ; RESERVED_INPUT_WITH_WEAK_PULLUP ;        ;              ;                     ; Column I/O   ;                 ; no       ; On           ;
; Y19      ; 202        ; 4A             ; LEDR[6]                         ; output ; 3.3-V LVTTL  ;                     ; Column I/O   ; Y               ; no       ; Off          ;
; Y20      ;            ;                ; GND                             ; gnd    ;              ;                     ; --           ;                 ; --       ; --           ;
; Y21      ; 219        ; 5A             ; LEDR[9]                         ; output ; 3.3-V LVTTL  ;                     ; Row I/O      ; Y               ; no       ; Off          ;
; Y22      ;            ; --             ; VCCA_FPLL                       ; power  ;              ; 2.5V                ; --           ;                 ; --       ; --           ;
; Y23      ; 232        ; 5A             ; RESERVED_INPUT_WITH_WEAK_PULLUP ;        ;              ;                     ; Row I/O      ;                 ; no       ; On           ;
; Y24      ; 234        ; 5A             ; RESERVED_INPUT_WITH_WEAK_PULLUP ;        ;              ;                     ; Row I/O      ;                 ; no       ; On           ;
; Y25      ;            ;                ; GND                             ; gnd    ;              ;                     ; --           ;                 ; --       ; --           ;
; Y26      ; 256        ; 5B             ; RESERVED_INPUT_WITH_WEAK_PULLUP ;        ;              ;                     ; Row I/O      ;                 ; no       ; On           ;
; Y27      ; 258        ; 5B             ; RESERVED_INPUT_WITH_WEAK_PULLUP ;        ;              ;                     ; Row I/O      ;                 ; no       ; On           ;
; Y28      ; 269        ; 6B             ; RESERVED_INPUT_WITH_WEAK_PULLUP ;        ;              ;                     ; Row I/O      ;                 ; no       ; On           ;
; Y29      ; 263        ; 6B             ; RESERVED_INPUT_WITH_WEAK_PULLUP ;        ;              ;                     ; Row I/O      ;                 ; no       ; On           ;
; Y30      ;            ;                ; GND                             ; gnd    ;              ;                     ; --           ;                 ; --       ; --           ;
+----------+------------+----------------+---------------------------------+--------+--------------+---------------------+--------------+-----------------+----------+--------------+
Note: Pin directions (input, output or bidir) are based on device operating in user mode.


+----------------------------------------------------+
; I/O Assignment Warnings                            ;
+-------------+--------------------------------------+
; Pin Name    ; Reason                               ;
+-------------+--------------------------------------+
; LEDR[0]     ; Missing drive strength and slew rate ;
; LEDR[1]     ; Missing drive strength and slew rate ;
; LEDR[2]     ; Missing drive strength and slew rate ;
; LEDR[3]     ; Missing drive strength and slew rate ;
; LEDR[4]     ; Missing drive strength and slew rate ;
; LEDR[5]     ; Missing drive strength and slew rate ;
; LEDR[6]     ; Missing drive strength and slew rate ;
; LEDR[7]     ; Missing drive strength and slew rate ;
; LEDR[8]     ; Missing drive strength and slew rate ;
; LEDR[9]     ; Missing drive strength and slew rate ;
; VGA_B[0]    ; Missing drive strength and slew rate ;
; VGA_B[1]    ; Missing drive strength and slew rate ;
; VGA_B[2]    ; Missing drive strength and slew rate ;
; VGA_B[3]    ; Missing drive strength and slew rate ;
; VGA_B[4]    ; Missing drive strength and slew rate ;
; VGA_B[5]    ; Missing drive strength and slew rate ;
; VGA_B[6]    ; Missing drive strength and slew rate ;
; VGA_B[7]    ; Missing drive strength and slew rate ;
; VGA_BLANK_N ; Missing drive strength and slew rate ;
; VGA_CLK     ; Missing drive strength and slew rate ;
; VGA_G[0]    ; Missing drive strength and slew rate ;
; VGA_G[1]    ; Missing drive strength and slew rate ;
; VGA_G[2]    ; Missing drive strength and slew rate ;
; VGA_G[3]    ; Missing drive strength and slew rate ;
; VGA_G[4]    ; Missing drive strength and slew rate ;
; VGA_G[5]    ; Missing drive strength and slew rate ;
; VGA_G[6]    ; Missing drive strength and slew rate ;
; VGA_G[7]    ; Missing drive strength and slew rate ;
; VGA_HS      ; Missing drive strength and slew rate ;
; VGA_R[0]    ; Missing drive strength and slew rate ;
; VGA_R[1]    ; Missing drive strength and slew rate ;
; VGA_R[2]    ; Missing drive strength and slew rate ;
; VGA_R[3]    ; Missing drive strength and slew rate ;
; VGA_R[4]    ; Missing drive strength and slew rate ;
; VGA_R[5]    ; Missing drive strength and slew rate ;
; VGA_R[6]    ; Missing drive strength and slew rate ;
; VGA_R[7]    ; Missing drive strength and slew rate ;
; VGA_SYNC_N  ; Missing drive strength and slew rate ;
; VGA_VS      ; Missing drive strength and slew rate ;
+-------------+--------------------------------------+


+------------------------------------------------------------------------------------------------------------------------------------------------------------------------------------------------------------------------------------------------------------------------------------------------------------------------------------------------------------------------------------------------------------------------------------------------------------------------------------------------------------------------------------------------------+
; Fitter Resource Utilization by Entity                                                                                                                                                                                                                                                                                                                                                                                                                                                                                                                ;
+----------------------------------------------+----------------------+----------------------------------+---------------------------------------------------+----------------------------------+----------------------+---------------------+---------------------------+---------------+-------------------+-------+------------+------+--------------+----------------------------------------------------------------------------------------------------------------------------------------------------------+--------------------+--------------+
; Compilation Hierarchy Node                   ; ALMs needed [=A-B+C] ; [A] ALMs used in final placement ; [B] Estimate of ALMs recoverable by dense packing ; [C] Estimate of ALMs unavailable ; ALMs used for memory ; Combinational ALUTs ; Dedicated Logic Registers ; I/O Registers ; Block Memory Bits ; M10Ks ; DSP Blocks ; Pins ; Virtual Pins ; Full Hierarchy Name                                                                                                                                      ; Entity Name        ; Library Name ;
+----------------------------------------------+----------------------+----------------------------------+---------------------------------------------------+----------------------------------+----------------------+---------------------+---------------------------+---------------+-------------------+-------+------------+------+--------------+----------------------------------------------------------------------------------------------------------------------------------------------------------+--------------------+--------------+
; |DE1_SOC_golden_top                          ; 3083.0 (75.0)        ; 3257.0 (83.6)                    ; 268.5 (13.4)                                      ; 94.5 (4.8)                       ; 0.0 (0.0)            ; 4753 (76)           ; 1297 (66)                 ; 0 (0)         ; 1320960           ; 163   ; 16         ; 54   ; 0            ; |DE1_SOC_golden_top                                                                                                                                      ; DE1_SOC_golden_top ; work         ;
;    |banco_background:b_background|           ; 20.4 (20.4)          ; 22.7 (22.7)                      ; 2.8 (2.8)                                         ; 0.6 (0.6)                        ; 0.0 (0.0)            ; 2 (2)               ; 64 (64)                   ; 0 (0)         ; 0                 ; 0     ; 0          ; 0    ; 0            ; |DE1_SOC_golden_top|banco_background:b_background                                                                                                        ; banco_background   ; work         ;
;    |banco_poligonos:b_poligonos|             ; 86.7 (86.7)          ; 149.6 (149.6)                    ; 72.1 (72.1)                                       ; 9.2 (9.2)                        ; 0.0 (0.0)            ; 50 (50)             ; 256 (256)                 ; 0 (0)         ; 0                 ; 0     ; 0          ; 0    ; 0            ; |DE1_SOC_golden_top|banco_poligonos:b_poligonos                                                                                                          ; banco_poligonos    ; work         ;
;    |banco_sprites:b_sprites|                 ; 450.9 (450.9)        ; 469.5 (469.5)                    ; 31.6 (31.6)                                       ; 13.0 (13.0)                      ; 0.0 (0.0)            ; 243 (243)           ; 800 (800)                 ; 0 (0)         ; 0                 ; 0     ; 0          ; 0    ; 0            ; |DE1_SOC_golden_top|banco_sprites:b_sprites                                                                                                              ; banco_sprites      ; work         ;
;    |compositor:u_compositor|                 ; 5.0 (5.0)            ; 7.1 (7.1)                        ; 2.8 (2.8)                                         ; 0.7 (0.7)                        ; 0.0 (0.0)            ; 12 (12)             ; 0 (0)                     ; 0 (0)         ; 0                 ; 0     ; 0          ; 0    ; 0            ; |DE1_SOC_golden_top|compositor:u_compositor                                                                                                              ; compositor         ; work         ;
;    |frame_buffer:f_buffer|                   ; 33.5 (14.5)          ; 36.5 (16.8)                      ; 3.2 (2.3)                                         ; 0.2 (0.0)                        ; 0.0 (0.0)            ; 64 (34)             ; 5 (1)                     ; 0 (0)         ; 1228800           ; 152   ; 0          ; 0    ; 0            ; |DE1_SOC_golden_top|frame_buffer:f_buffer                                                                                                                ; frame_buffer       ; work         ;
;       |ram_framebufferi:ram_a|               ; 11.5 (0.0)           ; 12.0 (0.0)                       ; 0.7 (0.0)                                         ; 0.2 (0.0)                        ; 0.0 (0.0)            ; 20 (0)              ; 0 (0)                     ; 0 (0)         ; 614400            ; 76    ; 0          ; 0    ; 0            ; |DE1_SOC_golden_top|frame_buffer:f_buffer|ram_framebufferi:ram_a                                                                                         ; ram_framebufferi   ; work         ;
;          |altsyncram:altsyncram_component|   ; 11.5 (0.0)           ; 12.0 (0.0)                       ; 0.7 (0.0)                                         ; 0.2 (0.0)                        ; 0.0 (0.0)            ; 20 (0)              ; 0 (0)                     ; 0 (0)         ; 614400            ; 76    ; 0          ; 0    ; 0            ; |DE1_SOC_golden_top|frame_buffer:f_buffer|ram_framebufferi:ram_a|altsyncram:altsyncram_component                                                         ; altsyncram         ; work         ;
;             |altsyncram_7js1:auto_generated| ; 11.5 (0.0)           ; 12.0 (0.0)                       ; 0.7 (0.0)                                         ; 0.2 (0.0)                        ; 0.0 (0.0)            ; 20 (0)              ; 0 (0)                     ; 0 (0)         ; 614400            ; 76    ; 0          ; 0    ; 0            ; |DE1_SOC_golden_top|frame_buffer:f_buffer|ram_framebufferi:ram_a|altsyncram:altsyncram_component|altsyncram_7js1:auto_generated                          ; altsyncram_7js1    ; work         ;
;                |decode_g2a:rden_decode_b|    ; 5.2 (5.2)            ; 5.0 (5.0)                        ; 0.0 (0.0)                                         ; 0.2 (0.2)                        ; 0.0 (0.0)            ; 10 (10)             ; 0 (0)                     ; 0 (0)         ; 0                 ; 0     ; 0          ; 0    ; 0            ; |DE1_SOC_golden_top|frame_buffer:f_buffer|ram_framebufferi:ram_a|altsyncram:altsyncram_component|altsyncram_7js1:auto_generated|decode_g2a:rden_decode_b ; decode_g2a         ; work         ;
;                |decode_nma:decode2|          ; 6.3 (6.3)            ; 7.0 (7.0)                        ; 0.7 (0.7)                                         ; 0.0 (0.0)                        ; 0.0 (0.0)            ; 10 (10)             ; 0 (0)                     ; 0 (0)         ; 0                 ; 0     ; 0          ; 0    ; 0            ; |DE1_SOC_golden_top|frame_buffer:f_buffer|ram_framebufferi:ram_a|altsyncram:altsyncram_component|altsyncram_7js1:auto_generated|decode_nma:decode2       ; decode_nma         ; work         ;
;       |ram_framebufferii:ram_b|              ; 7.5 (0.0)            ; 7.7 (0.0)                        ; 0.2 (0.0)                                         ; 0.0 (0.0)                        ; 0.0 (0.0)            ; 10 (0)              ; 4 (0)                     ; 0 (0)         ; 614400            ; 76    ; 0          ; 0    ; 0            ; |DE1_SOC_golden_top|frame_buffer:f_buffer|ram_framebufferii:ram_b                                                                                        ; ram_framebufferii  ; work         ;
;          |altsyncram:altsyncram_component|   ; 7.5 (0.0)            ; 7.7 (0.0)                        ; 0.2 (0.0)                                         ; 0.0 (0.0)                        ; 0.0 (0.0)            ; 10 (0)              ; 4 (0)                     ; 0 (0)         ; 614400            ; 76    ; 0          ; 0    ; 0            ; |DE1_SOC_golden_top|frame_buffer:f_buffer|ram_framebufferii:ram_b|altsyncram:altsyncram_component                                                        ; altsyncram         ; work         ;
;             |altsyncram_7js1:auto_generated| ; 7.5 (1.2)            ; 7.7 (1.7)                        ; 0.2 (0.5)                                         ; 0.0 (0.0)                        ; 0.0 (0.0)            ; 10 (0)              ; 4 (4)                     ; 0 (0)         ; 614400            ; 76    ; 0          ; 0    ; 0            ; |DE1_SOC_golden_top|frame_buffer:f_buffer|ram_framebufferii:ram_b|altsyncram:altsyncram_component|altsyncram_7js1:auto_generated                         ; altsyncram_7js1    ; work         ;
;                |decode_nma:decode2|          ; 6.0 (6.0)            ; 6.0 (6.0)                        ; 0.0 (0.0)                                         ; 0.0 (0.0)                        ; 0.0 (0.0)            ; 10 (10)             ; 0 (0)                     ; 0 (0)         ; 0                 ; 0     ; 0          ; 0    ; 0            ; |DE1_SOC_golden_top|frame_buffer:f_buffer|ram_framebufferii:ram_b|altsyncram:altsyncram_component|altsyncram_7js1:auto_generated|decode_nma:decode2      ; decode_nma         ; work         ;
;    |mef_controle:mf_controle|                ; 297.3 (297.3)        ; 318.1 (318.1)                    ; 27.3 (27.3)                                       ; 6.5 (6.5)                        ; 0.0 (0.0)            ; 534 (534)           ; 14 (14)                   ; 0 (0)         ; 0                 ; 0     ; 0          ; 0    ; 0            ; |DE1_SOC_golden_top|mef_controle:mf_controle                                                                                                             ; mef_controle       ; work         ;
;    |motor_background:m_background|           ; 16.6 (16.6)          ; 18.0 (18.0)                      ; 1.4 (1.4)                                         ; 0.0 (0.0)                        ; 0.0 (0.0)            ; 32 (32)             ; 6 (6)                     ; 0 (0)         ; 10240             ; 1     ; 0          ; 0    ; 0            ; |DE1_SOC_golden_top|motor_background:m_background                                                                                                        ; motor_background   ; work         ;
;       |ram_tilemap:ip_memoria_cenario|       ; 0.0 (0.0)            ; 0.0 (0.0)                        ; 0.0 (0.0)                                         ; 0.0 (0.0)                        ; 0.0 (0.0)            ; 0 (0)               ; 0 (0)                     ; 0 (0)         ; 10240             ; 1     ; 0          ; 0    ; 0            ; |DE1_SOC_golden_top|motor_background:m_background|ram_tilemap:ip_memoria_cenario                                                                         ; ram_tilemap        ; work         ;
;          |altsyncram:altsyncram_component|   ; 0.0 (0.0)            ; 0.0 (0.0)                        ; 0.0 (0.0)                                         ; 0.0 (0.0)                        ; 0.0 (0.0)            ; 0 (0)               ; 0 (0)                     ; 0 (0)         ; 10240             ; 1     ; 0          ; 0    ; 0            ; |DE1_SOC_golden_top|motor_background:m_background|ram_tilemap:ip_memoria_cenario|altsyncram:altsyncram_component                                         ; altsyncram         ; work         ;
;             |altsyncram_uju1:auto_generated| ; 0.0 (0.0)            ; 0.0 (0.0)                        ; 0.0 (0.0)                                         ; 0.0 (0.0)                        ; 0.0 (0.0)            ; 0 (0)               ; 0 (0)                     ; 0 (0)         ; 10240             ; 1     ; 0          ; 0    ; 0            ; |DE1_SOC_golden_top|motor_background:m_background|ram_tilemap:ip_memoria_cenario|altsyncram:altsyncram_component|altsyncram_uju1:auto_generated          ; altsyncram_uju1    ; work         ;
;    |motor_poligonos:m_poligonos|             ; 1008.5 (1008.5)      ; 991.5 (991.5)                    ; 20.8 (20.8)                                       ; 37.8 (37.8)                      ; 0.0 (0.0)            ; 1806 (1806)         ; 16 (16)                   ; 0 (0)         ; 0                 ; 0     ; 16         ; 0    ; 0            ; |DE1_SOC_golden_top|motor_poligonos:m_poligonos                                                                                                          ; motor_poligonos    ; work         ;
;    |motor_sprites:m_sprites|                 ; 1064.6 (1064.6)      ; 1129.6 (1129.6)                  ; 86.8 (86.8)                                       ; 21.8 (21.8)                      ; 0.0 (0.0)            ; 1884 (1884)         ; 38 (38)                   ; 0 (0)         ; 0                 ; 0     ; 0          ; 0    ; 0            ; |DE1_SOC_golden_top|motor_sprites:m_sprites                                                                                                              ; motor_sprites      ; work         ;
;    |rom_padroes:r_padroes_sprites|           ; 0.0 (0.0)            ; 0.0 (0.0)                        ; 0.0 (0.0)                                         ; 0.0 (0.0)                        ; 0.0 (0.0)            ; 0 (0)               ; 0 (0)                     ; 0 (0)         ; 65536             ; 8     ; 0          ; 0    ; 0            ; |DE1_SOC_golden_top|rom_padroes:r_padroes_sprites                                                                                                        ; rom_padroes        ; work         ;
;       |altsyncram:altsyncram_component|      ; 0.0 (0.0)            ; 0.0 (0.0)                        ; 0.0 (0.0)                                         ; 0.0 (0.0)                        ; 0.0 (0.0)            ; 0 (0)               ; 0 (0)                     ; 0 (0)         ; 65536             ; 8     ; 0          ; 0    ; 0            ; |DE1_SOC_golden_top|rom_padroes:r_padroes_sprites|altsyncram:altsyncram_component                                                                        ; altsyncram         ; work         ;
;          |altsyncram_v4d2:auto_generated|    ; 0.0 (0.0)            ; 0.0 (0.0)                        ; 0.0 (0.0)                                         ; 0.0 (0.0)                        ; 0.0 (0.0)            ; 0 (0)               ; 0 (0)                     ; 0 (0)         ; 65536             ; 8     ; 0          ; 0    ; 0            ; |DE1_SOC_golden_top|rom_padroes:r_padroes_sprites|altsyncram:altsyncram_component|altsyncram_v4d2:auto_generated                                         ; altsyncram_v4d2    ; work         ;
;    |rom_tiles:r_padroes_tiles|               ; 0.0 (0.0)            ; 0.0 (0.0)                        ; 0.0 (0.0)                                         ; 0.0 (0.0)                        ; 0.0 (0.0)            ; 0 (0)               ; 0 (0)                     ; 0 (0)         ; 16384             ; 2     ; 0          ; 0    ; 0            ; |DE1_SOC_golden_top|rom_tiles:r_padroes_tiles                                                                                                            ; rom_tiles          ; work         ;
;       |altsyncram:altsyncram_component|      ; 0.0 (0.0)            ; 0.0 (0.0)                        ; 0.0 (0.0)                                         ; 0.0 (0.0)                        ; 0.0 (0.0)            ; 0 (0)               ; 0 (0)                     ; 0 (0)         ; 16384             ; 2     ; 0          ; 0    ; 0            ; |DE1_SOC_golden_top|rom_tiles:r_padroes_tiles|altsyncram:altsyncram_component                                                                            ; altsyncram         ; work         ;
;          |altsyncram_jsi1:auto_generated|    ; 0.0 (0.0)            ; 0.0 (0.0)                        ; 0.0 (0.0)                                         ; 0.0 (0.0)                        ; 0.0 (0.0)            ; 0 (0)               ; 0 (0)                     ; 0 (0)         ; 16384             ; 2     ; 0          ; 0    ; 0            ; |DE1_SOC_golden_top|rom_tiles:r_padroes_tiles|altsyncram:altsyncram_component|altsyncram_jsi1:auto_generated                                             ; altsyncram_jsi1    ; work         ;
;    |vga_driver:vga_d|                        ; 24.5 (24.5)          ; 30.9 (30.9)                      ; 6.4 (6.4)                                         ; 0.0 (0.0)                        ; 0.0 (0.0)            ; 50 (50)             ; 32 (32)                   ; 0 (0)         ; 0                 ; 0     ; 0          ; 0    ; 0            ; |DE1_SOC_golden_top|vga_driver:vga_d                                                                                                                     ; vga_driver         ; work         ;
+----------------------------------------------+----------------------+----------------------------------+---------------------------------------------------+----------------------------------+----------------------+---------------------+---------------------------+---------------+-------------------+-------+------------+------+--------------+----------------------------------------------------------------------------------------------------------------------------------------------------------+--------------------+--------------+
Note: For table entries with two numbers listed, the numbers in parentheses indicate the number of resources of the given type used by the specific entity alone. The numbers listed outside of parentheses indicate the total resources of the given type used by the specific entity and all of its sub-entities in the hierarchy.


+----------------------------------------------------------------------------------------------------------------------------+
; Delay Chain Summary                                                                                                        ;
+-------------+----------+----+------+------+----+------+-------+--------+------------------------+--------------------------+
; Name        ; Pin Type ; D1 ; D3_0 ; D3_1 ; D4 ; D5   ; D5 OE ; D5 OCT ; T11 (Postamble Gating) ; T11 (Postamble Ungating) ;
+-------------+----------+----+------+------+----+------+-------+--------+------------------------+--------------------------+
; LEDR[0]     ; Output   ; -- ; --   ; --   ; -- ; (0)  ; (31)  ; --     ; --                     ; --                       ;
; LEDR[1]     ; Output   ; -- ; --   ; --   ; -- ; (0)  ; (31)  ; --     ; --                     ; --                       ;
; LEDR[2]     ; Output   ; -- ; --   ; --   ; -- ; (0)  ; (31)  ; --     ; --                     ; --                       ;
; LEDR[3]     ; Output   ; -- ; --   ; --   ; -- ; (0)  ; (31)  ; --     ; --                     ; --                       ;
; LEDR[4]     ; Output   ; -- ; --   ; --   ; -- ; (0)  ; (31)  ; --     ; --                     ; --                       ;
; LEDR[5]     ; Output   ; -- ; --   ; --   ; -- ; (0)  ; (31)  ; --     ; --                     ; --                       ;
; LEDR[6]     ; Output   ; -- ; --   ; --   ; -- ; (0)  ; (31)  ; --     ; --                     ; --                       ;
; LEDR[7]     ; Output   ; -- ; --   ; --   ; -- ; (0)  ; (31)  ; --     ; --                     ; --                       ;
; LEDR[8]     ; Output   ; -- ; --   ; --   ; -- ; (0)  ; (31)  ; --     ; --                     ; --                       ;
; LEDR[9]     ; Output   ; -- ; --   ; --   ; -- ; (0)  ; (31)  ; --     ; --                     ; --                       ;
; VGA_B[0]    ; Output   ; -- ; --   ; --   ; -- ; (0)  ; (31)  ; --     ; --                     ; --                       ;
; VGA_B[1]    ; Output   ; -- ; --   ; --   ; -- ; (0)  ; (31)  ; --     ; --                     ; --                       ;
; VGA_B[2]    ; Output   ; -- ; --   ; --   ; -- ; (0)  ; (31)  ; --     ; --                     ; --                       ;
; VGA_B[3]    ; Output   ; -- ; --   ; --   ; -- ; (0)  ; (31)  ; --     ; --                     ; --                       ;
; VGA_B[4]    ; Output   ; -- ; --   ; --   ; -- ; (0)  ; (31)  ; --     ; --                     ; --                       ;
; VGA_B[5]    ; Output   ; -- ; --   ; --   ; -- ; (0)  ; (31)  ; --     ; --                     ; --                       ;
; VGA_B[6]    ; Output   ; -- ; --   ; --   ; -- ; (0)  ; (31)  ; --     ; --                     ; --                       ;
; VGA_B[7]    ; Output   ; -- ; --   ; --   ; -- ; (0)  ; (31)  ; --     ; --                     ; --                       ;
; VGA_BLANK_N ; Output   ; -- ; --   ; --   ; -- ; (0)  ; (31)  ; --     ; --                     ; --                       ;
; VGA_CLK     ; Output   ; -- ; --   ; --   ; -- ; (0)  ; (31)  ; --     ; --                     ; --                       ;
; VGA_G[0]    ; Output   ; -- ; --   ; --   ; -- ; (0)  ; (31)  ; --     ; --                     ; --                       ;
; VGA_G[1]    ; Output   ; -- ; --   ; --   ; -- ; (0)  ; (31)  ; --     ; --                     ; --                       ;
; VGA_G[2]    ; Output   ; -- ; --   ; --   ; -- ; (0)  ; (31)  ; --     ; --                     ; --                       ;
; VGA_G[3]    ; Output   ; -- ; --   ; --   ; -- ; (0)  ; (31)  ; --     ; --                     ; --                       ;
; VGA_G[4]    ; Output   ; -- ; --   ; --   ; -- ; (0)  ; (31)  ; --     ; --                     ; --                       ;
; VGA_G[5]    ; Output   ; -- ; --   ; --   ; -- ; (0)  ; (31)  ; --     ; --                     ; --                       ;
; VGA_G[6]    ; Output   ; -- ; --   ; --   ; -- ; (0)  ; (31)  ; --     ; --                     ; --                       ;
; VGA_G[7]    ; Output   ; -- ; --   ; --   ; -- ; (0)  ; (31)  ; --     ; --                     ; --                       ;
; VGA_HS      ; Output   ; -- ; --   ; --   ; -- ; (0)  ; (31)  ; --     ; --                     ; --                       ;
; VGA_R[0]    ; Output   ; -- ; --   ; --   ; -- ; (0)  ; (31)  ; --     ; --                     ; --                       ;
; VGA_R[1]    ; Output   ; -- ; --   ; --   ; -- ; (0)  ; (31)  ; --     ; --                     ; --                       ;
; VGA_R[2]    ; Output   ; -- ; --   ; --   ; -- ; (0)  ; (31)  ; --     ; --                     ; --                       ;
; VGA_R[3]    ; Output   ; -- ; --   ; --   ; -- ; (0)  ; (31)  ; --     ; --                     ; --                       ;
; VGA_R[4]    ; Output   ; -- ; --   ; --   ; -- ; (0)  ; (31)  ; --     ; --                     ; --                       ;
; VGA_R[5]    ; Output   ; -- ; --   ; --   ; -- ; (0)  ; (31)  ; --     ; --                     ; --                       ;
; VGA_R[6]    ; Output   ; -- ; --   ; --   ; -- ; (0)  ; (31)  ; --     ; --                     ; --                       ;
; VGA_R[7]    ; Output   ; -- ; --   ; --   ; -- ; (0)  ; (31)  ; --     ; --                     ; --                       ;
; VGA_SYNC_N  ; Output   ; -- ; --   ; --   ; -- ; (0)  ; (31)  ; --     ; --                     ; --                       ;
; VGA_VS      ; Output   ; -- ; --   ; --   ; -- ; (0)  ; (31)  ; --     ; --                     ; --                       ;
; KEY[0]      ; Input    ; -- ; (0)  ; --   ; -- ; --   ; --    ; --     ; --                     ; --                       ;
; CLOCK_50    ; Input    ; -- ; (0)  ; --   ; -- ; --   ; --    ; --     ; --                     ; --                       ;
; KEY[1]      ; Input    ; -- ; --   ; (0)  ; -- ; --   ; --    ; --     ; --                     ; --                       ;
; KEY[3]      ; Input    ; -- ; (0)  ; --   ; -- ; --   ; --    ; --     ; --                     ; --                       ;
; SW[0]       ; Input    ; -- ; (0)  ; --   ; -- ; --   ; --    ; --     ; --                     ; --                       ;
; SW[5]       ; Input    ; -- ; --   ; (0)  ; -- ; --   ; --    ; --     ; --                     ; --                       ;
; SW[6]       ; Input    ; -- ; (0)  ; --   ; -- ; --   ; --    ; --     ; --                     ; --                       ;
; SW[7]       ; Input    ; -- ; (0)  ; --   ; -- ; --   ; --    ; --     ; --                     ; --                       ;
; SW[8]       ; Input    ; -- ; --   ; (0)  ; -- ; --   ; --    ; --     ; --                     ; --                       ;
; SW[9]       ; Input    ; -- ; (0)  ; --   ; -- ; --   ; --    ; --     ; --                     ; --                       ;
; SW[1]       ; Input    ; -- ; --   ; (0)  ; -- ; --   ; --    ; --     ; --                     ; --                       ;
; SW[2]       ; Input    ; -- ; (0)  ; --   ; -- ; --   ; --    ; --     ; --                     ; --                       ;
; SW[3]       ; Input    ; -- ; (0)  ; --   ; -- ; --   ; --    ; --     ; --                     ; --                       ;
; SW[4]       ; Input    ; -- ; --   ; (0)  ; -- ; --   ; --    ; --     ; --                     ; --                       ;
; KEY[2]      ; Input    ; -- ; --   ; (0)  ; -- ; --   ; --    ; --     ; --                     ; --                       ;
+-------------+----------+----+------+------+----+------+-------+--------+------------------------+--------------------------+


+-----------------------------------------------------------------------------------------+
; Pad To Core Delay Chain Fanout                                                          ;
+-----------------------------------------------------------+-------------------+---------+
; Source Pin / Fanout                                       ; Pad To Core Index ; Setting ;
+-----------------------------------------------------------+-------------------+---------+
; KEY[0]                                                    ;                   ;         ;
;      - vga_driver:vga_d|v_counter[7]                      ; 0                 ; 0       ;
;      - vga_driver:vga_d|v_counter[3]                      ; 0                 ; 0       ;
;      - vga_driver:vga_d|v_counter[0]                      ; 0                 ; 0       ;
;      - vga_driver:vga_d|v_counter[4]                      ; 0                 ; 0       ;
;      - vga_driver:vga_d|v_counter[2]                      ; 0                 ; 0       ;
;      - vga_driver:vga_d|v_counter[8]                      ; 0                 ; 0       ;
;      - vga_driver:vga_d|v_counter[9]                      ; 0                 ; 0       ;
;      - vga_driver:vga_d|v_counter[6]                      ; 0                 ; 0       ;
;      - vga_driver:vga_d|v_counter[5]                      ; 0                 ; 0       ;
;      - vga_driver:vga_d|v_counter[1]                      ; 0                 ; 0       ;
;      - vga_driver:vga_d|h_counter[6]                      ; 0                 ; 0       ;
;      - vga_driver:vga_d|h_counter[7]                      ; 0                 ; 0       ;
;      - vga_driver:vga_d|h_counter[8]                      ; 0                 ; 0       ;
;      - vga_driver:vga_d|h_counter[0]                      ; 0                 ; 0       ;
;      - vga_driver:vga_d|h_counter[9]                      ; 0                 ; 0       ;
;      - vga_driver:vga_d|h_counter[1]                      ; 0                 ; 0       ;
;      - vga_driver:vga_d|h_counter[2]                      ; 0                 ; 0       ;
;      - vga_driver:vga_d|h_counter[3]                      ; 0                 ; 0       ;
;      - vga_driver:vga_d|h_counter[4]                      ; 0                 ; 0       ;
;      - vga_driver:vga_d|h_counter[5]                      ; 0                 ; 0       ;
;      - x_pipe3[5]                                         ; 0                 ; 0       ;
;      - x_pipe1[7]                                         ; 0                 ; 0       ;
;      - x_pipe1[6]                                         ; 0                 ; 0       ;
;      - x_pipe1[8]                                         ; 0                 ; 0       ;
;      - x_pipe3[0]                                         ; 0                 ; 0       ;
;      - x_pipe3[1]                                         ; 0                 ; 0       ;
;      - x_pipe3[2]                                         ; 0                 ; 0       ;
;      - x_pipe3[3]                                         ; 0                 ; 0       ;
;      - x_pipe3[4]                                         ; 0                 ; 0       ;
;      - motor_background:m_background|px_r[0]              ; 0                 ; 0       ;
;      - bg_index_d[1]                                      ; 0                 ; 0       ;
;      - bg_index_d[2]                                      ; 0                 ; 0       ;
;      - bg_index_d[3]                                      ; 0                 ; 0       ;
;      - bg_index_d[4]                                      ; 0                 ; 0       ;
;      - bg_index_d[5]                                      ; 0                 ; 0       ;
;      - bg_index_d[6]                                      ; 0                 ; 0       ;
;      - bg_index_d[7]                                      ; 0                 ; 0       ;
;      - motor_background:m_background|px_r[1]              ; 0                 ; 0       ;
;      - motor_background:m_background|px_r[2]              ; 0                 ; 0       ;
;      - motor_background:m_background|py_r[0]              ; 0                 ; 0       ;
;      - motor_background:m_background|py_r[1]              ; 0                 ; 0       ;
;      - poly_index_d[7]                                    ; 0                 ; 0       ;
;      - poly_index_d[6]                                    ; 0                 ; 0       ;
;      - poly_index_d[5]                                    ; 0                 ; 0       ;
;      - poly_index_d[4]                                    ; 0                 ; 0       ;
;      - poly_index_d[3]                                    ; 0                 ; 0       ;
;      - poly_index_d[2]                                    ; 0                 ; 0       ;
;      - poly_index_d[1]                                    ; 0                 ; 0       ;
;      - bg_index_d[0]                                      ; 0                 ; 0       ;
;      - x_pipe3[7]                                         ; 0                 ; 0       ;
;      - x_pipe3[6]                                         ; 0                 ; 0       ;
;      - x_pipe3[8]                                         ; 0                 ; 0       ;
;      - y_pipe3[1]                                         ; 0                 ; 0       ;
;      - motor_sprites:m_sprites|prioridade_valida_r2       ; 0                 ; 0       ;
;      - x_pipe2[0]                                         ; 0                 ; 0       ;
;      - x_pipe2[1]                                         ; 0                 ; 0       ;
;      - x_pipe2[2]                                         ; 0                 ; 0       ;
;      - x_pipe2[3]                                         ; 0                 ; 0       ;
;      - x_pipe2[4]                                         ; 0                 ; 0       ;
;      - x_pipe2[5]                                         ; 0                 ; 0       ;
;      - y_pipe3[0]                                         ; 0                 ; 0       ;
;      - motor_sprites:m_sprites|prioridade2_valida_r2      ; 0                 ; 0       ;
;      - y_pipe3[2]                                         ; 0                 ; 0       ;
;      - y_pipe3[3]                                         ; 0                 ; 0       ;
;      - y_pipe1[7]                                         ; 0                 ; 0       ;
;      - y_pipe1[6]                                         ; 0                 ; 0       ;
;      - y_pipe1[4]                                         ; 0                 ; 0       ;
;      - y_pipe1[5]                                         ; 0                 ; 0       ;
;      - poly_index_d[0]                                    ; 0                 ; 0       ;
;      - motor_poligonos:m_poligonos|poly_color_out[7]      ; 0                 ; 0       ;
;      - motor_poligonos:m_poligonos|poly_color_out[6]      ; 0                 ; 0       ;
;      - motor_poligonos:m_poligonos|poly_color_out[5]      ; 0                 ; 0       ;
;      - motor_poligonos:m_poligonos|poly_color_out[4]      ; 0                 ; 0       ;
;      - motor_poligonos:m_poligonos|poly_color_out[3]      ; 0                 ; 0       ;
;      - motor_poligonos:m_poligonos|poly_color_out[2]      ; 0                 ; 0       ;
;      - motor_poligonos:m_poligonos|poly_color_out[1]      ; 0                 ; 0       ;
;      - motor_poligonos:m_poligonos|poly_color_out[0]      ; 0                 ; 0       ;
;      - x_pipe2[7]                                         ; 0                 ; 0       ;
;      - x_pipe2[6]                                         ; 0                 ; 0       ;
;      - x_pipe2[8]                                         ; 0                 ; 0       ;
;      - y_pipe2[5]                                         ; 0                 ; 0       ;
;      - y_pipe2[4]                                         ; 0                 ; 0       ;
;      - y_pipe2[6]                                         ; 0                 ; 0       ;
;      - y_pipe2[7]                                         ; 0                 ; 0       ;
;      - y_pipe3[4]                                         ; 0                 ; 0       ;
;      - x_pipe1[3]                                         ; 0                 ; 0       ;
;      - x_pipe1[4]                                         ; 0                 ; 0       ;
;      - x_pipe1[5]                                         ; 0                 ; 0       ;
;      - y_pipe2[0]                                         ; 0                 ; 0       ;
;      - y_pipe2[1]                                         ; 0                 ; 0       ;
;      - y_pipe2[2]                                         ; 0                 ; 0       ;
;      - y_pipe2[3]                                         ; 0                 ; 0       ;
;      - vga_blank_n_d                                      ; 0                 ; 0       ;
;      - y_pipe1[3]                                         ; 0                 ; 0       ;
;      - motor_background:m_background|py_r[2]              ; 0                 ; 0       ;
;      - y_pipe3[5]                                         ; 0                 ; 0       ;
;      - y_pipe3[6]                                         ; 0                 ; 0       ;
;      - y_pipe3[7]                                         ; 0                 ; 0       ;
;      - banco_background:b_background|reg_array[1][28]     ; 0                 ; 0       ;
;      - banco_background:b_background|reg_array[1][29]     ; 0                 ; 0       ;
;      - banco_background:b_background|reg_array[1][30]     ; 0                 ; 0       ;
;      - banco_background:b_background|reg_array[1][31]     ; 0                 ; 0       ;
;      - banco_background:b_background|reg_array[1][20]     ; 0                 ; 0       ;
;      - banco_background:b_background|reg_array[1][19]     ; 0                 ; 0       ;
;      - banco_background:b_background|reg_array[1][18]     ; 0                 ; 0       ;
;      - banco_background:b_background|reg_array[1][17]     ; 0                 ; 0       ;
;      - banco_background:b_background|reg_array[1][16]     ; 0                 ; 0       ;
;      - banco_background:b_background|reg_array[1][15]     ; 0                 ; 0       ;
;      - banco_background:b_background|reg_array[1][27]     ; 0                 ; 0       ;
;      - banco_background:b_background|reg_array[1][26]     ; 0                 ; 0       ;
;      - banco_background:b_background|reg_array[1][25]     ; 0                 ; 0       ;
;      - banco_background:b_background|reg_array[1][5]      ; 0                 ; 0       ;
;      - banco_background:b_background|reg_array[1][4]      ; 0                 ; 0       ;
;      - banco_background:b_background|reg_array[1][3]      ; 0                 ; 0       ;
;      - banco_background:b_background|reg_array[1][2]      ; 0                 ; 0       ;
;      - banco_background:b_background|reg_array[1][1]      ; 0                 ; 0       ;
;      - banco_background:b_background|reg_array[1][0]      ; 0                 ; 0       ;
;      - banco_background:b_background|reg_array[1][24]     ; 0                 ; 0       ;
;      - banco_background:b_background|reg_array[1][23]     ; 0                 ; 0       ;
;      - banco_background:b_background|reg_array[1][22]     ; 0                 ; 0       ;
;      - banco_background:b_background|reg_array[1][21]     ; 0                 ; 0       ;
;      - banco_background:b_background|reg_array[1][7]      ; 0                 ; 0       ;
;      - banco_background:b_background|reg_array[1][14]     ; 0                 ; 0       ;
;      - banco_background:b_background|reg_array[1][13]     ; 0                 ; 0       ;
;      - banco_background:b_background|reg_array[1][12]     ; 0                 ; 0       ;
;      - banco_background:b_background|reg_array[1][11]     ; 0                 ; 0       ;
;      - banco_background:b_background|reg_array[1][10]     ; 0                 ; 0       ;
;      - banco_background:b_background|reg_array[1][6]      ; 0                 ; 0       ;
;      - banco_background:b_background|reg_array[1][9]      ; 0                 ; 0       ;
;      - banco_background:b_background|reg_array[1][8]      ; 0                 ; 0       ;
;      - banco_background:b_background|reg_array[2][9]      ; 0                 ; 0       ;
;      - banco_background:b_background|reg_array[2][15]     ; 0                 ; 0       ;
;      - banco_background:b_background|reg_array[2][10]     ; 0                 ; 0       ;
;      - banco_background:b_background|reg_array[2][11]     ; 0                 ; 0       ;
;      - banco_background:b_background|reg_array[2][12]     ; 0                 ; 0       ;
;      - banco_background:b_background|reg_array[2][13]     ; 0                 ; 0       ;
;      - banco_background:b_background|reg_array[2][14]     ; 0                 ; 0       ;
;      - banco_background:b_background|reg_array[2][19]     ; 0                 ; 0       ;
;      - banco_background:b_background|reg_array[2][8]      ; 0                 ; 0       ;
;      - banco_background:b_background|reg_array[2][7]      ; 0                 ; 0       ;
;      - banco_background:b_background|reg_array[2][4]      ; 0                 ; 0       ;
;      - banco_background:b_background|reg_array[2][3]      ; 0                 ; 0       ;
;      - banco_background:b_background|reg_array[2][2]      ; 0                 ; 0       ;
;      - banco_background:b_background|reg_array[2][1]      ; 0                 ; 0       ;
;      - banco_background:b_background|reg_array[2][0]      ; 0                 ; 0       ;
;      - banco_background:b_background|reg_array[2][6]      ; 0                 ; 0       ;
;      - banco_background:b_background|reg_array[2][5]      ; 0                 ; 0       ;
;      - banco_background:b_background|reg_array[2][17]     ; 0                 ; 0       ;
;      - banco_background:b_background|reg_array[2][31]     ; 0                 ; 0       ;
;      - banco_background:b_background|reg_array[2][30]     ; 0                 ; 0       ;
;      - banco_background:b_background|reg_array[2][29]     ; 0                 ; 0       ;
;      - banco_background:b_background|reg_array[2][28]     ; 0                 ; 0       ;
;      - banco_background:b_background|reg_array[2][27]     ; 0                 ; 0       ;
;      - banco_background:b_background|reg_array[2][26]     ; 0                 ; 0       ;
;      - banco_background:b_background|reg_array[2][25]     ; 0                 ; 0       ;
;      - banco_background:b_background|reg_array[2][24]     ; 0                 ; 0       ;
;      - banco_background:b_background|reg_array[2][23]     ; 0                 ; 0       ;
;      - banco_background:b_background|reg_array[2][22]     ; 0                 ; 0       ;
;      - banco_background:b_background|reg_array[2][21]     ; 0                 ; 0       ;
;      - banco_background:b_background|reg_array[2][20]     ; 0                 ; 0       ;
;      - banco_background:b_background|reg_array[2][18]     ; 0                 ; 0       ;
;      - banco_background:b_background|reg_array[2][16]     ; 0                 ; 0       ;
;      - banco_poligonos:b_poligonos|registradores[0][15]   ; 0                 ; 0       ;
;      - banco_poligonos:b_poligonos|registradores[0][21]   ; 0                 ; 0       ;
;      - banco_poligonos:b_poligonos|registradores[0][20]   ; 0                 ; 0       ;
;      - banco_poligonos:b_poligonos|registradores[0][17]   ; 0                 ; 0       ;
;      - banco_poligonos:b_poligonos|registradores[0][27]   ; 0                 ; 0       ;
;      - banco_poligonos:b_poligonos|registradores[0][26]   ; 0                 ; 0       ;
;      - banco_poligonos:b_poligonos|registradores[0][0]    ; 0                 ; 0       ;
;      - banco_poligonos:b_poligonos|registradores[0][25]   ; 0                 ; 0       ;
;      - banco_poligonos:b_poligonos|registradores[0][24]   ; 0                 ; 0       ;
;      - banco_poligonos:b_poligonos|registradores[0][23]   ; 0                 ; 0       ;
;      - banco_poligonos:b_poligonos|registradores[0][22]   ; 0                 ; 0       ;
;      - banco_poligonos:b_poligonos|registradores[0][18]   ; 0                 ; 0       ;
;      - banco_poligonos:b_poligonos|registradores[0][1]    ; 0                 ; 0       ;
;      - banco_poligonos:b_poligonos|registradores[0][2]    ; 0                 ; 0       ;
;      - banco_poligonos:b_poligonos|registradores[0][3]    ; 0                 ; 0       ;
;      - banco_poligonos:b_poligonos|registradores[0][4]    ; 0                 ; 0       ;
;      - banco_poligonos:b_poligonos|registradores[0][5]    ; 0                 ; 0       ;
;      - banco_poligonos:b_poligonos|registradores[0][6]    ; 0                 ; 0       ;
;      - banco_poligonos:b_poligonos|registradores[0][7]    ; 0                 ; 0       ;
;      - banco_poligonos:b_poligonos|registradores[0][12]   ; 0                 ; 0       ;
;      - banco_poligonos:b_poligonos|registradores[0][16]   ; 0                 ; 0       ;
;      - banco_poligonos:b_poligonos|registradores[0][14]   ; 0                 ; 0       ;
;      - banco_poligonos:b_poligonos|registradores[0][31]   ; 0                 ; 0       ;
;      - banco_poligonos:b_poligonos|registradores[0][13]   ; 0                 ; 0       ;
;      - banco_poligonos:b_poligonos|registradores[0][8]    ; 0                 ; 0       ;
;      - banco_poligonos:b_poligonos|registradores[0][11]   ; 0                 ; 0       ;
;      - banco_poligonos:b_poligonos|registradores[0][10]   ; 0                 ; 0       ;
;      - banco_poligonos:b_poligonos|registradores[0][9]    ; 0                 ; 0       ;
;      - banco_poligonos:b_poligonos|registradores[0][30]   ; 0                 ; 0       ;
;      - banco_poligonos:b_poligonos|registradores[0][29]   ; 0                 ; 0       ;
;      - banco_poligonos:b_poligonos|registradores[0][28]   ; 0                 ; 0       ;
;      - banco_poligonos:b_poligonos|registradores[0][19]   ; 0                 ; 0       ;
;      - banco_poligonos:b_poligonos|registradores[1][28]   ; 0                 ; 0       ;
;      - banco_poligonos:b_poligonos|registradores[1][26]   ; 0                 ; 0       ;
;      - banco_poligonos:b_poligonos|registradores[1][21]   ; 0                 ; 0       ;
;      - banco_poligonos:b_poligonos|registradores[1][0]    ; 0                 ; 0       ;
;      - banco_poligonos:b_poligonos|registradores[1][25]   ; 0                 ; 0       ;
;      - banco_poligonos:b_poligonos|registradores[1][27]   ; 0                 ; 0       ;
;      - banco_poligonos:b_poligonos|registradores[1][24]   ; 0                 ; 0       ;
;      - banco_poligonos:b_poligonos|registradores[1][23]   ; 0                 ; 0       ;
;      - banco_poligonos:b_poligonos|registradores[1][22]   ; 0                 ; 0       ;
;      - banco_poligonos:b_poligonos|registradores[1][10]   ; 0                 ; 0       ;
;      - banco_poligonos:b_poligonos|registradores[1][19]   ; 0                 ; 0       ;
;      - banco_poligonos:b_poligonos|registradores[1][8]    ; 0                 ; 0       ;
;      - banco_poligonos:b_poligonos|registradores[1][7]    ; 0                 ; 0       ;
;      - banco_poligonos:b_poligonos|registradores[1][6]    ; 0                 ; 0       ;
;      - banco_poligonos:b_poligonos|registradores[1][5]    ; 0                 ; 0       ;
;      - banco_poligonos:b_poligonos|registradores[1][4]    ; 0                 ; 0       ;
;      - banco_poligonos:b_poligonos|registradores[1][3]    ; 0                 ; 0       ;
;      - banco_poligonos:b_poligonos|registradores[1][2]    ; 0                 ; 0       ;
;      - banco_poligonos:b_poligonos|registradores[1][29]   ; 0                 ; 0       ;
;      - banco_poligonos:b_poligonos|registradores[1][30]   ; 0                 ; 0       ;
;      - banco_poligonos:b_poligonos|registradores[1][9]    ; 0                 ; 0       ;
;      - banco_poligonos:b_poligonos|registradores[1][18]   ; 0                 ; 0       ;
;      - banco_poligonos:b_poligonos|registradores[1][11]   ; 0                 ; 0       ;
;      - banco_poligonos:b_poligonos|registradores[1][12]   ; 0                 ; 0       ;
;      - banco_poligonos:b_poligonos|registradores[1][13]   ; 0                 ; 0       ;
;      - banco_poligonos:b_poligonos|registradores[1][14]   ; 0                 ; 0       ;
;      - banco_poligonos:b_poligonos|registradores[1][15]   ; 0                 ; 0       ;
;      - banco_poligonos:b_poligonos|registradores[1][16]   ; 0                 ; 0       ;
;      - banco_poligonos:b_poligonos|registradores[1][17]   ; 0                 ; 0       ;
;      - banco_poligonos:b_poligonos|registradores[1][31]   ; 0                 ; 0       ;
;      - banco_poligonos:b_poligonos|registradores[1][20]   ; 0                 ; 0       ;
;      - banco_poligonos:b_poligonos|registradores[1][1]    ; 0                 ; 0       ;
;      - banco_poligonos:b_poligonos|registradores[2][23]   ; 0                 ; 0       ;
;      - banco_poligonos:b_poligonos|registradores[2][19]   ; 0                 ; 0       ;
;      - banco_poligonos:b_poligonos|registradores[2][8]    ; 0                 ; 0       ;
;      - banco_poligonos:b_poligonos|registradores[2][6]    ; 0                 ; 0       ;
;      - banco_poligonos:b_poligonos|registradores[2][25]   ; 0                 ; 0       ;
;      - banco_poligonos:b_poligonos|registradores[2][0]    ; 0                 ; 0       ;
;      - banco_poligonos:b_poligonos|registradores[2][21]   ; 0                 ; 0       ;
;      - banco_poligonos:b_poligonos|registradores[2][18]   ; 0                 ; 0       ;
;      - banco_poligonos:b_poligonos|registradores[2][3]    ; 0                 ; 0       ;
;      - banco_poligonos:b_poligonos|registradores[2][7]    ; 0                 ; 0       ;
;      - banco_poligonos:b_poligonos|registradores[2][5]    ; 0                 ; 0       ;
;      - banco_poligonos:b_poligonos|registradores[2][2]    ; 0                 ; 0       ;
;      - banco_poligonos:b_poligonos|registradores[2][26]   ; 0                 ; 0       ;
;      - banco_poligonos:b_poligonos|registradores[2][27]   ; 0                 ; 0       ;
;      - banco_poligonos:b_poligonos|registradores[2][1]    ; 0                 ; 0       ;
;      - banco_poligonos:b_poligonos|registradores[2][4]    ; 0                 ; 0       ;
;      - banco_poligonos:b_poligonos|registradores[2][24]   ; 0                 ; 0       ;
;      - banco_poligonos:b_poligonos|registradores[2][29]   ; 0                 ; 0       ;
;      - banco_poligonos:b_poligonos|registradores[2][22]   ; 0                 ; 0       ;
;      - banco_poligonos:b_poligonos|registradores[2][20]   ; 0                 ; 0       ;
;      - banco_poligonos:b_poligonos|registradores[2][31]   ; 0                 ; 0       ;
;      - banco_poligonos:b_poligonos|registradores[2][17]   ; 0                 ; 0       ;
;      - banco_poligonos:b_poligonos|registradores[2][16]   ; 0                 ; 0       ;
;      - banco_poligonos:b_poligonos|registradores[2][15]   ; 0                 ; 0       ;
;      - banco_poligonos:b_poligonos|registradores[2][14]   ; 0                 ; 0       ;
;      - banco_poligonos:b_poligonos|registradores[2][13]   ; 0                 ; 0       ;
;      - banco_poligonos:b_poligonos|registradores[2][12]   ; 0                 ; 0       ;
;      - banco_poligonos:b_poligonos|registradores[2][11]   ; 0                 ; 0       ;
;      - banco_poligonos:b_poligonos|registradores[2][10]   ; 0                 ; 0       ;
;      - banco_poligonos:b_poligonos|registradores[2][9]    ; 0                 ; 0       ;
;      - banco_poligonos:b_poligonos|registradores[2][30]   ; 0                 ; 0       ;
;      - banco_poligonos:b_poligonos|registradores[2][28]   ; 0                 ; 0       ;
;      - banco_poligonos:b_poligonos|registradores[3][9]    ; 0                 ; 0       ;
;      - banco_poligonos:b_poligonos|registradores[3][10]   ; 0                 ; 0       ;
;      - banco_poligonos:b_poligonos|registradores[3][25]   ; 0                 ; 0       ;
;      - banco_poligonos:b_poligonos|registradores[3][11]   ; 0                 ; 0       ;
;      - banco_poligonos:b_poligonos|registradores[3][30]   ; 0                 ; 0       ;
;      - banco_poligonos:b_poligonos|registradores[3][24]   ; 0                 ; 0       ;
;      - banco_poligonos:b_poligonos|registradores[3][5]    ; 0                 ; 0       ;
;      - banco_poligonos:b_poligonos|registradores[3][12]   ; 0                 ; 0       ;
;      - banco_poligonos:b_poligonos|registradores[3][13]   ; 0                 ; 0       ;
;      - banco_poligonos:b_poligonos|registradores[3][14]   ; 0                 ; 0       ;
;      - banco_poligonos:b_poligonos|registradores[3][15]   ; 0                 ; 0       ;
;      - banco_poligonos:b_poligonos|registradores[3][16]   ; 0                 ; 0       ;
;      - banco_poligonos:b_poligonos|registradores[3][23]   ; 0                 ; 0       ;
;      - banco_poligonos:b_poligonos|registradores[3][17]   ; 0                 ; 0       ;
;      - banco_poligonos:b_poligonos|registradores[3][31]   ; 0                 ; 0       ;
;      - banco_poligonos:b_poligonos|registradores[3][21]   ; 0                 ; 0       ;
;      - banco_poligonos:b_poligonos|registradores[3][22]   ; 0                 ; 0       ;
;      - banco_poligonos:b_poligonos|registradores[3][20]   ; 0                 ; 0       ;
;      - banco_poligonos:b_poligonos|registradores[3][28]   ; 0                 ; 0       ;
;      - banco_poligonos:b_poligonos|registradores[3][0]    ; 0                 ; 0       ;
;      - banco_poligonos:b_poligonos|registradores[3][18]   ; 0                 ; 0       ;
;      - banco_poligonos:b_poligonos|registradores[3][27]   ; 0                 ; 0       ;
;      - banco_poligonos:b_poligonos|registradores[3][1]    ; 0                 ; 0       ;
;      - banco_poligonos:b_poligonos|registradores[3][2]    ; 0                 ; 0       ;
;      - banco_poligonos:b_poligonos|registradores[3][3]    ; 0                 ; 0       ;
;      - banco_poligonos:b_poligonos|registradores[3][4]    ; 0                 ; 0       ;
;      - banco_poligonos:b_poligonos|registradores[3][26]   ; 0                 ; 0       ;
;      - banco_poligonos:b_poligonos|registradores[3][6]    ; 0                 ; 0       ;
;      - banco_poligonos:b_poligonos|registradores[3][7]    ; 0                 ; 0       ;
;      - banco_poligonos:b_poligonos|registradores[3][8]    ; 0                 ; 0       ;
;      - banco_poligonos:b_poligonos|registradores[3][19]   ; 0                 ; 0       ;
;      - banco_poligonos:b_poligonos|registradores[3][29]   ; 0                 ; 0       ;
;      - banco_poligonos:b_poligonos|registradores[4][31]   ; 0                 ; 0       ;
;      - banco_poligonos:b_poligonos|registradores[4][17]   ; 0                 ; 0       ;
;      - banco_poligonos:b_poligonos|registradores[4][16]   ; 0                 ; 0       ;
;      - banco_poligonos:b_poligonos|registradores[4][21]   ; 0                 ; 0       ;
;      - banco_poligonos:b_poligonos|registradores[4][15]   ; 0                 ; 0       ;
;      - banco_poligonos:b_poligonos|registradores[4][14]   ; 0                 ; 0       ;
;      - banco_poligonos:b_poligonos|registradores[4][28]   ; 0                 ; 0       ;
;      - banco_poligonos:b_poligonos|registradores[4][13]   ; 0                 ; 0       ;
;      - banco_poligonos:b_poligonos|registradores[4][29]   ; 0                 ; 0       ;
;      - banco_poligonos:b_poligonos|registradores[4][12]   ; 0                 ; 0       ;
;      - banco_poligonos:b_poligonos|registradores[4][30]   ; 0                 ; 0       ;
;      - banco_poligonos:b_poligonos|registradores[4][11]   ; 0                 ; 0       ;
;      - banco_poligonos:b_poligonos|registradores[4][10]   ; 0                 ; 0       ;
;      - banco_poligonos:b_poligonos|registradores[4][20]   ; 0                 ; 0       ;
;      - banco_poligonos:b_poligonos|registradores[4][9]    ; 0                 ; 0       ;
;      - banco_poligonos:b_poligonos|registradores[4][19]   ; 0                 ; 0       ;
;      - banco_poligonos:b_poligonos|registradores[4][4]    ; 0                 ; 0       ;
;      - banco_poligonos:b_poligonos|registradores[4][1]    ; 0                 ; 0       ;
;      - banco_poligonos:b_poligonos|registradores[4][26]   ; 0                 ; 0       ;
;      - banco_poligonos:b_poligonos|registradores[4][18]   ; 0                 ; 0       ;
;      - banco_poligonos:b_poligonos|registradores[4][24]   ; 0                 ; 0       ;
;      - banco_poligonos:b_poligonos|registradores[4][2]    ; 0                 ; 0       ;
;      - banco_poligonos:b_poligonos|registradores[4][3]    ; 0                 ; 0       ;
;      - banco_poligonos:b_poligonos|registradores[4][25]   ; 0                 ; 0       ;
;      - banco_poligonos:b_poligonos|registradores[4][23]   ; 0                 ; 0       ;
;      - banco_poligonos:b_poligonos|registradores[4][5]    ; 0                 ; 0       ;
;      - banco_poligonos:b_poligonos|registradores[4][6]    ; 0                 ; 0       ;
;      - banco_poligonos:b_poligonos|registradores[4][7]    ; 0                 ; 0       ;
;      - banco_poligonos:b_poligonos|registradores[4][0]    ; 0                 ; 0       ;
;      - banco_poligonos:b_poligonos|registradores[4][22]   ; 0                 ; 0       ;
;      - banco_poligonos:b_poligonos|registradores[4][27]   ; 0                 ; 0       ;
;      - banco_poligonos:b_poligonos|registradores[4][8]    ; 0                 ; 0       ;
;      - banco_poligonos:b_poligonos|registradores[5][3]    ; 0                 ; 0       ;
;      - banco_poligonos:b_poligonos|registradores[5][1]    ; 0                 ; 0       ;
;      - banco_poligonos:b_poligonos|registradores[5][2]    ; 0                 ; 0       ;
;      - banco_poligonos:b_poligonos|registradores[5][13]   ; 0                 ; 0       ;
;      - banco_poligonos:b_poligonos|registradores[5][18]   ; 0                 ; 0       ;
;      - banco_poligonos:b_poligonos|registradores[5][11]   ; 0                 ; 0       ;
;      - banco_poligonos:b_poligonos|registradores[5][0]    ; 0                 ; 0       ;
;      - banco_poligonos:b_poligonos|registradores[5][12]   ; 0                 ; 0       ;
;      - banco_poligonos:b_poligonos|registradores[5][30]   ; 0                 ; 0       ;
;      - banco_poligonos:b_poligonos|registradores[5][4]    ; 0                 ; 0       ;
;      - banco_poligonos:b_poligonos|registradores[5][5]    ; 0                 ; 0       ;
;      - banco_poligonos:b_poligonos|registradores[5][6]    ; 0                 ; 0       ;
;      - banco_poligonos:b_poligonos|registradores[5][7]    ; 0                 ; 0       ;
;      - banco_poligonos:b_poligonos|registradores[5][8]    ; 0                 ; 0       ;
;      - banco_poligonos:b_poligonos|registradores[5][19]   ; 0                 ; 0       ;
;      - banco_poligonos:b_poligonos|registradores[5][28]   ; 0                 ; 0       ;
;      - banco_poligonos:b_poligonos|registradores[5][29]   ; 0                 ; 0       ;
;      - banco_poligonos:b_poligonos|registradores[5][10]   ; 0                 ; 0       ;
;      - banco_poligonos:b_poligonos|registradores[5][9]    ; 0                 ; 0       ;
;      - banco_poligonos:b_poligonos|registradores[5][21]   ; 0                 ; 0       ;
;      - banco_poligonos:b_poligonos|registradores[5][22]   ; 0                 ; 0       ;
;      - banco_poligonos:b_poligonos|registradores[5][27]   ; 0                 ; 0       ;
;      - banco_poligonos:b_poligonos|registradores[5][23]   ; 0                 ; 0       ;
;      - banco_poligonos:b_poligonos|registradores[5][14]   ; 0                 ; 0       ;
;      - banco_poligonos:b_poligonos|registradores[5][24]   ; 0                 ; 0       ;
;      - banco_poligonos:b_poligonos|registradores[5][15]   ; 0                 ; 0       ;
;      - banco_poligonos:b_poligonos|registradores[5][25]   ; 0                 ; 0       ;
;      - banco_poligonos:b_poligonos|registradores[5][20]   ; 0                 ; 0       ;
;      - banco_poligonos:b_poligonos|registradores[5][26]   ; 0                 ; 0       ;
;      - banco_poligonos:b_poligonos|registradores[5][31]   ; 0                 ; 0       ;
;      - banco_poligonos:b_poligonos|registradores[5][17]   ; 0                 ; 0       ;
;      - banco_poligonos:b_poligonos|registradores[5][16]   ; 0                 ; 0       ;
;      - banco_poligonos:b_poligonos|registradores[6][31]   ; 0                 ; 0       ;
;      - banco_poligonos:b_poligonos|registradores[6][25]   ; 0                 ; 0       ;
;      - banco_poligonos:b_poligonos|registradores[6][26]   ; 0                 ; 0       ;
;      - banco_poligonos:b_poligonos|registradores[6][0]    ; 0                 ; 0       ;
;      - banco_poligonos:b_poligonos|registradores[6][20]   ; 0                 ; 0       ;
;      - banco_poligonos:b_poligonos|registradores[6][1]    ; 0                 ; 0       ;
;      - banco_poligonos:b_poligonos|registradores[6][24]   ; 0                 ; 0       ;
;      - banco_poligonos:b_poligonos|registradores[6][23]   ; 0                 ; 0       ;
;      - banco_poligonos:b_poligonos|registradores[6][22]   ; 0                 ; 0       ;
;      - banco_poligonos:b_poligonos|registradores[6][21]   ; 0                 ; 0       ;
;      - banco_poligonos:b_poligonos|registradores[6][16]   ; 0                 ; 0       ;
;      - banco_poligonos:b_poligonos|registradores[6][18]   ; 0                 ; 0       ;
;      - banco_poligonos:b_poligonos|registradores[6][2]    ; 0                 ; 0       ;
;      - banco_poligonos:b_poligonos|registradores[6][3]    ; 0                 ; 0       ;
;      - banco_poligonos:b_poligonos|registradores[6][4]    ; 0                 ; 0       ;
;      - banco_poligonos:b_poligonos|registradores[6][5]    ; 0                 ; 0       ;
;      - banco_poligonos:b_poligonos|registradores[6][27]   ; 0                 ; 0       ;
;      - banco_poligonos:b_poligonos|registradores[6][6]    ; 0                 ; 0       ;
;      - banco_poligonos:b_poligonos|registradores[6][7]    ; 0                 ; 0       ;
;      - banco_poligonos:b_poligonos|registradores[6][8]    ; 0                 ; 0       ;
;      - banco_poligonos:b_poligonos|registradores[6][19]   ; 0                 ; 0       ;
;      - banco_poligonos:b_poligonos|registradores[6][28]   ; 0                 ; 0       ;
;      - banco_poligonos:b_poligonos|registradores[6][29]   ; 0                 ; 0       ;
;      - banco_poligonos:b_poligonos|registradores[6][30]   ; 0                 ; 0       ;
;      - banco_poligonos:b_poligonos|registradores[6][9]    ; 0                 ; 0       ;
;      - banco_poligonos:b_poligonos|registradores[6][10]   ; 0                 ; 0       ;
;      - banco_poligonos:b_poligonos|registradores[6][11]   ; 0                 ; 0       ;
;      - banco_poligonos:b_poligonos|registradores[6][12]   ; 0                 ; 0       ;
;      - banco_poligonos:b_poligonos|registradores[6][13]   ; 0                 ; 0       ;
;      - banco_poligonos:b_poligonos|registradores[6][14]   ; 0                 ; 0       ;
;      - banco_poligonos:b_poligonos|registradores[6][15]   ; 0                 ; 0       ;
;      - banco_poligonos:b_poligonos|registradores[6][17]   ; 0                 ; 0       ;
;      - banco_poligonos:b_poligonos|registradores[7][28]   ; 0                 ; 0       ;
;      - banco_poligonos:b_poligonos|registradores[7][20]   ; 0                 ; 0       ;
;      - banco_poligonos:b_poligonos|registradores[7][27]   ; 0                 ; 0       ;
;      - banco_poligonos:b_poligonos|registradores[7][26]   ; 0                 ; 0       ;
;      - banco_poligonos:b_poligonos|registradores[7][25]   ; 0                 ; 0       ;
;      - banco_poligonos:b_poligonos|registradores[7][24]   ; 0                 ; 0       ;
;      - banco_poligonos:b_poligonos|registradores[7][23]   ; 0                 ; 0       ;
;      - banco_poligonos:b_poligonos|registradores[7][22]   ; 0                 ; 0       ;
;      - banco_poligonos:b_poligonos|registradores[7][21]   ; 0                 ; 0       ;
;      - banco_poligonos:b_poligonos|registradores[7][18]   ; 0                 ; 0       ;
;      - banco_poligonos:b_poligonos|registradores[7][1]    ; 0                 ; 0       ;
;      - banco_poligonos:b_poligonos|registradores[7][2]    ; 0                 ; 0       ;
;      - banco_poligonos:b_poligonos|registradores[7][3]    ; 0                 ; 0       ;
;      - banco_poligonos:b_poligonos|registradores[7][4]    ; 0                 ; 0       ;
;      - banco_poligonos:b_poligonos|registradores[7][5]    ; 0                 ; 0       ;
;      - banco_poligonos:b_poligonos|registradores[7][6]    ; 0                 ; 0       ;
;      - banco_poligonos:b_poligonos|registradores[7][7]    ; 0                 ; 0       ;
;      - banco_poligonos:b_poligonos|registradores[7][19]   ; 0                 ; 0       ;
;      - banco_poligonos:b_poligonos|registradores[7][0]    ; 0                 ; 0       ;
;      - banco_poligonos:b_poligonos|registradores[7][31]   ; 0                 ; 0       ;
;      - banco_poligonos:b_poligonos|registradores[7][30]   ; 0                 ; 0       ;
;      - banco_poligonos:b_poligonos|registradores[7][29]   ; 0                 ; 0       ;
;      - banco_poligonos:b_poligonos|registradores[7][8]    ; 0                 ; 0       ;
;      - banco_poligonos:b_poligonos|registradores[7][17]   ; 0                 ; 0       ;
;      - banco_poligonos:b_poligonos|registradores[7][16]   ; 0                 ; 0       ;
;      - banco_poligonos:b_poligonos|registradores[7][14]   ; 0                 ; 0       ;
;      - banco_poligonos:b_poligonos|registradores[7][13]   ; 0                 ; 0       ;
;      - banco_poligonos:b_poligonos|registradores[7][12]   ; 0                 ; 0       ;
;      - banco_poligonos:b_poligonos|registradores[7][11]   ; 0                 ; 0       ;
;      - banco_poligonos:b_poligonos|registradores[7][10]   ; 0                 ; 0       ;
;      - banco_poligonos:b_poligonos|registradores[7][9]    ; 0                 ; 0       ;
;      - banco_poligonos:b_poligonos|registradores[7][15]   ; 0                 ; 0       ;
;      - banco_sprites:b_sprites|registradores[0][9]        ; 0                 ; 0       ;
;      - banco_sprites:b_sprites|registradores[0][8]        ; 0                 ; 0       ;
;      - banco_sprites:b_sprites|registradores[0][7]        ; 0                 ; 0       ;
;      - banco_sprites:b_sprites|registradores[0][26]       ; 0                 ; 0       ;
;      - banco_sprites:b_sprites|registradores[0][19]       ; 0                 ; 0       ;
;      - banco_sprites:b_sprites|registradores[0][20]       ; 0                 ; 0       ;
;      - banco_sprites:b_sprites|registradores[0][21]       ; 0                 ; 0       ;
;      - banco_sprites:b_sprites|registradores[0][22]       ; 0                 ; 0       ;
;      - banco_sprites:b_sprites|registradores[0][27]       ; 0                 ; 0       ;
;      - banco_sprites:b_sprites|registradores[0][23]       ; 0                 ; 0       ;
;      - banco_sprites:b_sprites|registradores[0][30]       ; 0                 ; 0       ;
;      - banco_sprites:b_sprites|registradores[0][28]       ; 0                 ; 0       ;
;      - banco_sprites:b_sprites|registradores[0][29]       ; 0                 ; 0       ;
;      - banco_sprites:b_sprites|registradores[0][10]       ; 0                 ; 0       ;
;      - banco_sprites:b_sprites|registradores[0][24]       ; 0                 ; 0       ;
;      - banco_sprites:b_sprites|registradores[0][14]       ; 0                 ; 0       ;
;      - banco_sprites:b_sprites|registradores[0][13]       ; 0                 ; 0       ;
;      - banco_sprites:b_sprites|registradores[0][11]       ; 0                 ; 0       ;
;      - banco_sprites:b_sprites|registradores[0][12]       ; 0                 ; 0       ;
;      - banco_sprites:b_sprites|registradores[0][25]       ; 0                 ; 0       ;
;      - banco_sprites:b_sprites|registradores[0][31]       ; 0                 ; 0       ;
;      - banco_sprites:b_sprites|registradores[0][18]       ; 0                 ; 0       ;
;      - banco_sprites:b_sprites|registradores[0][17]       ; 0                 ; 0       ;
;      - banco_sprites:b_sprites|registradores[0][16]       ; 0                 ; 0       ;
;      - banco_sprites:b_sprites|registradores[0][15]       ; 0                 ; 0       ;
;      - banco_sprites:b_sprites|registradores[1][30]       ; 0                 ; 0       ;
;      - banco_sprites:b_sprites|registradores[1][29]       ; 0                 ; 0       ;
;      - banco_sprites:b_sprites|registradores[1][16]       ; 0                 ; 0       ;
;      - banco_sprites:b_sprites|registradores[1][17]       ; 0                 ; 0       ;
;      - banco_sprites:b_sprites|registradores[1][23]       ; 0                 ; 0       ;
;      - banco_sprites:b_sprites|registradores[1][22]       ; 0                 ; 0       ;
;      - banco_sprites:b_sprites|registradores[1][21]       ; 0                 ; 0       ;
;      - banco_sprites:b_sprites|registradores[1][25]       ; 0                 ; 0       ;
;      - banco_sprites:b_sprites|registradores[1][20]       ; 0                 ; 0       ;
;      - banco_sprites:b_sprites|registradores[1][19]       ; 0                 ; 0       ;
;      - banco_sprites:b_sprites|registradores[1][24]       ; 0                 ; 0       ;
;      - banco_sprites:b_sprites|registradores[1][7]        ; 0                 ; 0       ;
;      - banco_sprites:b_sprites|registradores[1][8]        ; 0                 ; 0       ;
;      - banco_sprites:b_sprites|registradores[1][26]       ; 0                 ; 0       ;
;      - banco_sprites:b_sprites|registradores[1][9]        ; 0                 ; 0       ;
;      - banco_sprites:b_sprites|registradores[1][10]       ; 0                 ; 0       ;
;      - banco_sprites:b_sprites|registradores[1][14]       ; 0                 ; 0       ;
;      - banco_sprites:b_sprites|registradores[1][13]       ; 0                 ; 0       ;
;      - banco_sprites:b_sprites|registradores[1][27]       ; 0                 ; 0       ;
;      - banco_sprites:b_sprites|registradores[1][11]       ; 0                 ; 0       ;
;      - banco_sprites:b_sprites|registradores[1][12]       ; 0                 ; 0       ;
;      - banco_sprites:b_sprites|registradores[1][31]       ; 0                 ; 0       ;
;      - banco_sprites:b_sprites|registradores[1][18]       ; 0                 ; 0       ;
;      - banco_sprites:b_sprites|registradores[1][28]       ; 0                 ; 0       ;
;      - banco_sprites:b_sprites|registradores[1][15]       ; 0                 ; 0       ;
;      - banco_sprites:b_sprites|registradores[2][13]       ; 0                 ; 0       ;
;      - banco_sprites:b_sprites|registradores[2][31]       ; 0                 ; 0       ;
;      - banco_sprites:b_sprites|registradores[2][14]       ; 0                 ; 0       ;
;      - banco_sprites:b_sprites|registradores[2][10]       ; 0                 ; 0       ;
;      - banco_sprites:b_sprites|registradores[2][9]        ; 0                 ; 0       ;
;      - banco_sprites:b_sprites|registradores[2][8]        ; 0                 ; 0       ;
;      - banco_sprites:b_sprites|registradores[2][7]        ; 0                 ; 0       ;
;      - banco_sprites:b_sprites|registradores[2][19]       ; 0                 ; 0       ;
;      - banco_sprites:b_sprites|registradores[2][20]       ; 0                 ; 0       ;
;      - banco_sprites:b_sprites|registradores[2][21]       ; 0                 ; 0       ;
;      - banco_sprites:b_sprites|registradores[2][22]       ; 0                 ; 0       ;
;      - banco_sprites:b_sprites|registradores[2][23]       ; 0                 ; 0       ;
;      - banco_sprites:b_sprites|registradores[2][28]       ; 0                 ; 0       ;
;      - banco_sprites:b_sprites|registradores[2][12]       ; 0                 ; 0       ;
;      - banco_sprites:b_sprites|registradores[2][26]       ; 0                 ; 0       ;
;      - banco_sprites:b_sprites|registradores[2][30]       ; 0                 ; 0       ;
;      - banco_sprites:b_sprites|registradores[2][27]       ; 0                 ; 0       ;
;      - banco_sprites:b_sprites|registradores[2][24]       ; 0                 ; 0       ;
;      - banco_sprites:b_sprites|registradores[2][29]       ; 0                 ; 0       ;
;      - banco_sprites:b_sprites|registradores[2][25]       ; 0                 ; 0       ;
;      - banco_sprites:b_sprites|registradores[2][15]       ; 0                 ; 0       ;
;      - banco_sprites:b_sprites|registradores[2][16]       ; 0                 ; 0       ;
;      - banco_sprites:b_sprites|registradores[2][17]       ; 0                 ; 0       ;
;      - banco_sprites:b_sprites|registradores[2][18]       ; 0                 ; 0       ;
;      - banco_sprites:b_sprites|registradores[2][11]       ; 0                 ; 0       ;
;      - banco_sprites:b_sprites|registradores[3][7]        ; 0                 ; 0       ;
;      - banco_sprites:b_sprites|registradores[3][15]       ; 0                 ; 0       ;
;      - banco_sprites:b_sprites|registradores[3][16]       ; 0                 ; 0       ;
;      - banco_sprites:b_sprites|registradores[3][17]       ; 0                 ; 0       ;
;      - banco_sprites:b_sprites|registradores[3][18]       ; 0                 ; 0       ;
;      - banco_sprites:b_sprites|registradores[3][31]       ; 0                 ; 0       ;
;      - banco_sprites:b_sprites|registradores[3][12]       ; 0                 ; 0       ;
;      - banco_sprites:b_sprites|registradores[3][13]       ; 0                 ; 0       ;
;      - banco_sprites:b_sprites|registradores[3][28]       ; 0                 ; 0       ;
;      - banco_sprites:b_sprites|registradores[3][29]       ; 0                 ; 0       ;
;      - banco_sprites:b_sprites|registradores[3][27]       ; 0                 ; 0       ;
;      - banco_sprites:b_sprites|registradores[3][30]       ; 0                 ; 0       ;
;      - banco_sprites:b_sprites|registradores[3][26]       ; 0                 ; 0       ;
;      - banco_sprites:b_sprites|registradores[3][24]       ; 0                 ; 0       ;
;      - banco_sprites:b_sprites|registradores[3][25]       ; 0                 ; 0       ;
;      - banco_sprites:b_sprites|registradores[3][23]       ; 0                 ; 0       ;
;      - banco_sprites:b_sprites|registradores[3][21]       ; 0                 ; 0       ;
;      - banco_sprites:b_sprites|registradores[3][11]       ; 0                 ; 0       ;
;      - banco_sprites:b_sprites|registradores[3][14]       ; 0                 ; 0       ;
;      - banco_sprites:b_sprites|registradores[3][10]       ; 0                 ; 0       ;
;      - banco_sprites:b_sprites|registradores[3][9]        ; 0                 ; 0       ;
;      - banco_sprites:b_sprites|registradores[3][8]        ; 0                 ; 0       ;
;      - banco_sprites:b_sprites|registradores[3][19]       ; 0                 ; 0       ;
;      - banco_sprites:b_sprites|registradores[3][20]       ; 0                 ; 0       ;
;      - banco_sprites:b_sprites|registradores[3][22]       ; 0                 ; 0       ;
;      - banco_sprites:b_sprites|registradores[4][12]       ; 0                 ; 0       ;
;      - banco_sprites:b_sprites|registradores[4][28]       ; 0                 ; 0       ;
;      - banco_sprites:b_sprites|registradores[4][27]       ; 0                 ; 0       ;
;      - banco_sprites:b_sprites|registradores[4][15]       ; 0                 ; 0       ;
;      - banco_sprites:b_sprites|registradores[4][29]       ; 0                 ; 0       ;
;      - banco_sprites:b_sprites|registradores[4][16]       ; 0                 ; 0       ;
;      - banco_sprites:b_sprites|registradores[4][31]       ; 0                 ; 0       ;
;      - banco_sprites:b_sprites|registradores[4][17]       ; 0                 ; 0       ;
;      - banco_sprites:b_sprites|registradores[4][30]       ; 0                 ; 0       ;
;      - banco_sprites:b_sprites|registradores[4][26]       ; 0                 ; 0       ;
;      - banco_sprites:b_sprites|registradores[4][18]       ; 0                 ; 0       ;
;      - banco_sprites:b_sprites|registradores[4][24]       ; 0                 ; 0       ;
;      - banco_sprites:b_sprites|registradores[4][13]       ; 0                 ; 0       ;
;      - banco_sprites:b_sprites|registradores[4][25]       ; 0                 ; 0       ;
;      - banco_sprites:b_sprites|registradores[4][11]       ; 0                 ; 0       ;
;      - banco_sprites:b_sprites|registradores[4][23]       ; 0                 ; 0       ;
;      - banco_sprites:b_sprites|registradores[4][22]       ; 0                 ; 0       ;
;      - banco_sprites:b_sprites|registradores[4][21]       ; 0                 ; 0       ;
;      - banco_sprites:b_sprites|registradores[4][20]       ; 0                 ; 0       ;
;      - banco_sprites:b_sprites|registradores[4][19]       ; 0                 ; 0       ;
;      - banco_sprites:b_sprites|registradores[4][7]        ; 0                 ; 0       ;
;      - banco_sprites:b_sprites|registradores[4][8]        ; 0                 ; 0       ;
;      - banco_sprites:b_sprites|registradores[4][9]        ; 0                 ; 0       ;
;      - banco_sprites:b_sprites|registradores[4][10]       ; 0                 ; 0       ;
;      - banco_sprites:b_sprites|registradores[4][14]       ; 0                 ; 0       ;
;      - banco_sprites:b_sprites|registradores[5][12]       ; 0                 ; 0       ;
;      - banco_sprites:b_sprites|registradores[5][27]       ; 0                 ; 0       ;
;      - banco_sprites:b_sprites|registradores[5][23]       ; 0                 ; 0       ;
;      - banco_sprites:b_sprites|registradores[5][22]       ; 0                 ; 0       ;
;      - banco_sprites:b_sprites|registradores[5][21]       ; 0                 ; 0       ;
;      - banco_sprites:b_sprites|registradores[5][20]       ; 0                 ; 0       ;
;      - banco_sprites:b_sprites|registradores[5][19]       ; 0                 ; 0       ;
;      - banco_sprites:b_sprites|registradores[5][7]        ; 0                 ; 0       ;
;      - banco_sprites:b_sprites|registradores[5][8]        ; 0                 ; 0       ;
;      - banco_sprites:b_sprites|registradores[5][9]        ; 0                 ; 0       ;
;      - banco_sprites:b_sprites|registradores[5][10]       ; 0                 ; 0       ;
;      - banco_sprites:b_sprites|registradores[5][14]       ; 0                 ; 0       ;
;      - banco_sprites:b_sprites|registradores[5][13]       ; 0                 ; 0       ;
;      - banco_sprites:b_sprites|registradores[5][11]       ; 0                 ; 0       ;
;      - banco_sprites:b_sprites|registradores[5][31]       ; 0                 ; 0       ;
;      - banco_sprites:b_sprites|registradores[5][18]       ; 0                 ; 0       ;
;      - banco_sprites:b_sprites|registradores[5][17]       ; 0                 ; 0       ;
;      - banco_sprites:b_sprites|registradores[5][16]       ; 0                 ; 0       ;
;      - banco_sprites:b_sprites|registradores[5][26]       ; 0                 ; 0       ;
;      - banco_sprites:b_sprites|registradores[5][30]       ; 0                 ; 0       ;
;      - banco_sprites:b_sprites|registradores[5][29]       ; 0                 ; 0       ;
;      - banco_sprites:b_sprites|registradores[5][24]       ; 0                 ; 0       ;
;      - banco_sprites:b_sprites|registradores[5][15]       ; 0                 ; 0       ;
;      - banco_sprites:b_sprites|registradores[5][28]       ; 0                 ; 0       ;
;      - banco_sprites:b_sprites|registradores[5][25]       ; 0                 ; 0       ;
;      - banco_sprites:b_sprites|registradores[6][19]       ; 0                 ; 0       ;
;      - banco_sprites:b_sprites|registradores[6][20]       ; 0                 ; 0       ;
;      - banco_sprites:b_sprites|registradores[6][10]       ; 0                 ; 0       ;
;      - banco_sprites:b_sprites|registradores[6][7]        ; 0                 ; 0       ;
;      - banco_sprites:b_sprites|registradores[6][8]        ; 0                 ; 0       ;
;      - banco_sprites:b_sprites|registradores[6][9]        ; 0                 ; 0       ;
;      - banco_sprites:b_sprites|registradores[6][25]       ; 0                 ; 0       ;
;      - banco_sprites:b_sprites|registradores[6][21]       ; 0                 ; 0       ;
;      - banco_sprites:b_sprites|registradores[6][30]       ; 0                 ; 0       ;
;      - banco_sprites:b_sprites|registradores[6][22]       ; 0                 ; 0       ;
;      - banco_sprites:b_sprites|registradores[6][23]       ; 0                 ; 0       ;
;      - banco_sprites:b_sprites|registradores[6][27]       ; 0                 ; 0       ;
;      - banco_sprites:b_sprites|registradores[6][29]       ; 0                 ; 0       ;
;      - banco_sprites:b_sprites|registradores[6][28]       ; 0                 ; 0       ;
;      - banco_sprites:b_sprites|registradores[6][24]       ; 0                 ; 0       ;
;      - banco_sprites:b_sprites|registradores[6][15]       ; 0                 ; 0       ;
;      - banco_sprites:b_sprites|registradores[6][14]       ; 0                 ; 0       ;
;      - banco_sprites:b_sprites|registradores[6][16]       ; 0                 ; 0       ;
;      - banco_sprites:b_sprites|registradores[6][17]       ; 0                 ; 0       ;
;      - banco_sprites:b_sprites|registradores[6][26]       ; 0                 ; 0       ;
;      - banco_sprites:b_sprites|registradores[6][18]       ; 0                 ; 0       ;
;      - banco_sprites:b_sprites|registradores[6][31]       ; 0                 ; 0       ;
;      - banco_sprites:b_sprites|registradores[6][12]       ; 0                 ; 0       ;
;      - banco_sprites:b_sprites|registradores[6][11]       ; 0                 ; 0       ;
;      - banco_sprites:b_sprites|registradores[6][13]       ; 0                 ; 0       ;
;      - banco_sprites:b_sprites|registradores[7][7]        ; 0                 ; 0       ;
;      - banco_sprites:b_sprites|registradores[7][9]        ; 0                 ; 0       ;
;      - banco_sprites:b_sprites|registradores[7][10]       ; 0                 ; 0       ;
;      - banco_sprites:b_sprites|registradores[7][8]        ; 0                 ; 0       ;
;      - banco_sprites:b_sprites|registradores[7][19]       ; 0                 ; 0       ;
;      - banco_sprites:b_sprites|registradores[7][20]       ; 0                 ; 0       ;
;      - banco_sprites:b_sprites|registradores[7][21]       ; 0                 ; 0       ;
;      - banco_sprites:b_sprites|registradores[7][22]       ; 0                 ; 0       ;
;      - banco_sprites:b_sprites|registradores[7][23]       ; 0                 ; 0       ;
;      - banco_sprites:b_sprites|registradores[7][29]       ; 0                 ; 0       ;
;      - banco_sprites:b_sprites|registradores[7][24]       ; 0                 ; 0       ;
;      - banco_sprites:b_sprites|registradores[7][25]       ; 0                 ; 0       ;
;      - banco_sprites:b_sprites|registradores[7][28]       ; 0                 ; 0       ;
;      - banco_sprites:b_sprites|registradores[7][13]       ; 0                 ; 0       ;
;      - banco_sprites:b_sprites|registradores[7][30]       ; 0                 ; 0       ;
;      - banco_sprites:b_sprites|registradores[7][26]       ; 0                 ; 0       ;
;      - banco_sprites:b_sprites|registradores[7][15]       ; 0                 ; 0       ;
;      - banco_sprites:b_sprites|registradores[7][16]       ; 0                 ; 0       ;
;      - banco_sprites:b_sprites|registradores[7][17]       ; 0                 ; 0       ;
;      - banco_sprites:b_sprites|registradores[7][18]       ; 0                 ; 0       ;
;      - banco_sprites:b_sprites|registradores[7][31]       ; 0                 ; 0       ;
;      - banco_sprites:b_sprites|registradores[7][27]       ; 0                 ; 0       ;
;      - banco_sprites:b_sprites|registradores[7][14]       ; 0                 ; 0       ;
;      - banco_sprites:b_sprites|registradores[7][12]       ; 0                 ; 0       ;
;      - banco_sprites:b_sprites|registradores[7][11]       ; 0                 ; 0       ;
;      - banco_sprites:b_sprites|registradores[8][20]       ; 0                 ; 0       ;
;      - banco_sprites:b_sprites|registradores[8][7]        ; 0                 ; 0       ;
;      - banco_sprites:b_sprites|registradores[8][8]        ; 0                 ; 0       ;
;      - banco_sprites:b_sprites|registradores[8][9]        ; 0                 ; 0       ;
;      - banco_sprites:b_sprites|registradores[8][10]       ; 0                 ; 0       ;
;      - banco_sprites:b_sprites|registradores[8][14]       ; 0                 ; 0       ;
;      - banco_sprites:b_sprites|registradores[8][28]       ; 0                 ; 0       ;
;      - banco_sprites:b_sprites|registradores[8][26]       ; 0                 ; 0       ;
;      - banco_sprites:b_sprites|registradores[8][19]       ; 0                 ; 0       ;
;      - banco_sprites:b_sprites|registradores[8][21]       ; 0                 ; 0       ;
;      - banco_sprites:b_sprites|registradores[8][13]       ; 0                 ; 0       ;
;      - banco_sprites:b_sprites|registradores[8][11]       ; 0                 ; 0       ;
;      - banco_sprites:b_sprites|registradores[8][12]       ; 0                 ; 0       ;
;      - banco_sprites:b_sprites|registradores[8][31]       ; 0                 ; 0       ;
;      - banco_sprites:b_sprites|registradores[8][18]       ; 0                 ; 0       ;
;      - banco_sprites:b_sprites|registradores[8][17]       ; 0                 ; 0       ;
;      - banco_sprites:b_sprites|registradores[8][16]       ; 0                 ; 0       ;
;      - banco_sprites:b_sprites|registradores[8][15]       ; 0                 ; 0       ;
;      - banco_sprites:b_sprites|registradores[8][24]       ; 0                 ; 0       ;
;      - banco_sprites:b_sprites|registradores[8][27]       ; 0                 ; 0       ;
;      - banco_sprites:b_sprites|registradores[8][23]       ; 0                 ; 0       ;
;      - banco_sprites:b_sprites|registradores[8][25]       ; 0                 ; 0       ;
;      - banco_sprites:b_sprites|registradores[8][30]       ; 0                 ; 0       ;
;      - banco_sprites:b_sprites|registradores[8][22]       ; 0                 ; 0       ;
;      - banco_sprites:b_sprites|registradores[8][29]       ; 0                 ; 0       ;
;      - banco_sprites:b_sprites|registradores[9][8]        ; 0                 ; 0       ;
;      - banco_sprites:b_sprites|registradores[9][26]       ; 0                 ; 0       ;
;      - banco_sprites:b_sprites|registradores[9][7]        ; 0                 ; 0       ;
;      - banco_sprites:b_sprites|registradores[9][19]       ; 0                 ; 0       ;
;      - banco_sprites:b_sprites|registradores[9][20]       ; 0                 ; 0       ;
;      - banco_sprites:b_sprites|registradores[9][29]       ; 0                 ; 0       ;
;      - banco_sprites:b_sprites|registradores[9][21]       ; 0                 ; 0       ;
;      - banco_sprites:b_sprites|registradores[9][22]       ; 0                 ; 0       ;
;      - banco_sprites:b_sprites|registradores[9][23]       ; 0                 ; 0       ;
;      - banco_sprites:b_sprites|registradores[9][27]       ; 0                 ; 0       ;
;      - banco_sprites:b_sprites|registradores[9][30]       ; 0                 ; 0       ;
;      - banco_sprites:b_sprites|registradores[9][24]       ; 0                 ; 0       ;
;      - banco_sprites:b_sprites|registradores[9][16]       ; 0                 ; 0       ;
;      - banco_sprites:b_sprites|registradores[9][9]        ; 0                 ; 0       ;
;      - banco_sprites:b_sprites|registradores[9][31]       ; 0                 ; 0       ;
;      - banco_sprites:b_sprites|registradores[9][18]       ; 0                 ; 0       ;
;      - banco_sprites:b_sprites|registradores[9][17]       ; 0                 ; 0       ;
;      - banco_sprites:b_sprites|registradores[9][25]       ; 0                 ; 0       ;
;      - banco_sprites:b_sprites|registradores[9][15]       ; 0                 ; 0       ;
;      - banco_sprites:b_sprites|registradores[9][28]       ; 0                 ; 0       ;
;      - banco_sprites:b_sprites|registradores[9][12]       ; 0                 ; 0       ;
;      - banco_sprites:b_sprites|registradores[9][11]       ; 0                 ; 0       ;
;      - banco_sprites:b_sprites|registradores[9][13]       ; 0                 ; 0       ;
;      - banco_sprites:b_sprites|registradores[9][14]       ; 0                 ; 0       ;
;      - banco_sprites:b_sprites|registradores[9][10]       ; 0                 ; 0       ;
;      - banco_sprites:b_sprites|registradores[10][24]      ; 0                 ; 0       ;
;      - banco_sprites:b_sprites|registradores[10][26]      ; 0                 ; 0       ;
;      - banco_sprites:b_sprites|registradores[10][30]      ; 0                 ; 0       ;
;      - banco_sprites:b_sprites|registradores[10][9]       ; 0                 ; 0       ;
;      - banco_sprites:b_sprites|registradores[10][23]      ; 0                 ; 0       ;
;      - banco_sprites:b_sprites|registradores[10][22]      ; 0                 ; 0       ;
;      - banco_sprites:b_sprites|registradores[10][21]      ; 0                 ; 0       ;
;      - banco_sprites:b_sprites|registradores[10][20]      ; 0                 ; 0       ;
;      - banco_sprites:b_sprites|registradores[10][19]      ; 0                 ; 0       ;
;      - banco_sprites:b_sprites|registradores[10][7]       ; 0                 ; 0       ;
;      - banco_sprites:b_sprites|registradores[10][8]       ; 0                 ; 0       ;
;      - banco_sprites:b_sprites|registradores[10][14]      ; 0                 ; 0       ;
;      - banco_sprites:b_sprites|registradores[10][29]      ; 0                 ; 0       ;
;      - banco_sprites:b_sprites|registradores[10][25]      ; 0                 ; 0       ;
;      - banco_sprites:b_sprites|registradores[10][28]      ; 0                 ; 0       ;
;      - banco_sprites:b_sprites|registradores[10][15]      ; 0                 ; 0       ;
;      - banco_sprites:b_sprites|registradores[10][16]      ; 0                 ; 0       ;
;      - banco_sprites:b_sprites|registradores[10][17]      ; 0                 ; 0       ;
;      - banco_sprites:b_sprites|registradores[10][18]      ; 0                 ; 0       ;
;      - banco_sprites:b_sprites|registradores[10][12]      ; 0                 ; 0       ;
;      - banco_sprites:b_sprites|registradores[10][11]      ; 0                 ; 0       ;
;      - banco_sprites:b_sprites|registradores[10][13]      ; 0                 ; 0       ;
;      - banco_sprites:b_sprites|registradores[10][31]      ; 0                 ; 0       ;
;      - banco_sprites:b_sprites|registradores[10][27]      ; 0                 ; 0       ;
;      - banco_sprites:b_sprites|registradores[10][10]      ; 0                 ; 0       ;
;      - banco_sprites:b_sprites|registradores[11][15]      ; 0                 ; 0       ;
;      - banco_sprites:b_sprites|registradores[11][9]       ; 0                 ; 0       ;
;      - banco_sprites:b_sprites|registradores[11][8]       ; 0                 ; 0       ;
;      - banco_sprites:b_sprites|registradores[11][7]       ; 0                 ; 0       ;
;      - banco_sprites:b_sprites|registradores[11][19]      ; 0                 ; 0       ;
;      - banco_sprites:b_sprites|registradores[11][20]      ; 0                 ; 0       ;
;      - banco_sprites:b_sprites|registradores[11][21]      ; 0                 ; 0       ;
;      - banco_sprites:b_sprites|registradores[11][22]      ; 0                 ; 0       ;
;      - banco_sprites:b_sprites|registradores[11][23]      ; 0                 ; 0       ;
;      - banco_sprites:b_sprites|registradores[11][24]      ; 0                 ; 0       ;
;      - banco_sprites:b_sprites|registradores[11][25]      ; 0                 ; 0       ;
;      - banco_sprites:b_sprites|registradores[11][10]      ; 0                 ; 0       ;
;      - banco_sprites:b_sprites|registradores[11][17]      ; 0                 ; 0       ;
;      - banco_sprites:b_sprites|registradores[11][16]      ; 0                 ; 0       ;
;      - banco_sprites:b_sprites|registradores[11][30]      ; 0                 ; 0       ;
;      - banco_sprites:b_sprites|registradores[11][27]      ; 0                 ; 0       ;
;      - banco_sprites:b_sprites|registradores[11][29]      ; 0                 ; 0       ;
;      - banco_sprites:b_sprites|registradores[11][28]      ; 0                 ; 0       ;
;      - banco_sprites:b_sprites|registradores[11][26]      ; 0                 ; 0       ;
;      - banco_sprites:b_sprites|registradores[11][18]      ; 0                 ; 0       ;
;      - banco_sprites:b_sprites|registradores[11][31]      ; 0                 ; 0       ;
;      - banco_sprites:b_sprites|registradores[11][12]      ; 0                 ; 0       ;
;      - banco_sprites:b_sprites|registradores[11][11]      ; 0                 ; 0       ;
;      - banco_sprites:b_sprites|registradores[11][13]      ; 0                 ; 0       ;
;      - banco_sprites:b_sprites|registradores[11][14]      ; 0                 ; 0       ;
;      - banco_sprites:b_sprites|registradores[12][20]      ; 0                 ; 0       ;
;      - banco_sprites:b_sprites|registradores[12][23]      ; 0                 ; 0       ;
;      - banco_sprites:b_sprites|registradores[12][25]      ; 0                 ; 0       ;
;      - banco_sprites:b_sprites|registradores[12][22]      ; 0                 ; 0       ;
;      - banco_sprites:b_sprites|registradores[12][21]      ; 0                 ; 0       ;
;      - banco_sprites:b_sprites|registradores[12][19]      ; 0                 ; 0       ;
;      - banco_sprites:b_sprites|registradores[12][7]       ; 0                 ; 0       ;
;      - banco_sprites:b_sprites|registradores[12][8]       ; 0                 ; 0       ;
;      - banco_sprites:b_sprites|registradores[12][9]       ; 0                 ; 0       ;
;      - banco_sprites:b_sprites|registradores[12][10]      ; 0                 ; 0       ;
;      - banco_sprites:b_sprites|registradores[12][14]      ; 0                 ; 0       ;
;      - banco_sprites:b_sprites|registradores[12][13]      ; 0                 ; 0       ;
;      - banco_sprites:b_sprites|registradores[12][11]      ; 0                 ; 0       ;
;      - banco_sprites:b_sprites|registradores[12][12]      ; 0                 ; 0       ;
;      - banco_sprites:b_sprites|registradores[12][31]      ; 0                 ; 0       ;
;      - banco_sprites:b_sprites|registradores[12][18]      ; 0                 ; 0       ;
;      - banco_sprites:b_sprites|registradores[12][17]      ; 0                 ; 0       ;
;      - banco_sprites:b_sprites|registradores[12][16]      ; 0                 ; 0       ;
;      - banco_sprites:b_sprites|registradores[12][15]      ; 0                 ; 0       ;
;      - banco_sprites:b_sprites|registradores[12][24]      ; 0                 ; 0       ;
;      - banco_sprites:b_sprites|registradores[12][27]      ; 0                 ; 0       ;
;      - banco_sprites:b_sprites|registradores[12][28]      ; 0                 ; 0       ;
;      - banco_sprites:b_sprites|registradores[12][30]      ; 0                 ; 0       ;
;      - banco_sprites:b_sprites|registradores[12][26]      ; 0                 ; 0       ;
;      - banco_sprites:b_sprites|registradores[12][29]      ; 0                 ; 0       ;
;      - banco_sprites:b_sprites|registradores[13][16]      ; 0                 ; 0       ;
;      - banco_sprites:b_sprites|registradores[13][24]      ; 0                 ; 0       ;
;      - banco_sprites:b_sprites|registradores[13][21]      ; 0                 ; 0       ;
;      - banco_sprites:b_sprites|registradores[13][22]      ; 0                 ; 0       ;
;      - banco_sprites:b_sprites|registradores[13][30]      ; 0                 ; 0       ;
;      - banco_sprites:b_sprites|registradores[13][23]      ; 0                 ; 0       ;
;      - banco_sprites:b_sprites|registradores[13][17]      ; 0                 ; 0       ;
;      - banco_sprites:b_sprites|registradores[13][12]      ; 0                 ; 0       ;
;      - banco_sprites:b_sprites|registradores[13][26]      ; 0                 ; 0       ;
;      - banco_sprites:b_sprites|registradores[13][28]      ; 0                 ; 0       ;
;      - banco_sprites:b_sprites|registradores[13][27]      ; 0                 ; 0       ;
;      - banco_sprites:b_sprites|registradores[13][15]      ; 0                 ; 0       ;
;      - banco_sprites:b_sprites|registradores[13][19]      ; 0                 ; 0       ;
;      - banco_sprites:b_sprites|registradores[13][20]      ; 0                 ; 0       ;
;      - banco_sprites:b_sprites|registradores[13][18]      ; 0                 ; 0       ;
;      - banco_sprites:b_sprites|registradores[13][31]      ; 0                 ; 0       ;
;      - banco_sprites:b_sprites|registradores[13][29]      ; 0                 ; 0       ;
;      - banco_sprites:b_sprites|registradores[13][10]      ; 0                 ; 0       ;
;      - banco_sprites:b_sprites|registradores[13][14]      ; 0                 ; 0       ;
;      - banco_sprites:b_sprites|registradores[13][9]       ; 0                 ; 0       ;
;      - banco_sprites:b_sprites|registradores[13][8]       ; 0                 ; 0       ;
;      - banco_sprites:b_sprites|registradores[13][13]      ; 0                 ; 0       ;
;      - banco_sprites:b_sprites|registradores[13][7]       ; 0                 ; 0       ;
;      - banco_sprites:b_sprites|registradores[13][11]      ; 0                 ; 0       ;
;      - banco_sprites:b_sprites|registradores[13][25]      ; 0                 ; 0       ;
;      - banco_sprites:b_sprites|registradores[14][23]      ; 0                 ; 0       ;
;      - banco_sprites:b_sprites|registradores[14][22]      ; 0                 ; 0       ;
;      - banco_sprites:b_sprites|registradores[14][21]      ; 0                 ; 0       ;
;      - banco_sprites:b_sprites|registradores[14][20]      ; 0                 ; 0       ;
;      - banco_sprites:b_sprites|registradores[14][19]      ; 0                 ; 0       ;
;      - banco_sprites:b_sprites|registradores[14][7]       ; 0                 ; 0       ;
;      - banco_sprites:b_sprites|registradores[14][8]       ; 0                 ; 0       ;
;      - banco_sprites:b_sprites|registradores[14][9]       ; 0                 ; 0       ;
;      - banco_sprites:b_sprites|registradores[14][27]      ; 0                 ; 0       ;
;      - banco_sprites:b_sprites|registradores[14][28]      ; 0                 ; 0       ;
;      - banco_sprites:b_sprites|registradores[14][26]      ; 0                 ; 0       ;
;      - banco_sprites:b_sprites|registradores[14][18]      ; 0                 ; 0       ;
;      - banco_sprites:b_sprites|registradores[14][30]      ; 0                 ; 0       ;
;      - banco_sprites:b_sprites|registradores[14][25]      ; 0                 ; 0       ;
;      - banco_sprites:b_sprites|registradores[14][24]      ; 0                 ; 0       ;
;      - banco_sprites:b_sprites|registradores[14][15]      ; 0                 ; 0       ;
;      - banco_sprites:b_sprites|registradores[14][16]      ; 0                 ; 0       ;
;      - banco_sprites:b_sprites|registradores[14][17]      ; 0                 ; 0       ;
;      - banco_sprites:b_sprites|registradores[14][31]      ; 0                 ; 0       ;
;      - banco_sprites:b_sprites|registradores[14][12]      ; 0                 ; 0       ;
;      - banco_sprites:b_sprites|registradores[14][11]      ; 0                 ; 0       ;
;      - banco_sprites:b_sprites|registradores[14][13]      ; 0                 ; 0       ;
;      - banco_sprites:b_sprites|registradores[14][14]      ; 0                 ; 0       ;
;      - banco_sprites:b_sprites|registradores[14][10]      ; 0                 ; 0       ;
;      - banco_sprites:b_sprites|registradores[14][29]      ; 0                 ; 0       ;
;      - banco_sprites:b_sprites|registradores[15][11]      ; 0                 ; 0       ;
;      - banco_sprites:b_sprites|registradores[15][12]      ; 0                 ; 0       ;
;      - banco_sprites:b_sprites|registradores[15][31]      ; 0                 ; 0       ;
;      - banco_sprites:b_sprites|registradores[15][28]      ; 0                 ; 0       ;
;      - banco_sprites:b_sprites|registradores[15][18]      ; 0                 ; 0       ;
;      - banco_sprites:b_sprites|registradores[15][17]      ; 0                 ; 0       ;
;      - banco_sprites:b_sprites|registradores[15][16]      ; 0                 ; 0       ;
;      - banco_sprites:b_sprites|registradores[15][15]      ; 0                 ; 0       ;
;      - banco_sprites:b_sprites|registradores[15][29]      ; 0                 ; 0       ;
;      - banco_sprites:b_sprites|registradores[15][20]      ; 0                 ; 0       ;
;      - banco_sprites:b_sprites|registradores[15][24]      ; 0                 ; 0       ;
;      - banco_sprites:b_sprites|registradores[15][25]      ; 0                 ; 0       ;
;      - banco_sprites:b_sprites|registradores[15][26]      ; 0                 ; 0       ;
;      - banco_sprites:b_sprites|registradores[15][30]      ; 0                 ; 0       ;
;      - banco_sprites:b_sprites|registradores[15][23]      ; 0                 ; 0       ;
;      - banco_sprites:b_sprites|registradores[15][22]      ; 0                 ; 0       ;
;      - banco_sprites:b_sprites|registradores[15][21]      ; 0                 ; 0       ;
;      - banco_sprites:b_sprites|registradores[15][19]      ; 0                 ; 0       ;
;      - banco_sprites:b_sprites|registradores[15][7]       ; 0                 ; 0       ;
;      - banco_sprites:b_sprites|registradores[15][8]       ; 0                 ; 0       ;
;      - banco_sprites:b_sprites|registradores[15][9]       ; 0                 ; 0       ;
;      - banco_sprites:b_sprites|registradores[15][10]      ; 0                 ; 0       ;
;      - banco_sprites:b_sprites|registradores[15][14]      ; 0                 ; 0       ;
;      - banco_sprites:b_sprites|registradores[15][13]      ; 0                 ; 0       ;
;      - banco_sprites:b_sprites|registradores[15][27]      ; 0                 ; 0       ;
;      - banco_sprites:b_sprites|registradores[16][9]       ; 0                 ; 0       ;
;      - banco_sprites:b_sprites|registradores[16][7]       ; 0                 ; 0       ;
;      - banco_sprites:b_sprites|registradores[16][19]      ; 0                 ; 0       ;
;      - banco_sprites:b_sprites|registradores[16][8]       ; 0                 ; 0       ;
;      - banco_sprites:b_sprites|registradores[16][24]      ; 0                 ; 0       ;
;      - banco_sprites:b_sprites|registradores[16][27]      ; 0                 ; 0       ;
;      - banco_sprites:b_sprites|registradores[16][20]      ; 0                 ; 0       ;
;      - banco_sprites:b_sprites|registradores[16][21]      ; 0                 ; 0       ;
;      - banco_sprites:b_sprites|registradores[16][25]      ; 0                 ; 0       ;
;      - banco_sprites:b_sprites|registradores[16][30]      ; 0                 ; 0       ;
;      - banco_sprites:b_sprites|registradores[16][22]      ; 0                 ; 0       ;
;      - banco_sprites:b_sprites|registradores[16][23]      ; 0                 ; 0       ;
;      - banco_sprites:b_sprites|registradores[16][29]      ; 0                 ; 0       ;
;      - banco_sprites:b_sprites|registradores[16][14]      ; 0                 ; 0       ;
;      - banco_sprites:b_sprites|registradores[16][15]      ; 0                 ; 0       ;
;      - banco_sprites:b_sprites|registradores[16][10]      ; 0                 ; 0       ;
;      - banco_sprites:b_sprites|registradores[16][26]      ; 0                 ; 0       ;
;      - banco_sprites:b_sprites|registradores[16][28]      ; 0                 ; 0       ;
;      - banco_sprites:b_sprites|registradores[16][16]      ; 0                 ; 0       ;
;      - banco_sprites:b_sprites|registradores[16][17]      ; 0                 ; 0       ;
;      - banco_sprites:b_sprites|registradores[16][18]      ; 0                 ; 0       ;
;      - banco_sprites:b_sprites|registradores[16][31]      ; 0                 ; 0       ;
;      - banco_sprites:b_sprites|registradores[16][12]      ; 0                 ; 0       ;
;      - banco_sprites:b_sprites|registradores[16][11]      ; 0                 ; 0       ;
;      - banco_sprites:b_sprites|registradores[16][13]      ; 0                 ; 0       ;
;      - banco_sprites:b_sprites|registradores[17][20]      ; 0                 ; 0       ;
;      - banco_sprites:b_sprites|registradores[17][21]      ; 0                 ; 0       ;
;      - banco_sprites:b_sprites|registradores[17][22]      ; 0                 ; 0       ;
;      - banco_sprites:b_sprites|registradores[17][23]      ; 0                 ; 0       ;
;      - banco_sprites:b_sprites|registradores[17][7]       ; 0                 ; 0       ;
;      - banco_sprites:b_sprites|registradores[17][8]       ; 0                 ; 0       ;
;      - banco_sprites:b_sprites|registradores[17][9]       ; 0                 ; 0       ;
;      - banco_sprites:b_sprites|registradores[17][14]      ; 0                 ; 0       ;
;      - banco_sprites:b_sprites|registradores[17][30]      ; 0                 ; 0       ;
;      - banco_sprites:b_sprites|registradores[17][19]      ; 0                 ; 0       ;
;      - banco_sprites:b_sprites|registradores[17][10]      ; 0                 ; 0       ;
;      - banco_sprites:b_sprites|registradores[17][29]      ; 0                 ; 0       ;
;      - banco_sprites:b_sprites|registradores[17][18]      ; 0                 ; 0       ;
;      - banco_sprites:b_sprites|registradores[17][17]      ; 0                 ; 0       ;
;      - banco_sprites:b_sprites|registradores[17][16]      ; 0                 ; 0       ;
;      - banco_sprites:b_sprites|registradores[17][15]      ; 0                 ; 0       ;
;      - banco_sprites:b_sprites|registradores[17][25]      ; 0                 ; 0       ;
;      - banco_sprites:b_sprites|registradores[17][24]      ; 0                 ; 0       ;
;      - banco_sprites:b_sprites|registradores[17][26]      ; 0                 ; 0       ;
;      - banco_sprites:b_sprites|registradores[17][31]      ; 0                 ; 0       ;
;      - banco_sprites:b_sprites|registradores[17][12]      ; 0                 ; 0       ;
;      - banco_sprites:b_sprites|registradores[17][27]      ; 0                 ; 0       ;
;      - banco_sprites:b_sprites|registradores[17][11]      ; 0                 ; 0       ;
;      - banco_sprites:b_sprites|registradores[17][28]      ; 0                 ; 0       ;
;      - banco_sprites:b_sprites|registradores[17][13]      ; 0                 ; 0       ;
;      - banco_sprites:b_sprites|registradores[18][31]      ; 0                 ; 0       ;
;      - banco_sprites:b_sprites|registradores[18][10]      ; 0                 ; 0       ;
;      - banco_sprites:b_sprites|registradores[18][14]      ; 0                 ; 0       ;
;      - banco_sprites:b_sprites|registradores[18][13]      ; 0                 ; 0       ;
;      - banco_sprites:b_sprites|registradores[18][11]      ; 0                 ; 0       ;
;      - banco_sprites:b_sprites|registradores[18][12]      ; 0                 ; 0       ;
;      - banco_sprites:b_sprites|registradores[18][20]      ; 0                 ; 0       ;
;      - banco_sprites:b_sprites|registradores[18][15]      ; 0                 ; 0       ;
;      - banco_sprites:b_sprites|registradores[18][18]      ; 0                 ; 0       ;
;      - banco_sprites:b_sprites|registradores[18][17]      ; 0                 ; 0       ;
;      - banco_sprites:b_sprites|registradores[18][16]      ; 0                 ; 0       ;
;      - banco_sprites:b_sprites|registradores[18][9]       ; 0                 ; 0       ;
;      - banco_sprites:b_sprites|registradores[18][8]       ; 0                 ; 0       ;
;      - banco_sprites:b_sprites|registradores[18][7]       ; 0                 ; 0       ;
;      - banco_sprites:b_sprites|registradores[18][19]      ; 0                 ; 0       ;
;      - banco_sprites:b_sprites|registradores[18][29]      ; 0                 ; 0       ;
;      - banco_sprites:b_sprites|registradores[18][30]      ; 0                 ; 0       ;
;      - banco_sprites:b_sprites|registradores[18][25]      ; 0                 ; 0       ;
;      - banco_sprites:b_sprites|registradores[18][24]      ; 0                 ; 0       ;
;      - banco_sprites:b_sprites|registradores[18][21]      ; 0                 ; 0       ;
;      - banco_sprites:b_sprites|registradores[18][22]      ; 0                 ; 0       ;
;      - banco_sprites:b_sprites|registradores[18][23]      ; 0                 ; 0       ;
;      - banco_sprites:b_sprites|registradores[18][26]      ; 0                 ; 0       ;
;      - banco_sprites:b_sprites|registradores[18][27]      ; 0                 ; 0       ;
;      - banco_sprites:b_sprites|registradores[18][28]      ; 0                 ; 0       ;
;      - banco_sprites:b_sprites|registradores[19][17]      ; 0                 ; 0       ;
;      - banco_sprites:b_sprites|registradores[19][28]      ; 0                 ; 0       ;
;      - banco_sprites:b_sprites|registradores[19][27]      ; 0                 ; 0       ;
;      - banco_sprites:b_sprites|registradores[19][26]      ; 0                 ; 0       ;
;      - banco_sprites:b_sprites|registradores[19][23]      ; 0                 ; 0       ;
;      - banco_sprites:b_sprites|registradores[19][22]      ; 0                 ; 0       ;
;      - banco_sprites:b_sprites|registradores[19][21]      ; 0                 ; 0       ;
;      - banco_sprites:b_sprites|registradores[19][20]      ; 0                 ; 0       ;
;      - banco_sprites:b_sprites|registradores[19][19]      ; 0                 ; 0       ;
;      - banco_sprites:b_sprites|registradores[19][7]       ; 0                 ; 0       ;
;      - banco_sprites:b_sprites|registradores[19][8]       ; 0                 ; 0       ;
;      - banco_sprites:b_sprites|registradores[19][9]       ; 0                 ; 0       ;
;      - banco_sprites:b_sprites|registradores[19][10]      ; 0                 ; 0       ;
;      - banco_sprites:b_sprites|registradores[19][29]      ; 0                 ; 0       ;
;      - banco_sprites:b_sprites|registradores[19][24]      ; 0                 ; 0       ;
;      - banco_sprites:b_sprites|registradores[19][14]      ; 0                 ; 0       ;
;      - banco_sprites:b_sprites|registradores[19][13]      ; 0                 ; 0       ;
;      - banco_sprites:b_sprites|registradores[19][11]      ; 0                 ; 0       ;
;      - banco_sprites:b_sprites|registradores[19][12]      ; 0                 ; 0       ;
;      - banco_sprites:b_sprites|registradores[19][31]      ; 0                 ; 0       ;
;      - banco_sprites:b_sprites|registradores[19][18]      ; 0                 ; 0       ;
;      - banco_sprites:b_sprites|registradores[19][25]      ; 0                 ; 0       ;
;      - banco_sprites:b_sprites|registradores[19][16]      ; 0                 ; 0       ;
;      - banco_sprites:b_sprites|registradores[19][15]      ; 0                 ; 0       ;
;      - banco_sprites:b_sprites|registradores[19][30]      ; 0                 ; 0       ;
;      - banco_sprites:b_sprites|registradores[20][20]      ; 0                 ; 0       ;
;      - banco_sprites:b_sprites|registradores[20][9]       ; 0                 ; 0       ;
;      - banco_sprites:b_sprites|registradores[20][19]      ; 0                 ; 0       ;
;      - banco_sprites:b_sprites|registradores[20][7]       ; 0                 ; 0       ;
;      - banco_sprites:b_sprites|registradores[20][8]       ; 0                 ; 0       ;
;      - banco_sprites:b_sprites|registradores[20][30]      ; 0                 ; 0       ;
;      - banco_sprites:b_sprites|registradores[20][21]      ; 0                 ; 0       ;
;      - banco_sprites:b_sprites|registradores[20][22]      ; 0                 ; 0       ;
;      - banco_sprites:b_sprites|registradores[20][27]      ; 0                 ; 0       ;
;      - banco_sprites:b_sprites|registradores[20][23]      ; 0                 ; 0       ;
;      - banco_sprites:b_sprites|registradores[20][26]      ; 0                 ; 0       ;
;      - banco_sprites:b_sprites|registradores[20][24]      ; 0                 ; 0       ;
;      - banco_sprites:b_sprites|registradores[20][25]      ; 0                 ; 0       ;
;      - banco_sprites:b_sprites|registradores[20][29]      ; 0                 ; 0       ;
;      - banco_sprites:b_sprites|registradores[20][10]      ; 0                 ; 0       ;
;      - banco_sprites:b_sprites|registradores[20][15]      ; 0                 ; 0       ;
;      - banco_sprites:b_sprites|registradores[20][16]      ; 0                 ; 0       ;
;      - banco_sprites:b_sprites|registradores[20][17]      ; 0                 ; 0       ;
;      - banco_sprites:b_sprites|registradores[20][18]      ; 0                 ; 0       ;
;      - banco_sprites:b_sprites|registradores[20][31]      ; 0                 ; 0       ;
;      - banco_sprites:b_sprites|registradores[20][12]      ; 0                 ; 0       ;
;      - banco_sprites:b_sprites|registradores[20][14]      ; 0                 ; 0       ;
;      - banco_sprites:b_sprites|registradores[20][13]      ; 0                 ; 0       ;
;      - banco_sprites:b_sprites|registradores[20][11]      ; 0                 ; 0       ;
;      - banco_sprites:b_sprites|registradores[20][28]      ; 0                 ; 0       ;
;      - banco_sprites:b_sprites|registradores[21][29]      ; 0                 ; 0       ;
;      - banco_sprites:b_sprites|registradores[21][9]       ; 0                 ; 0       ;
;      - banco_sprites:b_sprites|registradores[21][24]      ; 0                 ; 0       ;
;      - banco_sprites:b_sprites|registradores[21][23]      ; 0                 ; 0       ;
;      - banco_sprites:b_sprites|registradores[21][22]      ; 0                 ; 0       ;
;      - banco_sprites:b_sprites|registradores[21][21]      ; 0                 ; 0       ;
;      - banco_sprites:b_sprites|registradores[21][20]      ; 0                 ; 0       ;
;      - banco_sprites:b_sprites|registradores[21][19]      ; 0                 ; 0       ;
;      - banco_sprites:b_sprites|registradores[21][7]       ; 0                 ; 0       ;
;      - banco_sprites:b_sprites|registradores[21][8]       ; 0                 ; 0       ;
;      - banco_sprites:b_sprites|registradores[21][25]      ; 0                 ; 0       ;
;      - banco_sprites:b_sprites|registradores[21][30]      ; 0                 ; 0       ;
;      - banco_sprites:b_sprites|registradores[21][26]      ; 0                 ; 0       ;
;      - banco_sprites:b_sprites|registradores[21][28]      ; 0                 ; 0       ;
;      - banco_sprites:b_sprites|registradores[21][27]      ; 0                 ; 0       ;
;      - banco_sprites:b_sprites|registradores[21][15]      ; 0                 ; 0       ;
;      - banco_sprites:b_sprites|registradores[21][16]      ; 0                 ; 0       ;
;      - banco_sprites:b_sprites|registradores[21][17]      ; 0                 ; 0       ;
;      - banco_sprites:b_sprites|registradores[21][10]      ; 0                 ; 0       ;
;      - banco_sprites:b_sprites|registradores[21][18]      ; 0                 ; 0       ;
;      - banco_sprites:b_sprites|registradores[21][31]      ; 0                 ; 0       ;
;      - banco_sprites:b_sprites|registradores[21][12]      ; 0                 ; 0       ;
;      - banco_sprites:b_sprites|registradores[21][11]      ; 0                 ; 0       ;
;      - banco_sprites:b_sprites|registradores[21][13]      ; 0                 ; 0       ;
;      - banco_sprites:b_sprites|registradores[21][14]      ; 0                 ; 0       ;
;      - banco_sprites:b_sprites|registradores[22][14]      ; 0                 ; 0       ;
;      - banco_sprites:b_sprites|registradores[22][13]      ; 0                 ; 0       ;
;      - banco_sprites:b_sprites|registradores[22][11]      ; 0                 ; 0       ;
;      - banco_sprites:b_sprites|registradores[22][10]      ; 0                 ; 0       ;
;      - banco_sprites:b_sprites|registradores[22][12]      ; 0                 ; 0       ;
;      - banco_sprites:b_sprites|registradores[22][31]      ; 0                 ; 0       ;
;      - banco_sprites:b_sprites|registradores[22][18]      ; 0                 ; 0       ;
;      - banco_sprites:b_sprites|registradores[22][9]       ; 0                 ; 0       ;
;      - banco_sprites:b_sprites|registradores[22][17]      ; 0                 ; 0       ;
;      - banco_sprites:b_sprites|registradores[22][16]      ; 0                 ; 0       ;
;      - banco_sprites:b_sprites|registradores[22][15]      ; 0                 ; 0       ;
;      - banco_sprites:b_sprites|registradores[22][7]       ; 0                 ; 0       ;
;      - banco_sprites:b_sprites|registradores[22][8]       ; 0                 ; 0       ;
;      - banco_sprites:b_sprites|registradores[22][28]      ; 0                 ; 0       ;
;      - banco_sprites:b_sprites|registradores[22][27]      ; 0                 ; 0       ;
;      - banco_sprites:b_sprites|registradores[22][29]      ; 0                 ; 0       ;
;      - banco_sprites:b_sprites|registradores[22][26]      ; 0                 ; 0       ;
;      - banco_sprites:b_sprites|registradores[22][24]      ; 0                 ; 0       ;
;      - banco_sprites:b_sprites|registradores[22][25]      ; 0                 ; 0       ;
;      - banco_sprites:b_sprites|registradores[22][30]      ; 0                 ; 0       ;
;      - banco_sprites:b_sprites|registradores[22][19]      ; 0                 ; 0       ;
;      - banco_sprites:b_sprites|registradores[22][20]      ; 0                 ; 0       ;
;      - banco_sprites:b_sprites|registradores[22][21]      ; 0                 ; 0       ;
;      - banco_sprites:b_sprites|registradores[22][22]      ; 0                 ; 0       ;
;      - banco_sprites:b_sprites|registradores[22][23]      ; 0                 ; 0       ;
;      - banco_sprites:b_sprites|registradores[23][16]      ; 0                 ; 0       ;
;      - banco_sprites:b_sprites|registradores[23][28]      ; 0                 ; 0       ;
;      - banco_sprites:b_sprites|registradores[23][27]      ; 0                 ; 0       ;
;      - banco_sprites:b_sprites|registradores[23][29]      ; 0                 ; 0       ;
;      - banco_sprites:b_sprites|registradores[23][26]      ; 0                 ; 0       ;
;      - banco_sprites:b_sprites|registradores[23][24]      ; 0                 ; 0       ;
;      - banco_sprites:b_sprites|registradores[23][25]      ; 0                 ; 0       ;
;      - banco_sprites:b_sprites|registradores[23][23]      ; 0                 ; 0       ;
;      - banco_sprites:b_sprites|registradores[23][22]      ; 0                 ; 0       ;
;      - banco_sprites:b_sprites|registradores[23][21]      ; 0                 ; 0       ;
;      - banco_sprites:b_sprites|registradores[23][20]      ; 0                 ; 0       ;
;      - banco_sprites:b_sprites|registradores[23][19]      ; 0                 ; 0       ;
;      - banco_sprites:b_sprites|registradores[23][15]      ; 0                 ; 0       ;
;      - banco_sprites:b_sprites|registradores[23][17]      ; 0                 ; 0       ;
;      - banco_sprites:b_sprites|registradores[23][18]      ; 0                 ; 0       ;
;      - banco_sprites:b_sprites|registradores[23][31]      ; 0                 ; 0       ;
;      - banco_sprites:b_sprites|registradores[23][12]      ; 0                 ; 0       ;
;      - banco_sprites:b_sprites|registradores[23][11]      ; 0                 ; 0       ;
;      - banco_sprites:b_sprites|registradores[23][13]      ; 0                 ; 0       ;
;      - banco_sprites:b_sprites|registradores[23][14]      ; 0                 ; 0       ;
;      - banco_sprites:b_sprites|registradores[23][10]      ; 0                 ; 0       ;
;      - banco_sprites:b_sprites|registradores[23][9]       ; 0                 ; 0       ;
;      - banco_sprites:b_sprites|registradores[23][8]       ; 0                 ; 0       ;
;      - banco_sprites:b_sprites|registradores[23][7]       ; 0                 ; 0       ;
;      - banco_sprites:b_sprites|registradores[23][30]      ; 0                 ; 0       ;
;      - banco_sprites:b_sprites|registradores[24][25]      ; 0                 ; 0       ;
;      - banco_sprites:b_sprites|registradores[24][24]      ; 0                 ; 0       ;
;      - banco_sprites:b_sprites|registradores[24][26]      ; 0                 ; 0       ;
;      - banco_sprites:b_sprites|registradores[24][27]      ; 0                 ; 0       ;
;      - banco_sprites:b_sprites|registradores[24][23]      ; 0                 ; 0       ;
;      - banco_sprites:b_sprites|registradores[24][22]      ; 0                 ; 0       ;
;      - banco_sprites:b_sprites|registradores[24][21]      ; 0                 ; 0       ;
;      - banco_sprites:b_sprites|registradores[24][19]      ; 0                 ; 0       ;
;      - banco_sprites:b_sprites|registradores[24][28]      ; 0                 ; 0       ;
;      - banco_sprites:b_sprites|registradores[24][20]      ; 0                 ; 0       ;
;      - banco_sprites:b_sprites|registradores[24][30]      ; 0                 ; 0       ;
;      - banco_sprites:b_sprites|registradores[24][15]      ; 0                 ; 0       ;
;      - banco_sprites:b_sprites|registradores[24][16]      ; 0                 ; 0       ;
;      - banco_sprites:b_sprites|registradores[24][17]      ; 0                 ; 0       ;
;      - banco_sprites:b_sprites|registradores[24][18]      ; 0                 ; 0       ;
;      - banco_sprites:b_sprites|registradores[24][29]      ; 0                 ; 0       ;
;      - banco_sprites:b_sprites|registradores[24][31]      ; 0                 ; 0       ;
;      - banco_sprites:b_sprites|registradores[24][12]      ; 0                 ; 0       ;
;      - banco_sprites:b_sprites|registradores[24][11]      ; 0                 ; 0       ;
;      - banco_sprites:b_sprites|registradores[24][13]      ; 0                 ; 0       ;
;      - banco_sprites:b_sprites|registradores[24][7]       ; 0                 ; 0       ;
;      - banco_sprites:b_sprites|registradores[24][8]       ; 0                 ; 0       ;
;      - banco_sprites:b_sprites|registradores[24][9]       ; 0                 ; 0       ;
;      - banco_sprites:b_sprites|registradores[24][10]      ; 0                 ; 0       ;
;      - banco_sprites:b_sprites|registradores[24][14]      ; 0                 ; 0       ;
;      - banco_sprites:b_sprites|registradores[25][18]      ; 0                 ; 0       ;
;      - banco_sprites:b_sprites|registradores[25][25]      ; 0                 ; 0       ;
;      - banco_sprites:b_sprites|registradores[25][30]      ; 0                 ; 0       ;
;      - banco_sprites:b_sprites|registradores[25][28]      ; 0                 ; 0       ;
;      - banco_sprites:b_sprites|registradores[25][23]      ; 0                 ; 0       ;
;      - banco_sprites:b_sprites|registradores[25][22]      ; 0                 ; 0       ;
;      - banco_sprites:b_sprites|registradores[25][24]      ; 0                 ; 0       ;
;      - banco_sprites:b_sprites|registradores[25][21]      ; 0                 ; 0       ;
;      - banco_sprites:b_sprites|registradores[25][20]      ; 0                 ; 0       ;
;      - banco_sprites:b_sprites|registradores[25][19]      ; 0                 ; 0       ;
;      - banco_sprites:b_sprites|registradores[25][7]       ; 0                 ; 0       ;
;      - banco_sprites:b_sprites|registradores[25][9]       ; 0                 ; 0       ;
;      - banco_sprites:b_sprites|registradores[25][27]      ; 0                 ; 0       ;
;      - banco_sprites:b_sprites|registradores[25][17]      ; 0                 ; 0       ;
;      - banco_sprites:b_sprites|registradores[25][16]      ; 0                 ; 0       ;
;      - banco_sprites:b_sprites|registradores[25][31]      ; 0                 ; 0       ;
;      - banco_sprites:b_sprites|registradores[25][12]      ; 0                 ; 0       ;
;      - banco_sprites:b_sprites|registradores[25][11]      ; 0                 ; 0       ;
;      - banco_sprites:b_sprites|registradores[25][13]      ; 0                 ; 0       ;
;      - banco_sprites:b_sprites|registradores[25][14]      ; 0                 ; 0       ;
;      - banco_sprites:b_sprites|registradores[25][10]      ; 0                 ; 0       ;
;      - banco_sprites:b_sprites|registradores[25][26]      ; 0                 ; 0       ;
;      - banco_sprites:b_sprites|registradores[25][15]      ; 0                 ; 0       ;
;      - banco_sprites:b_sprites|registradores[25][29]      ; 0                 ; 0       ;
;      - banco_sprites:b_sprites|registradores[25][8]       ; 0                 ; 0       ;
;      - banco_sprites:b_sprites|registradores[26][15]      ; 0                 ; 0       ;
;      - banco_sprites:b_sprites|registradores[26][16]      ; 0                 ; 0       ;
;      - banco_sprites:b_sprites|registradores[26][17]      ; 0                 ; 0       ;
;      - banco_sprites:b_sprites|registradores[26][18]      ; 0                 ; 0       ;
;      - banco_sprites:b_sprites|registradores[26][12]      ; 0                 ; 0       ;
;      - banco_sprites:b_sprites|registradores[26][31]      ; 0                 ; 0       ;
;      - banco_sprites:b_sprites|registradores[26][29]      ; 0                 ; 0       ;
;      - banco_sprites:b_sprites|registradores[26][28]      ; 0                 ; 0       ;
;      - banco_sprites:b_sprites|registradores[26][27]      ; 0                 ; 0       ;
;      - banco_sprites:b_sprites|registradores[26][26]      ; 0                 ; 0       ;
;      - banco_sprites:b_sprites|registradores[26][24]      ; 0                 ; 0       ;
;      - banco_sprites:b_sprites|registradores[26][25]      ; 0                 ; 0       ;
;      - banco_sprites:b_sprites|registradores[26][23]      ; 0                 ; 0       ;
;      - banco_sprites:b_sprites|registradores[26][22]      ; 0                 ; 0       ;
;      - banco_sprites:b_sprites|registradores[26][21]      ; 0                 ; 0       ;
;      - banco_sprites:b_sprites|registradores[26][20]      ; 0                 ; 0       ;
;      - banco_sprites:b_sprites|registradores[26][7]       ; 0                 ; 0       ;
;      - banco_sprites:b_sprites|registradores[26][11]      ; 0                 ; 0       ;
;      - banco_sprites:b_sprites|registradores[26][30]      ; 0                 ; 0       ;
;      - banco_sprites:b_sprites|registradores[26][13]      ; 0                 ; 0       ;
;      - banco_sprites:b_sprites|registradores[26][14]      ; 0                 ; 0       ;
;      - banco_sprites:b_sprites|registradores[26][10]      ; 0                 ; 0       ;
;      - banco_sprites:b_sprites|registradores[26][9]       ; 0                 ; 0       ;
;      - banco_sprites:b_sprites|registradores[26][8]       ; 0                 ; 0       ;
;      - banco_sprites:b_sprites|registradores[26][19]      ; 0                 ; 0       ;
;      - banco_sprites:b_sprites|registradores[27][24]      ; 0                 ; 0       ;
;      - banco_sprites:b_sprites|registradores[27][26]      ; 0                 ; 0       ;
;      - banco_sprites:b_sprites|registradores[27][27]      ; 0                 ; 0       ;
;      - banco_sprites:b_sprites|registradores[27][28]      ; 0                 ; 0       ;
;      - banco_sprites:b_sprites|registradores[27][23]      ; 0                 ; 0       ;
;      - banco_sprites:b_sprites|registradores[27][22]      ; 0                 ; 0       ;
;      - banco_sprites:b_sprites|registradores[27][21]      ; 0                 ; 0       ;
;      - banco_sprites:b_sprites|registradores[27][25]      ; 0                 ; 0       ;
;      - banco_sprites:b_sprites|registradores[27][20]      ; 0                 ; 0       ;
;      - banco_sprites:b_sprites|registradores[27][19]      ; 0                 ; 0       ;
;      - banco_sprites:b_sprites|registradores[27][8]       ; 0                 ; 0       ;
;      - banco_sprites:b_sprites|registradores[27][18]      ; 0                 ; 0       ;
;      - banco_sprites:b_sprites|registradores[27][31]      ; 0                 ; 0       ;
;      - banco_sprites:b_sprites|registradores[27][17]      ; 0                 ; 0       ;
;      - banco_sprites:b_sprites|registradores[27][12]      ; 0                 ; 0       ;
;      - banco_sprites:b_sprites|registradores[27][11]      ; 0                 ; 0       ;
;      - banco_sprites:b_sprites|registradores[27][16]      ; 0                 ; 0       ;
;      - banco_sprites:b_sprites|registradores[27][15]      ; 0                 ; 0       ;
;      - banco_sprites:b_sprites|registradores[27][30]      ; 0                 ; 0       ;
;      - banco_sprites:b_sprites|registradores[27][13]      ; 0                 ; 0       ;
;      - banco_sprites:b_sprites|registradores[27][14]      ; 0                 ; 0       ;
;      - banco_sprites:b_sprites|registradores[27][7]       ; 0                 ; 0       ;
;      - banco_sprites:b_sprites|registradores[27][10]      ; 0                 ; 0       ;
;      - banco_sprites:b_sprites|registradores[27][9]       ; 0                 ; 0       ;
;      - banco_sprites:b_sprites|registradores[27][29]      ; 0                 ; 0       ;
;      - banco_sprites:b_sprites|registradores[28][22]      ; 0                 ; 0       ;
;      - banco_sprites:b_sprites|registradores[28][21]      ; 0                 ; 0       ;
;      - banco_sprites:b_sprites|registradores[28][23]      ; 0                 ; 0       ;
;      - banco_sprites:b_sprites|registradores[28][20]      ; 0                 ; 0       ;
;      - banco_sprites:b_sprites|registradores[28][19]      ; 0                 ; 0       ;
;      - banco_sprites:b_sprites|registradores[28][7]       ; 0                 ; 0       ;
;      - banco_sprites:b_sprites|registradores[28][25]      ; 0                 ; 0       ;
;      - banco_sprites:b_sprites|registradores[28][8]       ; 0                 ; 0       ;
;      - banco_sprites:b_sprites|registradores[28][9]       ; 0                 ; 0       ;
;      - banco_sprites:b_sprites|registradores[28][10]      ; 0                 ; 0       ;
;      - banco_sprites:b_sprites|registradores[28][14]      ; 0                 ; 0       ;
;      - banco_sprites:b_sprites|registradores[28][13]      ; 0                 ; 0       ;
;      - banco_sprites:b_sprites|registradores[28][11]      ; 0                 ; 0       ;
;      - banco_sprites:b_sprites|registradores[28][12]      ; 0                 ; 0       ;
;      - banco_sprites:b_sprites|registradores[28][31]      ; 0                 ; 0       ;
;      - banco_sprites:b_sprites|registradores[28][18]      ; 0                 ; 0       ;
;      - banco_sprites:b_sprites|registradores[28][17]      ; 0                 ; 0       ;
;      - banco_sprites:b_sprites|registradores[28][16]      ; 0                 ; 0       ;
;      - banco_sprites:b_sprites|registradores[28][15]      ; 0                 ; 0       ;
;      - banco_sprites:b_sprites|registradores[28][30]      ; 0                 ; 0       ;
;      - banco_sprites:b_sprites|registradores[28][28]      ; 0                 ; 0       ;
;      - banco_sprites:b_sprites|registradores[28][27]      ; 0                 ; 0       ;
;      - banco_sprites:b_sprites|registradores[28][29]      ; 0                 ; 0       ;
;      - banco_sprites:b_sprites|registradores[28][26]      ; 0                 ; 0       ;
;      - banco_sprites:b_sprites|registradores[28][24]      ; 0                 ; 0       ;
;      - banco_sprites:b_sprites|registradores[29][28]      ; 0                 ; 0       ;
;      - banco_sprites:b_sprites|registradores[29][12]      ; 0                 ; 0       ;
;      - banco_sprites:b_sprites|registradores[29][27]      ; 0                 ; 0       ;
;      - banco_sprites:b_sprites|registradores[29][26]      ; 0                 ; 0       ;
;      - banco_sprites:b_sprites|registradores[29][24]      ; 0                 ; 0       ;
;      - banco_sprites:b_sprites|registradores[29][25]      ; 0                 ; 0       ;
;      - banco_sprites:b_sprites|registradores[29][15]      ; 0                 ; 0       ;
;      - banco_sprites:b_sprites|registradores[29][16]      ; 0                 ; 0       ;
;      - banco_sprites:b_sprites|registradores[29][17]      ; 0                 ; 0       ;
;      - banco_sprites:b_sprites|registradores[29][18]      ; 0                 ; 0       ;
;      - banco_sprites:b_sprites|registradores[29][31]      ; 0                 ; 0       ;
;      - banco_sprites:b_sprites|registradores[29][30]      ; 0                 ; 0       ;
;      - banco_sprites:b_sprites|registradores[29][11]      ; 0                 ; 0       ;
;      - banco_sprites:b_sprites|registradores[29][13]      ; 0                 ; 0       ;
;      - banco_sprites:b_sprites|registradores[29][14]      ; 0                 ; 0       ;
;      - banco_sprites:b_sprites|registradores[29][10]      ; 0                 ; 0       ;
;      - banco_sprites:b_sprites|registradores[29][9]       ; 0                 ; 0       ;
;      - banco_sprites:b_sprites|registradores[29][8]       ; 0                 ; 0       ;
;      - banco_sprites:b_sprites|registradores[29][7]       ; 0                 ; 0       ;
;      - banco_sprites:b_sprites|registradores[29][19]      ; 0                 ; 0       ;
;      - banco_sprites:b_sprites|registradores[29][20]      ; 0                 ; 0       ;
;      - banco_sprites:b_sprites|registradores[29][21]      ; 0                 ; 0       ;
;      - banco_sprites:b_sprites|registradores[29][22]      ; 0                 ; 0       ;
;      - banco_sprites:b_sprites|registradores[29][23]      ; 0                 ; 0       ;
;      - banco_sprites:b_sprites|registradores[29][29]      ; 0                 ; 0       ;
;      - banco_sprites:b_sprites|registradores[30][10]      ; 0                 ; 0       ;
;      - banco_sprites:b_sprites|registradores[30][15]      ; 0                 ; 0       ;
;      - banco_sprites:b_sprites|registradores[30][16]      ; 0                 ; 0       ;
;      - banco_sprites:b_sprites|registradores[30][17]      ; 0                 ; 0       ;
;      - banco_sprites:b_sprites|registradores[30][18]      ; 0                 ; 0       ;
;      - banco_sprites:b_sprites|registradores[30][31]      ; 0                 ; 0       ;
;      - banco_sprites:b_sprites|registradores[30][12]      ; 0                 ; 0       ;
;      - banco_sprites:b_sprites|registradores[30][11]      ; 0                 ; 0       ;
;      - banco_sprites:b_sprites|registradores[30][13]      ; 0                 ; 0       ;
;      - banco_sprites:b_sprites|registradores[30][14]      ; 0                 ; 0       ;
;      - banco_sprites:b_sprites|registradores[30][28]      ; 0                 ; 0       ;
;      - banco_sprites:b_sprites|registradores[30][9]       ; 0                 ; 0       ;
;      - banco_sprites:b_sprites|registradores[30][8]       ; 0                 ; 0       ;
;      - banco_sprites:b_sprites|registradores[30][7]       ; 0                 ; 0       ;
;      - banco_sprites:b_sprites|registradores[30][19]      ; 0                 ; 0       ;
;      - banco_sprites:b_sprites|registradores[30][20]      ; 0                 ; 0       ;
;      - banco_sprites:b_sprites|registradores[30][21]      ; 0                 ; 0       ;
;      - banco_sprites:b_sprites|registradores[30][22]      ; 0                 ; 0       ;
;      - banco_sprites:b_sprites|registradores[30][23]      ; 0                 ; 0       ;
;      - banco_sprites:b_sprites|registradores[30][30]      ; 0                 ; 0       ;
;      - banco_sprites:b_sprites|registradores[30][27]      ; 0                 ; 0       ;
;      - banco_sprites:b_sprites|registradores[30][26]      ; 0                 ; 0       ;
;      - banco_sprites:b_sprites|registradores[30][24]      ; 0                 ; 0       ;
;      - banco_sprites:b_sprites|registradores[30][29]      ; 0                 ; 0       ;
;      - banco_sprites:b_sprites|registradores[30][25]      ; 0                 ; 0       ;
;      - banco_sprites:b_sprites|registradores[31][21]      ; 0                 ; 0       ;
;      - banco_sprites:b_sprites|registradores[31][27]      ; 0                 ; 0       ;
;      - banco_sprites:b_sprites|registradores[31][15]      ; 0                 ; 0       ;
;      - banco_sprites:b_sprites|registradores[31][26]      ; 0                 ; 0       ;
;      - banco_sprites:b_sprites|registradores[31][16]      ; 0                 ; 0       ;
;      - banco_sprites:b_sprites|registradores[31][24]      ; 0                 ; 0       ;
;      - banco_sprites:b_sprites|registradores[31][29]      ; 0                 ; 0       ;
;      - banco_sprites:b_sprites|registradores[31][25]      ; 0                 ; 0       ;
;      - banco_sprites:b_sprites|registradores[31][17]      ; 0                 ; 0       ;
;      - banco_sprites:b_sprites|registradores[31][18]      ; 0                 ; 0       ;
;      - banco_sprites:b_sprites|registradores[31][22]      ; 0                 ; 0       ;
;      - banco_sprites:b_sprites|registradores[31][11]      ; 0                 ; 0       ;
;      - banco_sprites:b_sprites|registradores[31][20]      ; 0                 ; 0       ;
;      - banco_sprites:b_sprites|registradores[31][19]      ; 0                 ; 0       ;
;      - banco_sprites:b_sprites|registradores[31][7]       ; 0                 ; 0       ;
;      - banco_sprites:b_sprites|registradores[31][30]      ; 0                 ; 0       ;
;      - banco_sprites:b_sprites|registradores[31][28]      ; 0                 ; 0       ;
;      - banco_sprites:b_sprites|registradores[31][23]      ; 0                 ; 0       ;
;      - banco_sprites:b_sprites|registradores[31][8]       ; 0                 ; 0       ;
;      - banco_sprites:b_sprites|registradores[31][9]       ; 0                 ; 0       ;
;      - banco_sprites:b_sprites|registradores[31][10]      ; 0                 ; 0       ;
;      - banco_sprites:b_sprites|registradores[31][14]      ; 0                 ; 0       ;
;      - banco_sprites:b_sprites|registradores[31][13]      ; 0                 ; 0       ;
;      - banco_sprites:b_sprites|registradores[31][12]      ; 0                 ; 0       ;
;      - banco_sprites:b_sprites|registradores[31][31]      ; 0                 ; 0       ;
;      - vga_hs_d                                           ; 0                 ; 0       ;
;      - vga_vs_d                                           ; 0                 ; 0       ;
;      - motor_sprites:m_sprites|rom_addr1[0]               ; 0                 ; 0       ;
;      - motor_sprites:m_sprites|rom_addr1[1]               ; 0                 ; 0       ;
;      - motor_sprites:m_sprites|rom_addr1[2]               ; 0                 ; 0       ;
;      - motor_sprites:m_sprites|rom_addr1[3]               ; 0                 ; 0       ;
;      - motor_sprites:m_sprites|rom_addr1[4]               ; 0                 ; 0       ;
;      - motor_sprites:m_sprites|rom_addr1[5]               ; 0                 ; 0       ;
;      - motor_sprites:m_sprites|rom_addr1[6]               ; 0                 ; 0       ;
;      - motor_sprites:m_sprites|rom_addr1[7]               ; 0                 ; 0       ;
;      - motor_sprites:m_sprites|rom_addr1[8]               ; 0                 ; 0       ;
;      - motor_sprites:m_sprites|rom_addr1[9]               ; 0                 ; 0       ;
;      - motor_sprites:m_sprites|rom_addr1[10]              ; 0                 ; 0       ;
;      - motor_sprites:m_sprites|rom_addr1[11]              ; 0                 ; 0       ;
;      - motor_sprites:m_sprites|rom_addr1[12]              ; 0                 ; 0       ;
;      - motor_sprites:m_sprites|prioridade_valida_r        ; 0                 ; 0       ;
;      - mef_controle:mf_controle|toggle_eixo               ; 0                 ; 0       ;
;      - mef_controle:mf_controle|estado~0                  ; 0                 ; 0       ;
;      - mef_controle:mf_controle|estado[1]~1               ; 0                 ; 0       ;
;      - mef_controle:mf_controle|estado~2                  ; 0                 ; 0       ;
;      - mef_controle:mf_controle|estado~3                  ; 0                 ; 0       ;
;      - mef_controle:mf_controle|estado~4                  ; 0                 ; 0       ;
;      - mef_controle:mf_controle|key1_sr~0                 ; 0                 ; 0       ;
;      - mef_controle:mf_controle|key1_sr~1                 ; 0                 ; 0       ;
;      - mef_controle:mf_controle|key3_sr~0                 ; 0                 ; 0       ;
;      - mef_controle:mf_controle|key3_sr~1                 ; 0                 ; 0       ;
;      - motor_sprites:m_sprites|sprite_color_out[2]~2      ; 0                 ; 0       ;
;      - mef_controle:mf_controle|key1_sr~2                 ; 0                 ; 0       ;
;      - mef_controle:mf_controle|key3_sr~2                 ; 0                 ; 0       ;
;      - motor_sprites:m_sprites|rom_addr2~24               ; 0                 ; 0       ;
;      - motor_sprites:m_sprites|rom_addr2~35               ; 0                 ; 0       ;
;      - motor_sprites:m_sprites|rom_addr2~46               ; 0                 ; 0       ;
;      - motor_sprites:m_sprites|rom_addr2~57               ; 0                 ; 0       ;
;      - motor_sprites:m_sprites|rom_addr2~68               ; 0                 ; 0       ;
;      - motor_sprites:m_sprites|rom_addr2~79               ; 0                 ; 0       ;
;      - motor_sprites:m_sprites|rom_addr2~90               ; 0                 ; 0       ;
;      - motor_sprites:m_sprites|rom_addr2~101              ; 0                 ; 0       ;
;      - motor_sprites:m_sprites|rom_addr2~106              ; 0                 ; 0       ;
;      - motor_sprites:m_sprites|rom_addr2[12]~111          ; 0                 ; 0       ;
;      - motor_sprites:m_sprites|rom_addr2[12]~112          ; 0                 ; 0       ;
;      - motor_sprites:m_sprites|rom_addr2~118              ; 0                 ; 0       ;
;      - motor_sprites:m_sprites|rom_addr2~128              ; 0                 ; 0       ;
;      - motor_sprites:m_sprites|rom_addr2~138              ; 0                 ; 0       ;
;      - motor_sprites:m_sprites|rom_addr2~148              ; 0                 ; 0       ;
;      - motor_sprites:m_sprites|prioridade2_valida_r~0     ; 0                 ; 0       ;
;      - motor_poligonos:m_poligonos|poly_color_r1[1]~7     ; 0                 ; 0       ;
;      - banco_sprites:b_sprites|registradores[31][21]~0    ; 0                 ; 0       ;
;      - banco_sprites:b_sprites|registradores[30][10]~1    ; 0                 ; 0       ;
;      - banco_sprites:b_sprites|registradores[29][28]~2    ; 0                 ; 0       ;
;      - banco_sprites:b_sprites|registradores[28][22]~3    ; 0                 ; 0       ;
;      - banco_sprites:b_sprites|registradores[27][24]~4    ; 0                 ; 0       ;
;      - banco_sprites:b_sprites|registradores[26][15]~5    ; 0                 ; 0       ;
;      - banco_sprites:b_sprites|registradores[25][18]~6    ; 0                 ; 0       ;
;      - banco_sprites:b_sprites|registradores[22][14]~7    ; 0                 ; 0       ;
;      - banco_sprites:b_sprites|registradores[21][29]~8    ; 0                 ; 0       ;
;      - banco_sprites:b_sprites|registradores[12][20]~9    ; 0                 ; 0       ;
;      - banco_sprites:b_sprites|registradores[11][15]~10   ; 0                 ; 0       ;
;      - banco_sprites:b_sprites|registradores[0][9]~11     ; 0                 ; 0       ;
;      - banco_sprites:b_sprites|registradores[2][13]~12    ; 0                 ; 0       ;
;      - banco_sprites:b_sprites|registradores[1][30]~13    ; 0                 ; 0       ;
;      - banco_sprites:b_sprites|registradores[4][12]~14    ; 0                 ; 0       ;
;      - banco_sprites:b_sprites|registradores[3][7]~15     ; 0                 ; 0       ;
;      - banco_sprites:b_sprites|registradores[6][19]~16    ; 0                 ; 0       ;
;      - banco_sprites:b_sprites|registradores[5][12]~17    ; 0                 ; 0       ;
;      - banco_sprites:b_sprites|registradores[8][20]~18    ; 0                 ; 0       ;
;      - banco_sprites:b_sprites|registradores[7][7]~19     ; 0                 ; 0       ;
;      - banco_sprites:b_sprites|registradores[10][24]~20   ; 0                 ; 0       ;
;      - banco_sprites:b_sprites|registradores[9][8]~21     ; 0                 ; 0       ;
;      - banco_sprites:b_sprites|registradores[14][23]~22   ; 0                 ; 0       ;
;      - banco_sprites:b_sprites|registradores[13][16]~23   ; 0                 ; 0       ;
;      - banco_sprites:b_sprites|registradores[16][9]~24    ; 0                 ; 0       ;
;      - banco_sprites:b_sprites|registradores[15][11]~25   ; 0                 ; 0       ;
;      - banco_sprites:b_sprites|registradores[18][31]~26   ; 0                 ; 0       ;
;      - banco_sprites:b_sprites|registradores[17][20]~27   ; 0                 ; 0       ;
;      - banco_sprites:b_sprites|registradores[20][20]~28   ; 0                 ; 0       ;
;      - banco_sprites:b_sprites|registradores[19][17]~29   ; 0                 ; 0       ;
;      - banco_sprites:b_sprites|registradores[24][25]~30   ; 0                 ; 0       ;
;      - banco_sprites:b_sprites|registradores[23][16]~31   ; 0                 ; 0       ;
;      - banco_poligonos:b_poligonos|registradores[6][31]~0 ; 0                 ; 0       ;
;      - banco_poligonos:b_poligonos|registradores[5][3]~1  ; 0                 ; 0       ;
;      - banco_poligonos:b_poligonos|registradores[3][9]~2  ; 0                 ; 0       ;
;      - banco_poligonos:b_poligonos|registradores[2][23]~3 ; 0                 ; 0       ;
;      - banco_poligonos:b_poligonos|registradores[0][15]~4 ; 0                 ; 0       ;
;      - banco_poligonos:b_poligonos|registradores[1][28]~5 ; 0                 ; 0       ;
;      - banco_poligonos:b_poligonos|registradores[4][31]~6 ; 0                 ; 0       ;
;      - banco_poligonos:b_poligonos|registradores[7][28]~7 ; 0                 ; 0       ;
;      - mef_controle:mf_controle|key2_sr~0                 ; 0                 ; 0       ;
;      - mef_controle:mf_controle|key2_sr~1                 ; 0                 ; 0       ;
;      - mef_controle:mf_controle|key2_sr~2                 ; 0                 ; 0       ;
;      - banco_background:b_background|reg_array[1][28]~0   ; 0                 ; 0       ;
;      - banco_background:b_background|reg_array[2][9]~1    ; 0                 ; 0       ;
;      - vga_driver:vga_d|v_counter[9]~DUPLICATE            ; 0                 ; 0       ;
;      - vga_driver:vga_d|v_counter[8]~DUPLICATE            ; 0                 ; 0       ;
;      - vga_driver:vga_d|v_counter[7]~DUPLICATE            ; 0                 ; 0       ;
;      - vga_driver:vga_d|v_counter[6]~DUPLICATE            ; 0                 ; 0       ;
;      - vga_driver:vga_d|v_counter[5]~DUPLICATE            ; 0                 ; 0       ;
;      - vga_driver:vga_d|v_counter[4]~DUPLICATE            ; 0                 ; 0       ;
;      - vga_driver:vga_d|v_counter[2]~DUPLICATE            ; 0                 ; 0       ;
;      - vga_driver:vga_d|v_counter[3]~DUPLICATE            ; 0                 ; 0       ;
;      - vga_driver:vga_d|v_counter[1]~DUPLICATE            ; 0                 ; 0       ;
;      - vga_driver:vga_d|h_counter[2]~DUPLICATE            ; 0                 ; 0       ;
;      - vga_driver:vga_d|h_counter[3]~DUPLICATE            ; 0                 ; 0       ;
;      - vga_driver:vga_d|h_counter[4]~DUPLICATE            ; 0                 ; 0       ;
; CLOCK_50                                                  ;                   ;         ;
;      - clk_25                                             ; 0                 ; 0       ;
; KEY[1]                                                    ;                   ;         ;
;      - mef_controle:mf_controle|key1_sr~2                 ; 1                 ; 0       ;
; KEY[3]                                                    ;                   ;         ;
;      - mef_controle:mf_controle|key3_sr~2                 ; 0                 ; 0       ;
; SW[0]                                                     ;                   ;         ;
;      - mef_controle:mf_controle|Add8~29                   ; 0                 ; 0       ;
;      - mef_controle:mf_controle|Add8~25                   ; 0                 ; 0       ;
;      - mef_controle:mf_controle|Add8~21                   ; 0                 ; 0       ;
;      - mef_controle:mf_controle|Add8~17                   ; 0                 ; 0       ;
;      - mef_controle:mf_controle|Add8~13                   ; 0                 ; 0       ;
;      - mef_controle:mf_controle|Add8~9                    ; 0                 ; 0       ;
;      - mef_controle:mf_controle|Add8~5                    ; 0                 ; 0       ;
;      - mef_controle:mf_controle|Add8~1                    ; 0                 ; 0       ;
;      - mef_controle:mf_controle|Add12~5                   ; 0                 ; 0       ;
;      - mef_controle:mf_controle|Add12~21                  ; 0                 ; 0       ;
;      - mef_controle:mf_controle|Add12~25                  ; 0                 ; 0       ;
;      - mef_controle:mf_controle|Add12~9                   ; 0                 ; 0       ;
;      - mef_controle:mf_controle|Add12~17                  ; 0                 ; 0       ;
;      - mef_controle:mf_controle|Add12~13                  ; 0                 ; 0       ;
;      - mef_controle:mf_controle|Add12~33                  ; 0                 ; 0       ;
;      - mef_controle:mf_controle|Add12~29                  ; 0                 ; 0       ;
;      - mef_controle:mf_controle|tilemap_data[0]~0         ; 0                 ; 0       ;
;      - mef_controle:mf_controle|Mux57~0                   ; 0                 ; 0       ;
;      - mef_controle:mf_controle|Mux57~4                   ; 0                 ; 0       ;
;      - mef_controle:mf_controle|Mux49~10                  ; 0                 ; 0       ;
;      - mef_controle:mf_controle|Mux47~11                  ; 0                 ; 0       ;
;      - mef_controle:mf_controle|Mux47~12                  ; 0                 ; 0       ;
;      - mef_controle:mf_controle|Mux17~2                   ; 0                 ; 0       ;
;      - mef_controle:mf_controle|Mux14~2                   ; 0                 ; 0       ;
;      - mef_controle:mf_controle|bg_write_data[0]~1        ; 0                 ; 0       ;
;      - mef_controle:mf_controle|bg_write_data[14]~13      ; 0                 ; 0       ;
;      - mef_controle:mf_controle|bg_write_data[14]~14      ; 0                 ; 0       ;
; SW[5]                                                     ;                   ;         ;
;      - mef_controle:mf_controle|Mux9~2                    ; 1                 ; 0       ;
;      - mef_controle:mf_controle|tilemap_addr[0]~1         ; 1                 ; 0       ;
;      - mef_controle:mf_controle|spr_read_addr[0]~1        ; 1                 ; 0       ;
;      - mef_controle:mf_controle|Mux41~3                   ; 1                 ; 0       ;
;      - mef_controle:mf_controle|Mux6~6                    ; 1                 ; 0       ;
; SW[6]                                                     ;                   ;         ;
;      - mef_controle:mf_controle|Mux8~2                    ; 0                 ; 0       ;
;      - mef_controle:mf_controle|tilemap_addr[1]~2         ; 0                 ; 0       ;
;      - mef_controle:mf_controle|spr_read_addr[1]~3        ; 0                 ; 0       ;
;      - mef_controle:mf_controle|Mux40~0                   ; 0                 ; 0       ;
;      - mef_controle:mf_controle|Mux5~2                    ; 0                 ; 0       ;
; SW[7]                                                     ;                   ;         ;
;      - mef_controle:mf_controle|tilemap_addr[2]~3         ; 0                 ; 0       ;
;      - mef_controle:mf_controle|spr_read_addr[2]~2        ; 0                 ; 0       ;
;      - mef_controle:mf_controle|Mux39~1                   ; 0                 ; 0       ;
;      - banco_poligonos:b_poligonos|registradores[6][31]~0 ; 0                 ; 0       ;
;      - banco_poligonos:b_poligonos|registradores[5][3]~1  ; 0                 ; 0       ;
;      - banco_poligonos:b_poligonos|registradores[3][9]~2  ; 0                 ; 0       ;
;      - banco_poligonos:b_poligonos|registradores[2][23]~3 ; 0                 ; 0       ;
;      - banco_poligonos:b_poligonos|registradores[0][15]~4 ; 0                 ; 0       ;
;      - banco_poligonos:b_poligonos|registradores[1][28]~5 ; 0                 ; 0       ;
;      - mef_controle:mf_controle|poly_read_addr[0]~0       ; 0                 ; 0       ;
;      - banco_poligonos:b_poligonos|registradores[4][31]~6 ; 0                 ; 0       ;
;      - banco_poligonos:b_poligonos|registradores[7][28]~7 ; 0                 ; 0       ;
; SW[8]                                                     ;                   ;         ;
;      - mef_controle:mf_controle|tilemap_addr[3]~4         ; 1                 ; 0       ;
;      - mef_controle:mf_controle|spr_read_addr[3]~0        ; 1                 ; 0       ;
;      - mef_controle:mf_controle|Mux38~0                   ; 1                 ; 0       ;
;      - banco_poligonos:b_poligonos|registradores[6][31]~0 ; 1                 ; 0       ;
;      - banco_poligonos:b_poligonos|registradores[5][3]~1  ; 1                 ; 0       ;
;      - banco_poligonos:b_poligonos|registradores[3][9]~2  ; 1                 ; 0       ;
;      - banco_poligonos:b_poligonos|registradores[2][23]~3 ; 1                 ; 0       ;
;      - banco_poligonos:b_poligonos|registradores[0][15]~4 ; 1                 ; 0       ;
;      - banco_poligonos:b_poligonos|registradores[1][28]~5 ; 1                 ; 0       ;
;      - mef_controle:mf_controle|poly_read_addr[1]~1       ; 1                 ; 0       ;
;      - banco_poligonos:b_poligonos|registradores[4][31]~6 ; 1                 ; 0       ;
;      - banco_poligonos:b_poligonos|registradores[7][28]~7 ; 1                 ; 0       ;
; SW[9]                                                     ;                   ;         ;
;      - mef_controle:mf_controle|Add8~33                   ; 0                 ; 0       ;
;      - mef_controle:mf_controle|Add8~29                   ; 0                 ; 0       ;
;      - mef_controle:mf_controle|Add8~25                   ; 0                 ; 0       ;
;      - mef_controle:mf_controle|Add8~21                   ; 0                 ; 0       ;
;      - mef_controle:mf_controle|Add8~17                   ; 0                 ; 0       ;
;      - mef_controle:mf_controle|Add8~13                   ; 0                 ; 0       ;
;      - mef_controle:mf_controle|Add8~9                    ; 0                 ; 0       ;
;      - mef_controle:mf_controle|Add8~5                    ; 0                 ; 0       ;
;      - mef_controle:mf_controle|Add8~1                    ; 0                 ; 0       ;
;      - mef_controle:mf_controle|Add10~29                  ; 0                 ; 0       ;
;      - mef_controle:mf_controle|Add10~25                  ; 0                 ; 0       ;
;      - mef_controle:mf_controle|Add10~21                  ; 0                 ; 0       ;
;      - mef_controle:mf_controle|Add10~17                  ; 0                 ; 0       ;
;      - mef_controle:mf_controle|Add10~13                  ; 0                 ; 0       ;
;      - mef_controle:mf_controle|Add10~9                   ; 0                 ; 0       ;
;      - mef_controle:mf_controle|Add10~5                   ; 0                 ; 0       ;
;      - mef_controle:mf_controle|Add10~1                   ; 0                 ; 0       ;
;      - mef_controle:mf_controle|Add14~33                  ; 0                 ; 0       ;
;      - mef_controle:mf_controle|Add14~29                  ; 0                 ; 0       ;
;      - mef_controle:mf_controle|Add14~9                   ; 0                 ; 0       ;
;      - mef_controle:mf_controle|Add14~21                  ; 0                 ; 0       ;
;      - mef_controle:mf_controle|Add14~25                  ; 0                 ; 0       ;
;      - mef_controle:mf_controle|Add14~17                  ; 0                 ; 0       ;
;      - mef_controle:mf_controle|Add14~13                  ; 0                 ; 0       ;
;      - mef_controle:mf_controle|Add14~1                   ; 0                 ; 0       ;
;      - mef_controle:mf_controle|Add14~5                   ; 0                 ; 0       ;
;      - mef_controle:mf_controle|Add12~1                   ; 0                 ; 0       ;
;      - mef_controle:mf_controle|Add12~5                   ; 0                 ; 0       ;
;      - mef_controle:mf_controle|Add12~21                  ; 0                 ; 0       ;
;      - mef_controle:mf_controle|Add12~25                  ; 0                 ; 0       ;
;      - mef_controle:mf_controle|Add12~9                   ; 0                 ; 0       ;
;      - mef_controle:mf_controle|Add12~17                  ; 0                 ; 0       ;
;      - mef_controle:mf_controle|Add12~13                  ; 0                 ; 0       ;
;      - mef_controle:mf_controle|Add12~33                  ; 0                 ; 0       ;
;      - mef_controle:mf_controle|Add12~29                  ; 0                 ; 0       ;
;      - mef_controle:mf_controle|tilemap_addr[4]~5         ; 0                 ; 0       ;
;      - mef_controle:mf_controle|spr_read_addr[4]~4        ; 0                 ; 0       ;
;      - mef_controle:mf_controle|Mux37~0                   ; 0                 ; 0       ;
;      - banco_poligonos:b_poligonos|Decoder0~0             ; 0                 ; 0       ;
;      - banco_poligonos:b_poligonos|Decoder0~1             ; 0                 ; 0       ;
;      - mef_controle:mf_controle|poly_read_addr[2]~2       ; 0                 ; 0       ;
; SW[1]                                                     ;                   ;         ;
;      - mef_controle:mf_controle|tilemap_data[1]~1         ; 1                 ; 0       ;
;      - mef_controle:mf_controle|Mux57~0                   ; 1                 ; 0       ;
;      - mef_controle:mf_controle|Mux48~11                  ; 1                 ; 0       ;
;      - mef_controle:mf_controle|Mux57~4                   ; 1                 ; 0       ;
;      - mef_controle:mf_controle|Mux46~11                  ; 1                 ; 0       ;
;      - mef_controle:mf_controle|Mux16~3                   ; 1                 ; 0       ;
;      - mef_controle:mf_controle|Mux13~2                   ; 1                 ; 0       ;
;      - mef_controle:mf_controle|bg_write_data[0]~1        ; 1                 ; 0       ;
;      - mef_controle:mf_controle|bg_write_data[14]~13      ; 1                 ; 0       ;
; SW[2]                                                     ;                   ;         ;
;      - mef_controle:mf_controle|Add10~25                  ; 0                 ; 0       ;
;      - mef_controle:mf_controle|Add10~21                  ; 0                 ; 0       ;
;      - mef_controle:mf_controle|Add10~17                  ; 0                 ; 0       ;
;      - mef_controle:mf_controle|Add10~13                  ; 0                 ; 0       ;
;      - mef_controle:mf_controle|Add10~9                   ; 0                 ; 0       ;
;      - mef_controle:mf_controle|Add10~5                   ; 0                 ; 0       ;
;      - mef_controle:mf_controle|Add10~1                   ; 0                 ; 0       ;
;      - mef_controle:mf_controle|Add14~29                  ; 0                 ; 0       ;
;      - mef_controle:mf_controle|Add14~9                   ; 0                 ; 0       ;
;      - mef_controle:mf_controle|Add14~21                  ; 0                 ; 0       ;
;      - mef_controle:mf_controle|Add14~25                  ; 0                 ; 0       ;
;      - mef_controle:mf_controle|Add14~17                  ; 0                 ; 0       ;
;      - mef_controle:mf_controle|Add14~13                  ; 0                 ; 0       ;
;      - mef_controle:mf_controle|Add14~1                   ; 0                 ; 0       ;
;      - mef_controle:mf_controle|Add14~5                   ; 0                 ; 0       ;
;      - mef_controle:mf_controle|tilemap_data[2]~2         ; 0                 ; 0       ;
;      - mef_controle:mf_controle|Mux57~0                   ; 0                 ; 0       ;
;      - mef_controle:mf_controle|Mux61~0                   ; 0                 ; 0       ;
;      - mef_controle:mf_controle|Mux45~10                  ; 0                 ; 0       ;
;      - mef_controle:mf_controle|Mux45~11                  ; 0                 ; 0       ;
;      - mef_controle:mf_controle|Mux12~2                   ; 0                 ; 0       ;
;      - mef_controle:mf_controle|bg_write_data[0]~0        ; 0                 ; 0       ;
;      - mef_controle:mf_controle|bg_write_data[14]~12      ; 0                 ; 0       ;
;      - mef_controle:mf_controle|bg_write_data[14]~17      ; 0                 ; 0       ;
; SW[3]                                                     ;                   ;         ;
;      - mef_controle:mf_controle|tilemap_data[3]~3         ; 0                 ; 0       ;
;      - mef_controle:mf_controle|Mux57~0                   ; 0                 ; 0       ;
;      - mef_controle:mf_controle|Mux61~0                   ; 0                 ; 0       ;
;      - mef_controle:mf_controle|Mux44~14                  ; 0                 ; 0       ;
;      - mef_controle:mf_controle|Mux44~15                  ; 0                 ; 0       ;
;      - mef_controle:mf_controle|Mux11~2                   ; 0                 ; 0       ;
;      - mef_controle:mf_controle|bg_write_data[0]~0        ; 0                 ; 0       ;
;      - mef_controle:mf_controle|bg_write_data[14]~12      ; 0                 ; 0       ;
;      - mef_controle:mf_controle|bg_write_data[14]~17      ; 0                 ; 0       ;
; SW[4]                                                     ;                   ;         ;
;      - mef_controle:mf_controle|Mux10~10                  ; 1                 ; 0       ;
;      - mef_controle:mf_controle|tilemap_data[4]~4         ; 1                 ; 0       ;
;      - mef_controle:mf_controle|Mux43~10                  ; 1                 ; 0       ;
;      - mef_controle:mf_controle|Mux43~11                  ; 1                 ; 0       ;
;      - mef_controle:mf_controle|Mux7~4                    ; 1                 ; 0       ;
; KEY[2]                                                    ;                   ;         ;
;      - mef_controle:mf_controle|key2_sr~2                 ; 1                 ; 0       ;
+-----------------------------------------------------------+-------------------+---------+


+---------------------------------------------------------------------------------------------------------------------------------------------------------------------------------------------------------------------------------------------------------------------------------------------------------------+
; Control Signals                                                                                                                                                                                                                                                                                               ;
+-------------------------------------------------------------------------------------------------------------------------------------------------------+----------------------+---------+---------------------------------------+--------+----------------------+------------------+---------------------------+
; Name                                                                                                                                                  ; Location             ; Fan-Out ; Usage                                 ; Global ; Global Resource Used ; Global Line Name ; Enable Signal Source Name ;
+-------------------------------------------------------------------------------------------------------------------------------------------------------+----------------------+---------+---------------------------------------+--------+----------------------+------------------+---------------------------+
; CLOCK_50                                                                                                                                              ; PIN_AF14             ; 1       ; Clock                                 ; no     ; --                   ; --               ; --                        ;
; KEY[0]                                                                                                                                                ; PIN_AA14             ; 1321    ; Async. clear, Sync. clear, Sync. load ; no     ; --                   ; --               ; --                        ;
; banco_background:b_background|reg_array[1][28]~0                                                                                                      ; LABCELL_X35_Y17_N45  ; 32      ; Clock enable                          ; no     ; --                   ; --               ; --                        ;
; banco_background:b_background|reg_array[2][9]~1                                                                                                       ; LABCELL_X35_Y17_N42  ; 32      ; Clock enable                          ; no     ; --                   ; --               ; --                        ;
; banco_poligonos:b_poligonos|registradores[0][15]~4                                                                                                    ; MLABCELL_X25_Y25_N39 ; 32      ; Clock enable                          ; no     ; --                   ; --               ; --                        ;
; banco_poligonos:b_poligonos|registradores[1][28]~5                                                                                                    ; MLABCELL_X25_Y25_N21 ; 32      ; Clock enable                          ; no     ; --                   ; --               ; --                        ;
; banco_poligonos:b_poligonos|registradores[2][23]~3                                                                                                    ; MLABCELL_X25_Y25_N18 ; 32      ; Clock enable                          ; no     ; --                   ; --               ; --                        ;
; banco_poligonos:b_poligonos|registradores[3][9]~2                                                                                                     ; MLABCELL_X25_Y25_N51 ; 32      ; Clock enable                          ; no     ; --                   ; --               ; --                        ;
; banco_poligonos:b_poligonos|registradores[4][31]~6                                                                                                    ; MLABCELL_X25_Y25_N27 ; 32      ; Clock enable                          ; no     ; --                   ; --               ; --                        ;
; banco_poligonos:b_poligonos|registradores[5][3]~1                                                                                                     ; MLABCELL_X25_Y25_N0  ; 32      ; Clock enable                          ; no     ; --                   ; --               ; --                        ;
; banco_poligonos:b_poligonos|registradores[6][31]~0                                                                                                    ; MLABCELL_X25_Y25_N12 ; 32      ; Clock enable                          ; no     ; --                   ; --               ; --                        ;
; banco_poligonos:b_poligonos|registradores[7][28]~7                                                                                                    ; MLABCELL_X25_Y25_N30 ; 32      ; Clock enable                          ; no     ; --                   ; --               ; --                        ;
; banco_sprites:b_sprites|registradores[0][9]~11                                                                                                        ; LABCELL_X45_Y31_N51  ; 25      ; Clock enable                          ; no     ; --                   ; --               ; --                        ;
; banco_sprites:b_sprites|registradores[10][24]~20                                                                                                      ; LABCELL_X45_Y30_N54  ; 25      ; Clock enable                          ; no     ; --                   ; --               ; --                        ;
; banco_sprites:b_sprites|registradores[11][15]~10                                                                                                      ; LABCELL_X45_Y31_N3   ; 25      ; Clock enable                          ; no     ; --                   ; --               ; --                        ;
; banco_sprites:b_sprites|registradores[12][20]~9                                                                                                       ; MLABCELL_X52_Y27_N54 ; 25      ; Clock enable                          ; no     ; --                   ; --               ; --                        ;
; banco_sprites:b_sprites|registradores[13][16]~23                                                                                                      ; LABCELL_X46_Y31_N54  ; 25      ; Clock enable                          ; no     ; --                   ; --               ; --                        ;
; banco_sprites:b_sprites|registradores[14][23]~22                                                                                                      ; LABCELL_X45_Y30_N48  ; 25      ; Clock enable                          ; no     ; --                   ; --               ; --                        ;
; banco_sprites:b_sprites|registradores[15][11]~25                                                                                                      ; MLABCELL_X39_Y25_N51 ; 25      ; Clock enable                          ; no     ; --                   ; --               ; --                        ;
; banco_sprites:b_sprites|registradores[16][9]~24                                                                                                       ; LABCELL_X45_Y25_N21  ; 25      ; Clock enable                          ; no     ; --                   ; --               ; --                        ;
; banco_sprites:b_sprites|registradores[17][20]~27                                                                                                      ; LABCELL_X48_Y31_N0   ; 25      ; Clock enable                          ; no     ; --                   ; --               ; --                        ;
; banco_sprites:b_sprites|registradores[18][31]~26                                                                                                      ; MLABCELL_X34_Y23_N48 ; 25      ; Clock enable                          ; no     ; --                   ; --               ; --                        ;
; banco_sprites:b_sprites|registradores[19][17]~29                                                                                                      ; LABCELL_X45_Y23_N57  ; 25      ; Clock enable                          ; no     ; --                   ; --               ; --                        ;
; banco_sprites:b_sprites|registradores[1][30]~13                                                                                                       ; LABCELL_X42_Y31_N0   ; 25      ; Clock enable                          ; no     ; --                   ; --               ; --                        ;
; banco_sprites:b_sprites|registradores[20][20]~28                                                                                                      ; LABCELL_X46_Y27_N3   ; 25      ; Clock enable                          ; no     ; --                   ; --               ; --                        ;
; banco_sprites:b_sprites|registradores[21][29]~8                                                                                                       ; LABCELL_X53_Y27_N48  ; 25      ; Clock enable                          ; no     ; --                   ; --               ; --                        ;
; banco_sprites:b_sprites|registradores[22][14]~7                                                                                                       ; MLABCELL_X52_Y23_N12 ; 25      ; Clock enable                          ; no     ; --                   ; --               ; --                        ;
; banco_sprites:b_sprites|registradores[23][16]~31                                                                                                      ; LABCELL_X40_Y21_N48  ; 25      ; Clock enable                          ; no     ; --                   ; --               ; --                        ;
; banco_sprites:b_sprites|registradores[24][25]~30                                                                                                      ; LABCELL_X48_Y31_N54  ; 25      ; Clock enable                          ; no     ; --                   ; --               ; --                        ;
; banco_sprites:b_sprites|registradores[25][18]~6                                                                                                       ; LABCELL_X45_Y25_N6   ; 25      ; Clock enable                          ; no     ; --                   ; --               ; --                        ;
; banco_sprites:b_sprites|registradores[26][15]~5                                                                                                       ; LABCELL_X50_Y21_N42  ; 25      ; Clock enable                          ; no     ; --                   ; --               ; --                        ;
; banco_sprites:b_sprites|registradores[27][24]~4                                                                                                       ; LABCELL_X48_Y27_N45  ; 25      ; Clock enable                          ; no     ; --                   ; --               ; --                        ;
; banco_sprites:b_sprites|registradores[28][22]~3                                                                                                       ; LABCELL_X51_Y27_N15  ; 25      ; Clock enable                          ; no     ; --                   ; --               ; --                        ;
; banco_sprites:b_sprites|registradores[29][28]~2                                                                                                       ; LABCELL_X45_Y19_N21  ; 25      ; Clock enable                          ; no     ; --                   ; --               ; --                        ;
; banco_sprites:b_sprites|registradores[2][13]~12                                                                                                       ; LABCELL_X46_Y31_N27  ; 25      ; Clock enable                          ; no     ; --                   ; --               ; --                        ;
; banco_sprites:b_sprites|registradores[30][10]~1                                                                                                       ; LABCELL_X43_Y19_N42  ; 25      ; Clock enable                          ; no     ; --                   ; --               ; --                        ;
; banco_sprites:b_sprites|registradores[31][21]~0                                                                                                       ; LABCELL_X55_Y21_N36  ; 25      ; Clock enable                          ; no     ; --                   ; --               ; --                        ;
; banco_sprites:b_sprites|registradores[3][7]~15                                                                                                        ; LABCELL_X46_Y31_N6   ; 25      ; Clock enable                          ; no     ; --                   ; --               ; --                        ;
; banco_sprites:b_sprites|registradores[4][12]~14                                                                                                       ; LABCELL_X45_Y31_N48  ; 25      ; Clock enable                          ; no     ; --                   ; --               ; --                        ;
; banco_sprites:b_sprites|registradores[5][12]~17                                                                                                       ; LABCELL_X45_Y31_N0   ; 25      ; Clock enable                          ; no     ; --                   ; --               ; --                        ;
; banco_sprites:b_sprites|registradores[6][19]~16                                                                                                       ; LABCELL_X46_Y31_N0   ; 25      ; Clock enable                          ; no     ; --                   ; --               ; --                        ;
; banco_sprites:b_sprites|registradores[7][7]~19                                                                                                        ; LABCELL_X45_Y30_N36  ; 25      ; Clock enable                          ; no     ; --                   ; --               ; --                        ;
; banco_sprites:b_sprites|registradores[8][20]~18                                                                                                       ; LABCELL_X50_Y28_N42  ; 25      ; Clock enable                          ; no     ; --                   ; --               ; --                        ;
; banco_sprites:b_sprites|registradores[9][8]~21                                                                                                        ; LABCELL_X40_Y26_N0   ; 25      ; Clock enable                          ; no     ; --                   ; --               ; --                        ;
; clk_25                                                                                                                                                ; FF_X40_Y24_N26       ; 1461    ; Clock                                 ; no     ; --                   ; --               ; --                        ;
; frame_buffer:f_buffer|ram_framebufferi:ram_a|altsyncram:altsyncram_component|altsyncram_7js1:auto_generated|decode_g2a:rden_decode_b|w_anode1000w[3]  ; LABCELL_X40_Y15_N54  ; 16      ; Clock enable                          ; no     ; --                   ; --               ; --                        ;
; frame_buffer:f_buffer|ram_framebufferi:ram_a|altsyncram:altsyncram_component|altsyncram_7js1:auto_generated|decode_g2a:rden_decode_b|w_anode1011w[3]  ; LABCELL_X35_Y20_N51  ; 8       ; Clock enable                          ; no     ; --                   ; --               ; --                        ;
; frame_buffer:f_buffer|ram_framebufferi:ram_a|altsyncram:altsyncram_component|altsyncram_7js1:auto_generated|decode_g2a:rden_decode_b|w_anode913w[3]   ; LABCELL_X40_Y15_N3   ; 16      ; Clock enable                          ; no     ; --                   ; --               ; --                        ;
; frame_buffer:f_buffer|ram_framebufferi:ram_a|altsyncram:altsyncram_component|altsyncram_7js1:auto_generated|decode_g2a:rden_decode_b|w_anode930w[3]~0 ; LABCELL_X40_Y15_N33  ; 16      ; Clock enable                          ; no     ; --                   ; --               ; --                        ;
; frame_buffer:f_buffer|ram_framebufferi:ram_a|altsyncram:altsyncram_component|altsyncram_7js1:auto_generated|decode_g2a:rden_decode_b|w_anode940w[3]~0 ; LABCELL_X40_Y15_N24  ; 16      ; Clock enable                          ; no     ; --                   ; --               ; --                        ;
; frame_buffer:f_buffer|ram_framebufferi:ram_a|altsyncram:altsyncram_component|altsyncram_7js1:auto_generated|decode_g2a:rden_decode_b|w_anode950w[3]~0 ; LABCELL_X40_Y15_N42  ; 16      ; Clock enable                          ; no     ; --                   ; --               ; --                        ;
; frame_buffer:f_buffer|ram_framebufferi:ram_a|altsyncram:altsyncram_component|altsyncram_7js1:auto_generated|decode_g2a:rden_decode_b|w_anode960w[3]~0 ; LABCELL_X40_Y15_N48  ; 16      ; Clock enable                          ; no     ; --                   ; --               ; --                        ;
; frame_buffer:f_buffer|ram_framebufferi:ram_a|altsyncram:altsyncram_component|altsyncram_7js1:auto_generated|decode_g2a:rden_decode_b|w_anode970w[3]~0 ; LABCELL_X40_Y15_N6   ; 16      ; Clock enable                          ; no     ; --                   ; --               ; --                        ;
; frame_buffer:f_buffer|ram_framebufferi:ram_a|altsyncram:altsyncram_component|altsyncram_7js1:auto_generated|decode_g2a:rden_decode_b|w_anode980w[3]~0 ; LABCELL_X40_Y15_N39  ; 16      ; Clock enable                          ; no     ; --                   ; --               ; --                        ;
; frame_buffer:f_buffer|ram_framebufferi:ram_a|altsyncram:altsyncram_component|altsyncram_7js1:auto_generated|decode_g2a:rden_decode_b|w_anode990w[3]~0 ; LABCELL_X35_Y20_N48  ; 16      ; Clock enable                          ; no     ; --                   ; --               ; --                        ;
; frame_buffer:f_buffer|ram_framebufferi:ram_a|altsyncram:altsyncram_component|altsyncram_7js1:auto_generated|decode_nma:decode2|w_anode731w[3]         ; LABCELL_X50_Y27_N39  ; 8       ; Clock enable, Write enable            ; no     ; --                   ; --               ; --                        ;
; frame_buffer:f_buffer|ram_framebufferi:ram_a|altsyncram:altsyncram_component|altsyncram_7js1:auto_generated|decode_nma:decode2|w_anode748w[3]         ; LABCELL_X50_Y27_N45  ; 8       ; Clock enable, Write enable            ; no     ; --                   ; --               ; --                        ;
; frame_buffer:f_buffer|ram_framebufferi:ram_a|altsyncram:altsyncram_component|altsyncram_7js1:auto_generated|decode_nma:decode2|w_anode758w[3]         ; LABCELL_X50_Y27_N51  ; 8       ; Clock enable, Write enable            ; no     ; --                   ; --               ; --                        ;
; frame_buffer:f_buffer|ram_framebufferi:ram_a|altsyncram:altsyncram_component|altsyncram_7js1:auto_generated|decode_nma:decode2|w_anode768w[3]         ; LABCELL_X50_Y27_N21  ; 8       ; Clock enable, Write enable            ; no     ; --                   ; --               ; --                        ;
; frame_buffer:f_buffer|ram_framebufferi:ram_a|altsyncram:altsyncram_component|altsyncram_7js1:auto_generated|decode_nma:decode2|w_anode778w[3]         ; LABCELL_X50_Y27_N24  ; 8       ; Clock enable, Write enable            ; no     ; --                   ; --               ; --                        ;
; frame_buffer:f_buffer|ram_framebufferi:ram_a|altsyncram:altsyncram_component|altsyncram_7js1:auto_generated|decode_nma:decode2|w_anode788w[3]         ; LABCELL_X50_Y27_N3   ; 8       ; Clock enable, Write enable            ; no     ; --                   ; --               ; --                        ;
; frame_buffer:f_buffer|ram_framebufferi:ram_a|altsyncram:altsyncram_component|altsyncram_7js1:auto_generated|decode_nma:decode2|w_anode798w[3]         ; LABCELL_X50_Y27_N6   ; 8       ; Clock enable, Write enable            ; no     ; --                   ; --               ; --                        ;
; frame_buffer:f_buffer|ram_framebufferi:ram_a|altsyncram:altsyncram_component|altsyncram_7js1:auto_generated|decode_nma:decode2|w_anode808w[3]         ; LABCELL_X42_Y32_N36  ; 8       ; Clock enable, Write enable            ; no     ; --                   ; --               ; --                        ;
; frame_buffer:f_buffer|ram_framebufferi:ram_a|altsyncram:altsyncram_component|altsyncram_7js1:auto_generated|decode_nma:decode2|w_anode827w[3]~0       ; LABCELL_X50_Y27_N48  ; 8       ; Clock enable, Write enable            ; no     ; --                   ; --               ; --                        ;
; frame_buffer:f_buffer|ram_framebufferi:ram_a|altsyncram:altsyncram_component|altsyncram_7js1:auto_generated|decode_nma:decode2|w_anode838w[3]~0       ; LABCELL_X50_Y27_N18  ; 4       ; Clock enable, Write enable            ; no     ; --                   ; --               ; --                        ;
; frame_buffer:f_buffer|ram_framebufferii:ram_b|altsyncram:altsyncram_component|altsyncram_7js1:auto_generated|decode_nma:decode2|w_anode731w[3]        ; LABCELL_X42_Y32_N45  ; 8       ; Clock enable, Write enable            ; no     ; --                   ; --               ; --                        ;
; frame_buffer:f_buffer|ram_framebufferii:ram_b|altsyncram:altsyncram_component|altsyncram_7js1:auto_generated|decode_nma:decode2|w_anode748w[3]        ; LABCELL_X50_Y27_N15  ; 8       ; Clock enable, Write enable            ; no     ; --                   ; --               ; --                        ;
; frame_buffer:f_buffer|ram_framebufferii:ram_b|altsyncram:altsyncram_component|altsyncram_7js1:auto_generated|decode_nma:decode2|w_anode758w[3]        ; LABCELL_X50_Y27_N30  ; 8       ; Clock enable, Write enable            ; no     ; --                   ; --               ; --                        ;
; frame_buffer:f_buffer|ram_framebufferii:ram_b|altsyncram:altsyncram_component|altsyncram_7js1:auto_generated|decode_nma:decode2|w_anode768w[3]        ; LABCELL_X50_Y27_N42  ; 8       ; Clock enable, Write enable            ; no     ; --                   ; --               ; --                        ;
; frame_buffer:f_buffer|ram_framebufferii:ram_b|altsyncram:altsyncram_component|altsyncram_7js1:auto_generated|decode_nma:decode2|w_anode778w[3]        ; LABCELL_X50_Y27_N12  ; 8       ; Clock enable, Write enable            ; no     ; --                   ; --               ; --                        ;
; frame_buffer:f_buffer|ram_framebufferii:ram_b|altsyncram:altsyncram_component|altsyncram_7js1:auto_generated|decode_nma:decode2|w_anode788w[3]        ; LABCELL_X50_Y27_N54  ; 8       ; Clock enable, Write enable            ; no     ; --                   ; --               ; --                        ;
; frame_buffer:f_buffer|ram_framebufferii:ram_b|altsyncram:altsyncram_component|altsyncram_7js1:auto_generated|decode_nma:decode2|w_anode798w[3]        ; LABCELL_X50_Y27_N57  ; 8       ; Clock enable, Write enable            ; no     ; --                   ; --               ; --                        ;
; frame_buffer:f_buffer|ram_framebufferii:ram_b|altsyncram:altsyncram_component|altsyncram_7js1:auto_generated|decode_nma:decode2|w_anode808w[3]        ; LABCELL_X50_Y27_N0   ; 8       ; Clock enable, Write enable            ; no     ; --                   ; --               ; --                        ;
; frame_buffer:f_buffer|ram_framebufferii:ram_b|altsyncram:altsyncram_component|altsyncram_7js1:auto_generated|decode_nma:decode2|w_anode827w[3]~0      ; LABCELL_X50_Y27_N33  ; 8       ; Clock enable, Write enable            ; no     ; --                   ; --               ; --                        ;
; frame_buffer:f_buffer|ram_framebufferii:ram_b|altsyncram:altsyncram_component|altsyncram_7js1:auto_generated|decode_nma:decode2|w_anode838w[3]~0      ; LABCELL_X42_Y32_N54  ; 4       ; Clock enable, Write enable            ; no     ; --                   ; --               ; --                        ;
; mef_controle:mf_controle|estado[1]~1                                                                                                                  ; LABCELL_X33_Y20_N6   ; 4       ; Clock enable                          ; no     ; --                   ; --               ; --                        ;
; mef_controle:mf_controle|tilemap_addr[2]~0                                                                                                            ; LABCELL_X33_Y22_N24  ; 11      ; Clock enable, Write enable            ; no     ; --                   ; --               ; --                        ;
; motor_poligonos:m_poligonos|always0~16                                                                                                                ; LABCELL_X18_Y26_N36  ; 9       ; Sync. load                            ; no     ; --                   ; --               ; --                        ;
; motor_poligonos:m_poligonos|poly_color_r1[1]~7                                                                                                        ; LABCELL_X16_Y26_N42  ; 8       ; Sync. clear                           ; no     ; --                   ; --               ; --                        ;
; motor_sprites:m_sprites|always2~0                                                                                                                     ; LABCELL_X53_Y20_N45  ; 9       ; Sync. load                            ; no     ; --                   ; --               ; --                        ;
; motor_sprites:m_sprites|sprite_color_out[2]~2                                                                                                         ; LABCELL_X55_Y21_N6   ; 8       ; Sync. clear                           ; no     ; --                   ; --               ; --                        ;
; vga_driver:vga_d|Equal0~2                                                                                                                             ; MLABCELL_X25_Y28_N18 ; 32      ; Clock enable, Sync. clear             ; no     ; --                   ; --               ; --                        ;
; vga_driver:vga_d|Equal1~2                                                                                                                             ; LABCELL_X23_Y26_N54  ; 19      ; Sync. clear                           ; no     ; --                   ; --               ; --                        ;
+-------------------------------------------------------------------------------------------------------------------------------------------------------+----------------------+---------+---------------------------------------+--------+----------------------+------------------+---------------------------+


+----------------------------------------+
; Non-Global High Fan-Out Signals        ;
+------------------------------+---------+
; Name                         ; Fan-Out ;
+------------------------------+---------+
; clk_25                       ; 1614    ;
; KEY[0]~input                 ; 1321    ;
; vga_driver:vga_d|LessThan4~0 ; 563     ;
+------------------------------+---------+


+-----------------------------------------------------------------------------------------------------------------------------------------------------------------------------------------------------------------------------------------------------------------------------------------------------------------------------------------------------------------------------------------------------------------------------------------------------------------------------------------------------------------------------------------------------------------------------------------------------------------------------------------------------------------------------------------------------------------------------------------------------------------------------------------------------------------------------------------------------------------------------------------------------------------------------------------------------------------------------------------------------------------------------------------------------------------------------------------------------------------------------------------------------------------------------------------------------------------------------------------------------------------------------------------------------------------------------------------------------------------------------------------------------------------------------------------------------------------------------------------------------------------------------------------------------------------------------------------------------------------------------------------------------------------------------------------------------------------------------------------------------------------------------------------------------------------------------------------------------------------------------------------------------------------------------------------------------------------------------------------------------------------------------+
; Fitter RAM Summary                                                                                                                                                                                                                                                                                                                                                                                                                                                                                                                                                                                                                                                                                                                                                                                                                                                                                                                                                                                                                                                                                                                                                                                                                                                                                                                                                                                                                                                                                                                                                                                                                                                                                                                                                                                                                                                                                                                                                                                                          ;
+----------------------------------------------------------------------------------------------------------------------------------------+------------+------------------+--------------+--------------+--------------+--------------+--------------+------------------------+-------------------------+------------------------+-------------------------+--------+-----------------------------+-----------------------------+-----------------------------+-----------------------------+---------------------+-------------+-------+---------------------+-----------------------------------------------------------------------------------------------------------------------------------------------------------------------------------------------------------------------------------------------------------------------------------------------------------------------------------------------------------------------------------------------------------------------------------------------------------------------------------------------------------------------------------------------------------------------------------------------------------------------------------------------------------------------------------------------------------------------------------------------------------------------------------------------------------------------------------------------------------------------------------------------------------------------------------------------------------------------------------------------------------------------------------------------------------------------------------------------------------------------------------------------------------------------------------------------------------------------------------------------------------------------------------------------------------------------------------------+----------------------+-----------------+-----------------+----------+------------------------+-----------------------+
; Name                                                                                                                                   ; Type       ; Mode             ; Clock Mode   ; Port A Depth ; Port A Width ; Port B Depth ; Port B Width ; Port A Input Registers ; Port A Output Registers ; Port B Input Registers ; Port B Output Registers ; Size   ; Implementation Port A Depth ; Implementation Port A Width ; Implementation Port B Depth ; Implementation Port B Width ; Implementation Bits ; M10K blocks ; MLABs ; MIF                 ; Location                                                                                                                                                                                                                                                                                                                                                                                                                                                                                                                                                                                                                                                                                                                                                                                                                                                                                                                                                                                                                                                                                                                                                                                                                                                                                                                                ; Mixed Width RDW Mode ; Port A RDW Mode ; Port B RDW Mode ; ECC Mode ; ECC Pipeline Registers ; Fits in MLABs         ;
+----------------------------------------------------------------------------------------------------------------------------------------+------------+------------------+--------------+--------------+--------------+--------------+--------------+------------------------+-------------------------+------------------------+-------------------------+--------+-----------------------------+-----------------------------+-----------------------------+-----------------------------+---------------------+-------------+-------+---------------------+-----------------------------------------------------------------------------------------------------------------------------------------------------------------------------------------------------------------------------------------------------------------------------------------------------------------------------------------------------------------------------------------------------------------------------------------------------------------------------------------------------------------------------------------------------------------------------------------------------------------------------------------------------------------------------------------------------------------------------------------------------------------------------------------------------------------------------------------------------------------------------------------------------------------------------------------------------------------------------------------------------------------------------------------------------------------------------------------------------------------------------------------------------------------------------------------------------------------------------------------------------------------------------------------------------------------------------------------+----------------------+-----------------+-----------------+----------+------------------------+-----------------------+
; frame_buffer:f_buffer|ram_framebufferi:ram_a|altsyncram:altsyncram_component|altsyncram_7js1:auto_generated|ALTSYNCRAM                 ; M10K block ; Simple Dual Port ; Single Clock ; 76800        ; 8            ; 76800        ; 8            ; yes                    ; no                      ; yes                    ; no                      ; 614400 ; 76800                       ; 8                           ; 76800                       ; 8                           ; 614400              ; 76          ; 0     ; None                ; M10K_X26_Y10_N0, M10K_X41_Y10_N0, M10K_X38_Y10_N0, M10K_X41_Y18_N0, M10K_X26_Y21_N0, M10K_X14_Y20_N0, M10K_X26_Y14_N0, M10K_X41_Y30_N0, M10K_X38_Y28_N0, M10K_X49_Y12_N0, M10K_X38_Y33_N0, M10K_X41_Y9_N0, M10K_X38_Y9_N0, M10K_X38_Y24_N0, M10K_X41_Y21_N0, M10K_X41_Y23_N0, M10K_X38_Y15_N0, M10K_X26_Y33_N0, M10K_X26_Y13_N0, M10K_X69_Y24_N0, M10K_X41_Y19_N0, M10K_X38_Y23_N0, M10K_X26_Y25_N0, M10K_X26_Y28_N0, M10K_X41_Y12_N0, M10K_X38_Y14_N0, M10K_X41_Y32_N0, M10K_X41_Y37_N0, M10K_X38_Y37_N0, M10K_X41_Y34_N0, M10K_X58_Y28_N0, M10K_X38_Y32_N0, M10K_X49_Y32_N0, M10K_X41_Y27_N0, M10K_X49_Y23_N0, M10K_X49_Y21_N0, M10K_X58_Y35_N0, M10K_X38_Y38_N0, M10K_X49_Y10_N0, M10K_X49_Y20_N0, M10K_X49_Y31_N0, M10K_X41_Y15_N0, M10K_X69_Y23_N0, M10K_X38_Y8_N0, M10K_X49_Y19_N0, M10K_X26_Y34_N0, M10K_X38_Y27_N0, M10K_X49_Y35_N0, M10K_X49_Y26_N0, M10K_X58_Y24_N0, M10K_X58_Y10_N0, M10K_X49_Y27_N0, M10K_X26_Y24_N0, M10K_X58_Y21_N0, M10K_X41_Y17_N0, M10K_X38_Y25_N0, M10K_X41_Y29_N0, M10K_X26_Y32_N0, M10K_X41_Y11_N0, M10K_X38_Y11_N0, M10K_X49_Y30_N0, M10K_X38_Y21_N0, M10K_X58_Y20_N0, M10K_X49_Y18_N0, M10K_X41_Y25_N0, M10K_X26_Y26_N0, M10K_X49_Y13_N0, M10K_X69_Y25_N0, M10K_X41_Y13_N0, M10K_X58_Y30_N0, M10K_X26_Y15_N0, M10K_X49_Y29_N0, M10K_X38_Y16_N0, M10K_X41_Y16_N0, M10K_X58_Y25_N0, M10K_X38_Y30_N0 ; Don't care           ; New data        ; New data        ; Off      ; No                     ; No - Address Too Wide ;
; frame_buffer:f_buffer|ram_framebufferii:ram_b|altsyncram:altsyncram_component|altsyncram_7js1:auto_generated|ALTSYNCRAM                ; M10K block ; Simple Dual Port ; Single Clock ; 76800        ; 8            ; 76800        ; 8            ; yes                    ; no                      ; yes                    ; no                      ; 614400 ; 76800                       ; 8                           ; 76800                       ; 8                           ; 614400              ; 76          ; 0     ; None                ; M10K_X41_Y24_N0, M10K_X69_Y22_N0, M10K_X14_Y22_N0, M10K_X38_Y29_N0, M10K_X41_Y33_N0, M10K_X49_Y33_N0, M10K_X69_Y29_N0, M10K_X14_Y25_N0, M10K_X26_Y16_N0, M10K_X58_Y12_N0, M10K_X58_Y19_N0, M10K_X26_Y9_N0, M10K_X38_Y19_N0, M10K_X38_Y34_N0, M10K_X58_Y31_N0, M10K_X41_Y31_N0, M10K_X58_Y33_N0, M10K_X58_Y29_N0, M10K_X38_Y35_N0, M10K_X49_Y25_N0, M10K_X26_Y23_N0, M10K_X38_Y22_N0, M10K_X26_Y27_N0, M10K_X41_Y26_N0, M10K_X49_Y34_N0, M10K_X38_Y26_N0, M10K_X38_Y12_N0, M10K_X38_Y36_N0, M10K_X26_Y35_N0, M10K_X58_Y23_N0, M10K_X58_Y22_N0, M10K_X49_Y22_N0, M10K_X41_Y38_N0, M10K_X58_Y26_N0, M10K_X41_Y36_N0, M10K_X49_Y24_N0, M10K_X58_Y27_N0, M10K_X49_Y36_N0, M10K_X41_Y14_N0, M10K_X49_Y9_N0, M10K_X41_Y22_N0, M10K_X69_Y28_N0, M10K_X69_Y26_N0, M10K_X41_Y35_N0, M10K_X58_Y34_N0, M10K_X26_Y22_N0, M10K_X26_Y19_N0, M10K_X41_Y8_N0, M10K_X58_Y14_N0, M10K_X49_Y8_N0, M10K_X26_Y12_N0, M10K_X26_Y29_N0, M10K_X26_Y20_N0, M10K_X14_Y24_N0, M10K_X38_Y17_N0, M10K_X14_Y23_N0, M10K_X26_Y8_N0, M10K_X58_Y16_N0, M10K_X49_Y14_N0, M10K_X49_Y11_N0, M10K_X26_Y30_N0, M10K_X58_Y13_N0, M10K_X41_Y28_N0, M10K_X58_Y32_N0, M10K_X49_Y15_N0, M10K_X49_Y16_N0, M10K_X38_Y20_N0, M10K_X41_Y20_N0, M10K_X58_Y11_N0, M10K_X26_Y11_N0, M10K_X69_Y27_N0, M10K_X58_Y15_N0, M10K_X38_Y31_N0, M10K_X26_Y31_N0, M10K_X38_Y13_N0, M10K_X49_Y28_N0   ; Don't care           ; New data        ; New data        ; Off      ; No                     ; No - Address Too Wide ;
; motor_background:m_background|ram_tilemap:ip_memoria_cenario|altsyncram:altsyncram_component|altsyncram_uju1:auto_generated|ALTSYNCRAM ; M10K block ; Simple Dual Port ; Single Clock ; 2400         ; 8            ; 2400         ; 8            ; yes                    ; no                      ; yes                    ; no                      ; 19200  ; 2048                        ; 5                           ; 2048                        ; 5                           ; 10240               ; 1           ; 0     ; cenario.mif         ; M10K_X38_Y18_N0                                                                                                                                                                                                                                                                                                                                                                                                                                                                                                                                                                                                                                                                                                                                                                                                                                                                                                                                                                                                                                                                                                                                                                                                                                                                                                                         ; Don't care           ; New data        ; New data        ; Off      ; No                     ; No - Address Too Wide ;
; rom_padroes:r_padroes_sprites|altsyncram:altsyncram_component|altsyncram_v4d2:auto_generated|ALTSYNCRAM                                ; M10K block ; True Dual Port   ; Single Clock ; 14336        ; 8            ; 14336        ; 8            ; yes                    ; no                      ; yes                    ; no                      ; 114688 ; 8192                        ; 8                           ; 8192                        ; 8                           ; 65536               ; 8           ; 0     ; padroes_sprites.mif ; M10K_X58_Y18_N0, M10K_X69_Y21_N0, M10K_X69_Y19_N0, M10K_X58_Y17_N0, M10K_X69_Y20_N0, M10K_X69_Y17_N0, M10K_X49_Y17_N0, M10K_X69_Y18_N0                                                                                                                                                                                                                                                                                                                                                                                                                                                                                                                                                                                                                                                                                                                                                                                                                                                                                                                                                                                                                                                                                                                                                                                                  ; Don't care           ; New data        ; New data        ; Off      ; No                     ; No - Unsupported Mode ;
; rom_tiles:r_padroes_tiles|altsyncram:altsyncram_component|altsyncram_jsi1:auto_generated|ALTSYNCRAM                                    ; M10K block ; ROM              ; Single Clock ; 2048         ; 8            ; --           ; --           ; yes                    ; no                      ; --                     ; --                      ; 16384  ; 2048                        ; 8                           ; --                          ; --                          ; 16384               ; 2           ; 0     ; padroes_tiles.mif   ; M10K_X26_Y17_N0, M10K_X26_Y18_N0                                                                                                                                                                                                                                                                                                                                                                                                                                                                                                                                                                                                                                                                                                                                                                                                                                                                                                                                                                                                                                                                                                                                                                                                                                                                                                        ; Don't care           ; New data        ; New data        ; Off      ; No                     ; No - Address Too Wide ;
+----------------------------------------------------------------------------------------------------------------------------------------+------------+------------------+--------------+--------------+--------------+--------------+--------------+------------------------+-------------------------+------------------------+-------------------------+--------+-----------------------------+-----------------------------+-----------------------------+-----------------------------+---------------------+-------------+-------+---------------------+-----------------------------------------------------------------------------------------------------------------------------------------------------------------------------------------------------------------------------------------------------------------------------------------------------------------------------------------------------------------------------------------------------------------------------------------------------------------------------------------------------------------------------------------------------------------------------------------------------------------------------------------------------------------------------------------------------------------------------------------------------------------------------------------------------------------------------------------------------------------------------------------------------------------------------------------------------------------------------------------------------------------------------------------------------------------------------------------------------------------------------------------------------------------------------------------------------------------------------------------------------------------------------------------------------------------------------------------+----------------------+-----------------+-----------------+----------+------------------------+-----------------------+
Note: Fitter may spread logical memories into multiple blocks to improve timing. The actual required RAM blocks can be found in the Fitter Resource Usage section.


+-------------------------------------------------+
; Fitter DSP Block Usage Summary                  ;
+-----------------------------------+-------------+
; Statistic                         ; Number Used ;
+-----------------------------------+-------------+
; Two Independent 18x18             ; 16          ;
; Total number of DSP blocks        ; 16          ;
;                                   ;             ;
; Fixed Point Mixed Sign Multiplier ; 16          ;
+-----------------------------------+-------------+


+----------------------------------------------------------------------------------------------------------------------------------------------------------------------------------------------------------------------------------------------------------------------------------------------------------------------------------------------------------------------------------------------------------------------------------+
; DSP Block Details                                                                                                                                                                                                                                                                                                                                                                                                                ;
+--------------------------------------+-----------------------+----------------+---------------------+------------------------+------------------------+------------------------+------------------------+------------------------+------------------------+-----------------+--------------------------------+---------------------+-------------------------------+------------------------------+------------------------------+
; Name                                 ; Mode                  ; Location       ; Sign Representation ; Data AX Input Register ; Data AY Input Register ; Data AZ Input Register ; Data BX Input Register ; Data BY Input Register ; Data BZ Input Register ; Output Register ; Dedicated Shift Register Chain ; Dedicated Pre-Adder ; Dedicated Coefficient Storage ; Dedicated Output Adder Chain ; Dedicated Output Accumulator ;
+--------------------------------------+-----------------------+----------------+---------------------+------------------------+------------------------+------------------------+------------------------+------------------------+------------------------+-----------------+--------------------------------+---------------------+-------------------------------+------------------------------+------------------------------+
; motor_poligonos:m_poligonos|Mult6~8  ; Two Independent 18x18 ; DSP_X20_Y24_N0 ; Mixed               ; no                     ; no                     ; --                     ; --                     ; --                     ; --                     ; no              ; no                             ; no                  ; no                            ; no                           ; no                           ;
; motor_poligonos:m_poligonos|Mult7~8  ; Two Independent 18x18 ; DSP_X20_Y20_N0 ; Mixed               ; no                     ; no                     ; --                     ; --                     ; --                     ; --                     ; no              ; no                             ; no                  ; no                            ; no                           ; no                           ;
; motor_poligonos:m_poligonos|Mult4~8  ; Two Independent 18x18 ; DSP_X32_Y28_N0 ; Mixed               ; no                     ; no                     ; --                     ; --                     ; --                     ; --                     ; no              ; no                             ; no                  ; no                            ; no                           ; no                           ;
; motor_poligonos:m_poligonos|Mult5~8  ; Two Independent 18x18 ; DSP_X32_Y26_N0 ; Mixed               ; no                     ; no                     ; --                     ; --                     ; --                     ; --                     ; no              ; no                             ; no                  ; no                            ; no                           ; no                           ;
; motor_poligonos:m_poligonos|Mult2~8  ; Two Independent 18x18 ; DSP_X32_Y24_N0 ; Mixed               ; no                     ; no                     ; --                     ; --                     ; --                     ; --                     ; no              ; no                             ; no                  ; no                            ; no                           ; no                           ;
; motor_poligonos:m_poligonos|Mult3~8  ; Two Independent 18x18 ; DSP_X32_Y22_N0 ; Mixed               ; no                     ; no                     ; --                     ; --                     ; --                     ; --                     ; no              ; no                             ; no                  ; no                            ; no                           ; no                           ;
; motor_poligonos:m_poligonos|Mult12~8 ; Two Independent 18x18 ; DSP_X20_Y33_N0 ; Mixed               ; no                     ; no                     ; --                     ; --                     ; --                     ; --                     ; no              ; no                             ; no                  ; no                            ; no                           ; no                           ;
; motor_poligonos:m_poligonos|Mult13~8 ; Two Independent 18x18 ; DSP_X32_Y33_N0 ; Mixed               ; no                     ; no                     ; --                     ; --                     ; --                     ; --                     ; no              ; no                             ; no                  ; no                            ; no                           ; no                           ;
; motor_poligonos:m_poligonos|Mult10~8 ; Two Independent 18x18 ; DSP_X20_Y35_N0 ; Mixed               ; no                     ; no                     ; --                     ; --                     ; --                     ; --                     ; no              ; no                             ; no                  ; no                            ; no                           ; no                           ;
; motor_poligonos:m_poligonos|Mult11~8 ; Two Independent 18x18 ; DSP_X20_Y37_N0 ; Mixed               ; no                     ; no                     ; --                     ; --                     ; --                     ; --                     ; no              ; no                             ; no                  ; no                            ; no                           ; no                           ;
; motor_poligonos:m_poligonos|Mult8~8  ; Two Independent 18x18 ; DSP_X20_Y30_N0 ; Mixed               ; no                     ; no                     ; --                     ; --                     ; --                     ; --                     ; no              ; no                             ; no                  ; no                            ; no                           ; no                           ;
; motor_poligonos:m_poligonos|Mult9~8  ; Two Independent 18x18 ; DSP_X20_Y28_N0 ; Mixed               ; no                     ; no                     ; --                     ; --                     ; --                     ; --                     ; no              ; no                             ; no                  ; no                            ; no                           ; no                           ;
; motor_poligonos:m_poligonos|Mult14~8 ; Two Independent 18x18 ; DSP_X20_Y26_N0 ; Mixed               ; no                     ; no                     ; --                     ; --                     ; --                     ; --                     ; no              ; no                             ; no                  ; no                            ; no                           ; no                           ;
; motor_poligonos:m_poligonos|Mult15~8 ; Two Independent 18x18 ; DSP_X20_Y22_N0 ; Mixed               ; no                     ; no                     ; --                     ; --                     ; --                     ; --                     ; no              ; no                             ; no                  ; no                            ; no                           ; no                           ;
; motor_poligonos:m_poligonos|Mult0~8  ; Two Independent 18x18 ; DSP_X32_Y20_N0 ; Mixed               ; no                     ; no                     ; --                     ; --                     ; --                     ; --                     ; no              ; no                             ; no                  ; no                            ; no                           ; no                           ;
; motor_poligonos:m_poligonos|Mult1~8  ; Two Independent 18x18 ; DSP_X32_Y18_N0 ; Mixed               ; no                     ; no                     ; --                     ; --                     ; --                     ; --                     ; no              ; no                             ; no                  ; no                            ; no                           ; no                           ;
+--------------------------------------+-----------------------+----------------+---------------------+------------------------+------------------------+------------------------+------------------------+------------------------+------------------------+-----------------+--------------------------------+---------------------+-------------------------------+------------------------------+------------------------------+


+------------------------------------------------------------------------+
; Routing Usage Summary                                                  ;
+---------------------------------------------+--------------------------+
; Routing Resource Type                       ; Usage                    ;
+---------------------------------------------+--------------------------+
; Block interconnects                         ; 16,836 / 289,320 ( 6 % ) ;
; C12 interconnects                           ; 419 / 13,420 ( 3 % )     ;
; C2 interconnects                            ; 5,553 / 119,108 ( 5 % )  ;
; C4 interconnects                            ; 3,073 / 56,300 ( 5 % )   ;
; DQS bus muxes                               ; 0 / 25 ( 0 % )           ;
; DQS-18 I/O buses                            ; 0 / 25 ( 0 % )           ;
; DQS-9 I/O buses                             ; 0 / 25 ( 0 % )           ;
; Direct links                                ; 688 / 289,320 ( < 1 % )  ;
; Global clocks                               ; 0 / 16 ( 0 % )           ;
; HPS SDRAM PLL inputs                        ; 0 / 1 ( 0 % )            ;
; HPS SDRAM PLL outputs                       ; 0 / 1 ( 0 % )            ;
; HPS_INTERFACE_BOOT_FROM_FPGA_INPUTs         ; 0 / 9 ( 0 % )            ;
; HPS_INTERFACE_CLOCKS_RESETS_INPUTs          ; 0 / 7 ( 0 % )            ;
; HPS_INTERFACE_CLOCKS_RESETS_OUTPUTs         ; 0 / 6 ( 0 % )            ;
; HPS_INTERFACE_CROSS_TRIGGER_INPUTs          ; 0 / 18 ( 0 % )           ;
; HPS_INTERFACE_CROSS_TRIGGER_OUTPUTs         ; 0 / 24 ( 0 % )           ;
; HPS_INTERFACE_DBG_APB_INPUTs                ; 0 / 37 ( 0 % )           ;
; HPS_INTERFACE_DBG_APB_OUTPUTs               ; 0 / 55 ( 0 % )           ;
; HPS_INTERFACE_DMA_INPUTs                    ; 0 / 16 ( 0 % )           ;
; HPS_INTERFACE_DMA_OUTPUTs                   ; 0 / 8 ( 0 % )            ;
; HPS_INTERFACE_FPGA2HPS_INPUTs               ; 0 / 287 ( 0 % )          ;
; HPS_INTERFACE_FPGA2HPS_OUTPUTs              ; 0 / 154 ( 0 % )          ;
; HPS_INTERFACE_FPGA2SDRAM_INPUTs             ; 0 / 852 ( 0 % )          ;
; HPS_INTERFACE_FPGA2SDRAM_OUTPUTs            ; 0 / 408 ( 0 % )          ;
; HPS_INTERFACE_HPS2FPGA_INPUTs               ; 0 / 165 ( 0 % )          ;
; HPS_INTERFACE_HPS2FPGA_LIGHT_WEIGHT_INPUTs  ; 0 / 67 ( 0 % )           ;
; HPS_INTERFACE_HPS2FPGA_LIGHT_WEIGHT_OUTPUTs ; 0 / 156 ( 0 % )          ;
; HPS_INTERFACE_HPS2FPGA_OUTPUTs              ; 0 / 282 ( 0 % )          ;
; HPS_INTERFACE_INTERRUPTS_INPUTs             ; 0 / 64 ( 0 % )           ;
; HPS_INTERFACE_INTERRUPTS_OUTPUTs            ; 0 / 42 ( 0 % )           ;
; HPS_INTERFACE_JTAG_OUTPUTs                  ; 0 / 5 ( 0 % )            ;
; HPS_INTERFACE_LOAN_IO_INPUTs                ; 0 / 142 ( 0 % )          ;
; HPS_INTERFACE_LOAN_IO_OUTPUTs               ; 0 / 85 ( 0 % )           ;
; HPS_INTERFACE_MPU_EVENT_STANDBY_INPUTs      ; 0 / 1 ( 0 % )            ;
; HPS_INTERFACE_MPU_EVENT_STANDBY_OUTPUTs     ; 0 / 5 ( 0 % )            ;
; HPS_INTERFACE_MPU_GENERAL_PURPOSE_INPUTs    ; 0 / 32 ( 0 % )           ;
; HPS_INTERFACE_MPU_GENERAL_PURPOSE_OUTPUTs   ; 0 / 32 ( 0 % )           ;
; HPS_INTERFACE_PERIPHERAL_CAN_INPUTs         ; 0 / 2 ( 0 % )            ;
; HPS_INTERFACE_PERIPHERAL_CAN_OUTPUTs        ; 0 / 2 ( 0 % )            ;
; HPS_INTERFACE_PERIPHERAL_EMAC_INPUTs        ; 0 / 32 ( 0 % )           ;
; HPS_INTERFACE_PERIPHERAL_EMAC_OUTPUTs       ; 0 / 34 ( 0 % )           ;
; HPS_INTERFACE_PERIPHERAL_I2C_INPUTs         ; 0 / 8 ( 0 % )            ;
; HPS_INTERFACE_PERIPHERAL_I2C_OUTPUTs        ; 0 / 8 ( 0 % )            ;
; HPS_INTERFACE_PERIPHERAL_NAND_INPUTs        ; 0 / 12 ( 0 % )           ;
; HPS_INTERFACE_PERIPHERAL_NAND_OUTPUTs       ; 0 / 18 ( 0 % )           ;
; HPS_INTERFACE_PERIPHERAL_QSPI_INPUTs        ; 0 / 4 ( 0 % )            ;
; HPS_INTERFACE_PERIPHERAL_QSPI_OUTPUTs       ; 0 / 13 ( 0 % )           ;
; HPS_INTERFACE_PERIPHERAL_SDMMC_INPUTs       ; 0 / 13 ( 0 % )           ;
; HPS_INTERFACE_PERIPHERAL_SDMMC_OUTPUTs      ; 0 / 22 ( 0 % )           ;
; HPS_INTERFACE_PERIPHERAL_SPI_MASTER_INPUTs  ; 0 / 4 ( 0 % )            ;
; HPS_INTERFACE_PERIPHERAL_SPI_MASTER_OUTPUTs ; 0 / 14 ( 0 % )           ;
; HPS_INTERFACE_PERIPHERAL_SPI_SLAVE_INPUTs   ; 0 / 6 ( 0 % )            ;
; HPS_INTERFACE_PERIPHERAL_SPI_SLAVE_OUTPUTs  ; 0 / 4 ( 0 % )            ;
; HPS_INTERFACE_PERIPHERAL_UART_INPUTs        ; 0 / 10 ( 0 % )           ;
; HPS_INTERFACE_PERIPHERAL_UART_OUTPUTs       ; 0 / 10 ( 0 % )           ;
; HPS_INTERFACE_PERIPHERAL_USB_INPUTs         ; 0 / 22 ( 0 % )           ;
; HPS_INTERFACE_PERIPHERAL_USB_OUTPUTs        ; 0 / 34 ( 0 % )           ;
; HPS_INTERFACE_STM_EVENT_INPUTs              ; 0 / 28 ( 0 % )           ;
; HPS_INTERFACE_TEST_INPUTs                   ; 0 / 610 ( 0 % )          ;
; HPS_INTERFACE_TEST_OUTPUTs                  ; 0 / 513 ( 0 % )          ;
; HPS_INTERFACE_TPIU_TRACE_INPUTs             ; 0 / 2 ( 0 % )            ;
; HPS_INTERFACE_TPIU_TRACE_OUTPUTs            ; 0 / 33 ( 0 % )           ;
; Horizontal periphery clocks                 ; 0 / 72 ( 0 % )           ;
; Local interconnects                         ; 2,465 / 84,580 ( 3 % )   ;
; Quadrant clocks                             ; 0 / 66 ( 0 % )           ;
; R14 interconnects                           ; 676 / 12,676 ( 5 % )     ;
; R14/C12 interconnect drivers                ; 850 / 20,720 ( 4 % )     ;
; R3 interconnects                            ; 7,130 / 130,992 ( 5 % )  ;
; R6 interconnects                            ; 11,513 / 266,960 ( 4 % ) ;
; Spine clocks                                ; 0 / 360 ( 0 % )          ;
; Wire stub REs                               ; 0 / 15,858 ( 0 % )       ;
+---------------------------------------------+--------------------------+


+------------------------------------------+
; I/O Rules Summary                        ;
+----------------------------------+-------+
; I/O Rules Statistic              ; Total ;
+----------------------------------+-------+
; Total I/O Rules                  ; 28    ;
; Number of I/O Rules Passed       ; 6     ;
; Number of I/O Rules Failed       ; 0     ;
; Number of I/O Rules Unchecked    ; 0     ;
; Number of I/O Rules Inapplicable ; 22    ;
+----------------------------------+-------+


+--------------------------------------------------------------------------------------------------------------------------------------------------------------------------------------------------------------------------------------------------------------------+
; I/O Rules Details                                                                                                                                                                                                                                                  ;
+--------------+-----------+-----------------------------------+------------------------------------------------------------------------------------+----------+--------------------------------------------------------------------------+------+-------------------+
; Status       ; ID        ; Category                          ; Rule Description                                                                   ; Severity ; Information                                                              ; Area ; Extra Information ;
+--------------+-----------+-----------------------------------+------------------------------------------------------------------------------------+----------+--------------------------------------------------------------------------+------+-------------------+
; Inapplicable ; IO_000002 ; Capacity Checks                   ; Number of clocks in an I/O bank should not exceed the number of clocks available.  ; Critical ; No Global Signal assignments found.                                      ; I/O  ;                   ;
; Pass         ; IO_000001 ; Capacity Checks                   ; Number of pins in an I/O bank should not exceed the number of locations available. ; Critical ; 0 such failures found.                                                   ; I/O  ;                   ;
; Pass         ; IO_000003 ; Capacity Checks                   ; Number of pins in a Vrefgroup should not exceed the number of locations available. ; Critical ; 0 such failures found.                                                   ; I/O  ;                   ;
; Inapplicable ; IO_000004 ; Voltage Compatibility Checks      ; The I/O bank should support the requested VCCIO.                                   ; Critical ; No IOBANK_VCCIO assignments found.                                       ; I/O  ;                   ;
; Inapplicable ; IO_000005 ; Voltage Compatibility Checks      ; The I/O bank should not have competing VREF values.                                ; Critical ; No VREF I/O Standard assignments found.                                  ; I/O  ;                   ;
; Pass         ; IO_000006 ; Voltage Compatibility Checks      ; The I/O bank should not have competing VCCIO values.                               ; Critical ; 0 such failures found.                                                   ; I/O  ;                   ;
; Pass         ; IO_000007 ; Valid Location Checks             ; Checks for unavailable locations.                                                  ; Critical ; 0 such failures found.                                                   ; I/O  ;                   ;
; Inapplicable ; IO_000008 ; Valid Location Checks             ; Checks for reserved locations.                                                     ; Critical ; No reserved LogicLock region found.                                      ; I/O  ;                   ;
; Inapplicable ; IO_000047 ; I/O Properties Checks for One I/O ; On Chip Termination and Slew Rate should not be used at the same time.             ; Critical ; No Slew Rate assignments found.                                          ; I/O  ;                   ;
; Inapplicable ; IO_000046 ; I/O Properties Checks for One I/O ; The location should support the requested Slew Rate value.                         ; Critical ; No Slew Rate assignments found.                                          ; I/O  ;                   ;
; Inapplicable ; IO_000045 ; I/O Properties Checks for One I/O ; The I/O standard should support the requested Slew Rate value.                     ; Critical ; No Slew Rate assignments found.                                          ; I/O  ;                   ;
; Inapplicable ; IO_000027 ; I/O Properties Checks for One I/O ; Weak Pull Up and Bus Hold should not be used at the same time.                     ; Critical ; No Enable Bus-Hold Circuitry or Weak Pull-Up Resistor assignments found. ; I/O  ;                   ;
; Inapplicable ; IO_000026 ; I/O Properties Checks for One I/O ; On Chip Termination and Current Strength should not be used at the same time.      ; Critical ; No Current Strength or Termination assignments found.                    ; I/O  ;                   ;
; Inapplicable ; IO_000024 ; I/O Properties Checks for One I/O ; The I/O direction should support the On Chip Termination value.                    ; Critical ; No Termination assignments found.                                        ; I/O  ;                   ;
; Inapplicable ; IO_000023 ; I/O Properties Checks for One I/O ; The I/O standard should support the Open Drain value.                              ; Critical ; No open drain assignments found.                                         ; I/O  ;                   ;
; Inapplicable ; IO_000022 ; I/O Properties Checks for One I/O ; The I/O standard should support the requested Bus Hold value.                      ; Critical ; No Enable Bus-Hold Circuitry assignments found.                          ; I/O  ;                   ;
; Inapplicable ; IO_000021 ; I/O Properties Checks for One I/O ; The I/O standard should support the requested Weak Pull Up value.                  ; Critical ; No Weak Pull-Up Resistor assignments found.                              ; I/O  ;                   ;
; Inapplicable ; IO_000020 ; I/O Properties Checks for One I/O ; The I/O standard should support the requested PCI Clamp Diode.                     ; Critical ; No Clamping Diode assignments found.                                     ; I/O  ;                   ;
; Inapplicable ; IO_000019 ; I/O Properties Checks for One I/O ; The I/O standard should support the requested On Chip Termination value.           ; Critical ; No Termination assignments found.                                        ; I/O  ;                   ;
; Inapplicable ; IO_000018 ; I/O Properties Checks for One I/O ; The I/O standard should support the requested Current Strength.                    ; Critical ; No Current Strength assignments found.                                   ; I/O  ;                   ;
; Inapplicable ; IO_000015 ; I/O Properties Checks for One I/O ; The location should support the requested PCI Clamp Diode.                         ; Critical ; No Clamping Diode assignments found.                                     ; I/O  ;                   ;
; Inapplicable ; IO_000014 ; I/O Properties Checks for One I/O ; The location should support the requested Weak Pull Up value.                      ; Critical ; No Weak Pull-Up Resistor assignments found.                              ; I/O  ;                   ;
; Inapplicable ; IO_000013 ; I/O Properties Checks for One I/O ; The location should support the requested Bus Hold value.                          ; Critical ; No Enable Bus-Hold Circuitry assignments found.                          ; I/O  ;                   ;
; Inapplicable ; IO_000012 ; I/O Properties Checks for One I/O ; The location should support the requested On Chip Termination value.               ; Critical ; No Termination assignments found.                                        ; I/O  ;                   ;
; Inapplicable ; IO_000011 ; I/O Properties Checks for One I/O ; The location should support the requested Current Strength.                        ; Critical ; No Current Strength assignments found.                                   ; I/O  ;                   ;
; Pass         ; IO_000010 ; I/O Properties Checks for One I/O ; The location should support the requested I/O direction.                           ; Critical ; 0 such failures found.                                                   ; I/O  ;                   ;
; Pass         ; IO_000009 ; I/O Properties Checks for One I/O ; The location should support the requested I/O standard.                            ; Critical ; 0 such failures found.                                                   ; I/O  ;                   ;
; Inapplicable ; IO_000034 ; SI Related Distance Checks        ; Single-ended outputs should be 0 LAB row(s) away from a differential I/O.          ; High     ; No Differential I/O Standard assignments found.                          ; I/O  ;                   ;
+--------------+-----------+-----------------------------------+------------------------------------------------------------------------------------+----------+--------------------------------------------------------------------------+------+-------------------+


+--------------------------------------------------------------------------------------------------------------------------------------------------------------------------------------------------------------------------------------------------------------------------------------------------------------------------------------------------------------------------------------------------------------------------------------+
; I/O Rules Matrix                                                                                                                                                                                                                                                                                                                                                                                                                     ;
+--------------------+--------------+-----------+-----------+--------------+--------------+-----------+-----------+--------------+--------------+--------------+--------------+--------------+--------------+--------------+--------------+--------------+--------------+--------------+--------------+--------------+--------------+--------------+--------------+--------------+--------------+-----------+-----------+--------------+
; Pin/Rules          ; IO_000002    ; IO_000001 ; IO_000003 ; IO_000004    ; IO_000005    ; IO_000006 ; IO_000007 ; IO_000008    ; IO_000047    ; IO_000046    ; IO_000045    ; IO_000027    ; IO_000026    ; IO_000024    ; IO_000023    ; IO_000022    ; IO_000021    ; IO_000020    ; IO_000019    ; IO_000018    ; IO_000015    ; IO_000014    ; IO_000013    ; IO_000012    ; IO_000011    ; IO_000010 ; IO_000009 ; IO_000034    ;
+--------------------+--------------+-----------+-----------+--------------+--------------+-----------+-----------+--------------+--------------+--------------+--------------+--------------+--------------+--------------+--------------+--------------+--------------+--------------+--------------+--------------+--------------+--------------+--------------+--------------+--------------+-----------+-----------+--------------+
; Total Pass         ; 0            ; 54        ; 54        ; 0            ; 0            ; 54        ; 54        ; 0            ; 0            ; 0            ; 0            ; 0            ; 0            ; 0            ; 0            ; 0            ; 0            ; 0            ; 0            ; 0            ; 0            ; 0            ; 0            ; 0            ; 0            ; 54        ; 54        ; 0            ;
; Total Unchecked    ; 0            ; 0         ; 0         ; 0            ; 0            ; 0         ; 0         ; 0            ; 0            ; 0            ; 0            ; 0            ; 0            ; 0            ; 0            ; 0            ; 0            ; 0            ; 0            ; 0            ; 0            ; 0            ; 0            ; 0            ; 0            ; 0         ; 0         ; 0            ;
; Total Inapplicable ; 54           ; 0         ; 0         ; 54           ; 54           ; 0         ; 0         ; 54           ; 54           ; 54           ; 54           ; 54           ; 54           ; 54           ; 54           ; 54           ; 54           ; 54           ; 54           ; 54           ; 54           ; 54           ; 54           ; 54           ; 54           ; 0         ; 0         ; 54           ;
; Total Fail         ; 0            ; 0         ; 0         ; 0            ; 0            ; 0         ; 0         ; 0            ; 0            ; 0            ; 0            ; 0            ; 0            ; 0            ; 0            ; 0            ; 0            ; 0            ; 0            ; 0            ; 0            ; 0            ; 0            ; 0            ; 0            ; 0         ; 0         ; 0            ;
; LEDR[0]            ; Inapplicable ; Pass      ; Pass      ; Inapplicable ; Inapplicable ; Pass      ; Pass      ; Inapplicable ; Inapplicable ; Inapplicable ; Inapplicable ; Inapplicable ; Inapplicable ; Inapplicable ; Inapplicable ; Inapplicable ; Inapplicable ; Inapplicable ; Inapplicable ; Inapplicable ; Inapplicable ; Inapplicable ; Inapplicable ; Inapplicable ; Inapplicable ; Pass      ; Pass      ; Inapplicable ;
; LEDR[1]            ; Inapplicable ; Pass      ; Pass      ; Inapplicable ; Inapplicable ; Pass      ; Pass      ; Inapplicable ; Inapplicable ; Inapplicable ; Inapplicable ; Inapplicable ; Inapplicable ; Inapplicable ; Inapplicable ; Inapplicable ; Inapplicable ; Inapplicable ; Inapplicable ; Inapplicable ; Inapplicable ; Inapplicable ; Inapplicable ; Inapplicable ; Inapplicable ; Pass      ; Pass      ; Inapplicable ;
; LEDR[2]            ; Inapplicable ; Pass      ; Pass      ; Inapplicable ; Inapplicable ; Pass      ; Pass      ; Inapplicable ; Inapplicable ; Inapplicable ; Inapplicable ; Inapplicable ; Inapplicable ; Inapplicable ; Inapplicable ; Inapplicable ; Inapplicable ; Inapplicable ; Inapplicable ; Inapplicable ; Inapplicable ; Inapplicable ; Inapplicable ; Inapplicable ; Inapplicable ; Pass      ; Pass      ; Inapplicable ;
; LEDR[3]            ; Inapplicable ; Pass      ; Pass      ; Inapplicable ; Inapplicable ; Pass      ; Pass      ; Inapplicable ; Inapplicable ; Inapplicable ; Inapplicable ; Inapplicable ; Inapplicable ; Inapplicable ; Inapplicable ; Inapplicable ; Inapplicable ; Inapplicable ; Inapplicable ; Inapplicable ; Inapplicable ; Inapplicable ; Inapplicable ; Inapplicable ; Inapplicable ; Pass      ; Pass      ; Inapplicable ;
; LEDR[4]            ; Inapplicable ; Pass      ; Pass      ; Inapplicable ; Inapplicable ; Pass      ; Pass      ; Inapplicable ; Inapplicable ; Inapplicable ; Inapplicable ; Inapplicable ; Inapplicable ; Inapplicable ; Inapplicable ; Inapplicable ; Inapplicable ; Inapplicable ; Inapplicable ; Inapplicable ; Inapplicable ; Inapplicable ; Inapplicable ; Inapplicable ; Inapplicable ; Pass      ; Pass      ; Inapplicable ;
; LEDR[5]            ; Inapplicable ; Pass      ; Pass      ; Inapplicable ; Inapplicable ; Pass      ; Pass      ; Inapplicable ; Inapplicable ; Inapplicable ; Inapplicable ; Inapplicable ; Inapplicable ; Inapplicable ; Inapplicable ; Inapplicable ; Inapplicable ; Inapplicable ; Inapplicable ; Inapplicable ; Inapplicable ; Inapplicable ; Inapplicable ; Inapplicable ; Inapplicable ; Pass      ; Pass      ; Inapplicable ;
; LEDR[6]            ; Inapplicable ; Pass      ; Pass      ; Inapplicable ; Inapplicable ; Pass      ; Pass      ; Inapplicable ; Inapplicable ; Inapplicable ; Inapplicable ; Inapplicable ; Inapplicable ; Inapplicable ; Inapplicable ; Inapplicable ; Inapplicable ; Inapplicable ; Inapplicable ; Inapplicable ; Inapplicable ; Inapplicable ; Inapplicable ; Inapplicable ; Inapplicable ; Pass      ; Pass      ; Inapplicable ;
; LEDR[7]            ; Inapplicable ; Pass      ; Pass      ; Inapplicable ; Inapplicable ; Pass      ; Pass      ; Inapplicable ; Inapplicable ; Inapplicable ; Inapplicable ; Inapplicable ; Inapplicable ; Inapplicable ; Inapplicable ; Inapplicable ; Inapplicable ; Inapplicable ; Inapplicable ; Inapplicable ; Inapplicable ; Inapplicable ; Inapplicable ; Inapplicable ; Inapplicable ; Pass      ; Pass      ; Inapplicable ;
; LEDR[8]            ; Inapplicable ; Pass      ; Pass      ; Inapplicable ; Inapplicable ; Pass      ; Pass      ; Inapplicable ; Inapplicable ; Inapplicable ; Inapplicable ; Inapplicable ; Inapplicable ; Inapplicable ; Inapplicable ; Inapplicable ; Inapplicable ; Inapplicable ; Inapplicable ; Inapplicable ; Inapplicable ; Inapplicable ; Inapplicable ; Inapplicable ; Inapplicable ; Pass      ; Pass      ; Inapplicable ;
; LEDR[9]            ; Inapplicable ; Pass      ; Pass      ; Inapplicable ; Inapplicable ; Pass      ; Pass      ; Inapplicable ; Inapplicable ; Inapplicable ; Inapplicable ; Inapplicable ; Inapplicable ; Inapplicable ; Inapplicable ; Inapplicable ; Inapplicable ; Inapplicable ; Inapplicable ; Inapplicable ; Inapplicable ; Inapplicable ; Inapplicable ; Inapplicable ; Inapplicable ; Pass      ; Pass      ; Inapplicable ;
; VGA_B[0]           ; Inapplicable ; Pass      ; Pass      ; Inapplicable ; Inapplicable ; Pass      ; Pass      ; Inapplicable ; Inapplicable ; Inapplicable ; Inapplicable ; Inapplicable ; Inapplicable ; Inapplicable ; Inapplicable ; Inapplicable ; Inapplicable ; Inapplicable ; Inapplicable ; Inapplicable ; Inapplicable ; Inapplicable ; Inapplicable ; Inapplicable ; Inapplicable ; Pass      ; Pass      ; Inapplicable ;
; VGA_B[1]           ; Inapplicable ; Pass      ; Pass      ; Inapplicable ; Inapplicable ; Pass      ; Pass      ; Inapplicable ; Inapplicable ; Inapplicable ; Inapplicable ; Inapplicable ; Inapplicable ; Inapplicable ; Inapplicable ; Inapplicable ; Inapplicable ; Inapplicable ; Inapplicable ; Inapplicable ; Inapplicable ; Inapplicable ; Inapplicable ; Inapplicable ; Inapplicable ; Pass      ; Pass      ; Inapplicable ;
; VGA_B[2]           ; Inapplicable ; Pass      ; Pass      ; Inapplicable ; Inapplicable ; Pass      ; Pass      ; Inapplicable ; Inapplicable ; Inapplicable ; Inapplicable ; Inapplicable ; Inapplicable ; Inapplicable ; Inapplicable ; Inapplicable ; Inapplicable ; Inapplicable ; Inapplicable ; Inapplicable ; Inapplicable ; Inapplicable ; Inapplicable ; Inapplicable ; Inapplicable ; Pass      ; Pass      ; Inapplicable ;
; VGA_B[3]           ; Inapplicable ; Pass      ; Pass      ; Inapplicable ; Inapplicable ; Pass      ; Pass      ; Inapplicable ; Inapplicable ; Inapplicable ; Inapplicable ; Inapplicable ; Inapplicable ; Inapplicable ; Inapplicable ; Inapplicable ; Inapplicable ; Inapplicable ; Inapplicable ; Inapplicable ; Inapplicable ; Inapplicable ; Inapplicable ; Inapplicable ; Inapplicable ; Pass      ; Pass      ; Inapplicable ;
; VGA_B[4]           ; Inapplicable ; Pass      ; Pass      ; Inapplicable ; Inapplicable ; Pass      ; Pass      ; Inapplicable ; Inapplicable ; Inapplicable ; Inapplicable ; Inapplicable ; Inapplicable ; Inapplicable ; Inapplicable ; Inapplicable ; Inapplicable ; Inapplicable ; Inapplicable ; Inapplicable ; Inapplicable ; Inapplicable ; Inapplicable ; Inapplicable ; Inapplicable ; Pass      ; Pass      ; Inapplicable ;
; VGA_B[5]           ; Inapplicable ; Pass      ; Pass      ; Inapplicable ; Inapplicable ; Pass      ; Pass      ; Inapplicable ; Inapplicable ; Inapplicable ; Inapplicable ; Inapplicable ; Inapplicable ; Inapplicable ; Inapplicable ; Inapplicable ; Inapplicable ; Inapplicable ; Inapplicable ; Inapplicable ; Inapplicable ; Inapplicable ; Inapplicable ; Inapplicable ; Inapplicable ; Pass      ; Pass      ; Inapplicable ;
; VGA_B[6]           ; Inapplicable ; Pass      ; Pass      ; Inapplicable ; Inapplicable ; Pass      ; Pass      ; Inapplicable ; Inapplicable ; Inapplicable ; Inapplicable ; Inapplicable ; Inapplicable ; Inapplicable ; Inapplicable ; Inapplicable ; Inapplicable ; Inapplicable ; Inapplicable ; Inapplicable ; Inapplicable ; Inapplicable ; Inapplicable ; Inapplicable ; Inapplicable ; Pass      ; Pass      ; Inapplicable ;
; VGA_B[7]           ; Inapplicable ; Pass      ; Pass      ; Inapplicable ; Inapplicable ; Pass      ; Pass      ; Inapplicable ; Inapplicable ; Inapplicable ; Inapplicable ; Inapplicable ; Inapplicable ; Inapplicable ; Inapplicable ; Inapplicable ; Inapplicable ; Inapplicable ; Inapplicable ; Inapplicable ; Inapplicable ; Inapplicable ; Inapplicable ; Inapplicable ; Inapplicable ; Pass      ; Pass      ; Inapplicable ;
; VGA_BLANK_N        ; Inapplicable ; Pass      ; Pass      ; Inapplicable ; Inapplicable ; Pass      ; Pass      ; Inapplicable ; Inapplicable ; Inapplicable ; Inapplicable ; Inapplicable ; Inapplicable ; Inapplicable ; Inapplicable ; Inapplicable ; Inapplicable ; Inapplicable ; Inapplicable ; Inapplicable ; Inapplicable ; Inapplicable ; Inapplicable ; Inapplicable ; Inapplicable ; Pass      ; Pass      ; Inapplicable ;
; VGA_CLK            ; Inapplicable ; Pass      ; Pass      ; Inapplicable ; Inapplicable ; Pass      ; Pass      ; Inapplicable ; Inapplicable ; Inapplicable ; Inapplicable ; Inapplicable ; Inapplicable ; Inapplicable ; Inapplicable ; Inapplicable ; Inapplicable ; Inapplicable ; Inapplicable ; Inapplicable ; Inapplicable ; Inapplicable ; Inapplicable ; Inapplicable ; Inapplicable ; Pass      ; Pass      ; Inapplicable ;
; VGA_G[0]           ; Inapplicable ; Pass      ; Pass      ; Inapplicable ; Inapplicable ; Pass      ; Pass      ; Inapplicable ; Inapplicable ; Inapplicable ; Inapplicable ; Inapplicable ; Inapplicable ; Inapplicable ; Inapplicable ; Inapplicable ; Inapplicable ; Inapplicable ; Inapplicable ; Inapplicable ; Inapplicable ; Inapplicable ; Inapplicable ; Inapplicable ; Inapplicable ; Pass      ; Pass      ; Inapplicable ;
; VGA_G[1]           ; Inapplicable ; Pass      ; Pass      ; Inapplicable ; Inapplicable ; Pass      ; Pass      ; Inapplicable ; Inapplicable ; Inapplicable ; Inapplicable ; Inapplicable ; Inapplicable ; Inapplicable ; Inapplicable ; Inapplicable ; Inapplicable ; Inapplicable ; Inapplicable ; Inapplicable ; Inapplicable ; Inapplicable ; Inapplicable ; Inapplicable ; Inapplicable ; Pass      ; Pass      ; Inapplicable ;
; VGA_G[2]           ; Inapplicable ; Pass      ; Pass      ; Inapplicable ; Inapplicable ; Pass      ; Pass      ; Inapplicable ; Inapplicable ; Inapplicable ; Inapplicable ; Inapplicable ; Inapplicable ; Inapplicable ; Inapplicable ; Inapplicable ; Inapplicable ; Inapplicable ; Inapplicable ; Inapplicable ; Inapplicable ; Inapplicable ; Inapplicable ; Inapplicable ; Inapplicable ; Pass      ; Pass      ; Inapplicable ;
; VGA_G[3]           ; Inapplicable ; Pass      ; Pass      ; Inapplicable ; Inapplicable ; Pass      ; Pass      ; Inapplicable ; Inapplicable ; Inapplicable ; Inapplicable ; Inapplicable ; Inapplicable ; Inapplicable ; Inapplicable ; Inapplicable ; Inapplicable ; Inapplicable ; Inapplicable ; Inapplicable ; Inapplicable ; Inapplicable ; Inapplicable ; Inapplicable ; Inapplicable ; Pass      ; Pass      ; Inapplicable ;
; VGA_G[4]           ; Inapplicable ; Pass      ; Pass      ; Inapplicable ; Inapplicable ; Pass      ; Pass      ; Inapplicable ; Inapplicable ; Inapplicable ; Inapplicable ; Inapplicable ; Inapplicable ; Inapplicable ; Inapplicable ; Inapplicable ; Inapplicable ; Inapplicable ; Inapplicable ; Inapplicable ; Inapplicable ; Inapplicable ; Inapplicable ; Inapplicable ; Inapplicable ; Pass      ; Pass      ; Inapplicable ;
; VGA_G[5]           ; Inapplicable ; Pass      ; Pass      ; Inapplicable ; Inapplicable ; Pass      ; Pass      ; Inapplicable ; Inapplicable ; Inapplicable ; Inapplicable ; Inapplicable ; Inapplicable ; Inapplicable ; Inapplicable ; Inapplicable ; Inapplicable ; Inapplicable ; Inapplicable ; Inapplicable ; Inapplicable ; Inapplicable ; Inapplicable ; Inapplicable ; Inapplicable ; Pass      ; Pass      ; Inapplicable ;
; VGA_G[6]           ; Inapplicable ; Pass      ; Pass      ; Inapplicable ; Inapplicable ; Pass      ; Pass      ; Inapplicable ; Inapplicable ; Inapplicable ; Inapplicable ; Inapplicable ; Inapplicable ; Inapplicable ; Inapplicable ; Inapplicable ; Inapplicable ; Inapplicable ; Inapplicable ; Inapplicable ; Inapplicable ; Inapplicable ; Inapplicable ; Inapplicable ; Inapplicable ; Pass      ; Pass      ; Inapplicable ;
; VGA_G[7]           ; Inapplicable ; Pass      ; Pass      ; Inapplicable ; Inapplicable ; Pass      ; Pass      ; Inapplicable ; Inapplicable ; Inapplicable ; Inapplicable ; Inapplicable ; Inapplicable ; Inapplicable ; Inapplicable ; Inapplicable ; Inapplicable ; Inapplicable ; Inapplicable ; Inapplicable ; Inapplicable ; Inapplicable ; Inapplicable ; Inapplicable ; Inapplicable ; Pass      ; Pass      ; Inapplicable ;
; VGA_HS             ; Inapplicable ; Pass      ; Pass      ; Inapplicable ; Inapplicable ; Pass      ; Pass      ; Inapplicable ; Inapplicable ; Inapplicable ; Inapplicable ; Inapplicable ; Inapplicable ; Inapplicable ; Inapplicable ; Inapplicable ; Inapplicable ; Inapplicable ; Inapplicable ; Inapplicable ; Inapplicable ; Inapplicable ; Inapplicable ; Inapplicable ; Inapplicable ; Pass      ; Pass      ; Inapplicable ;
; VGA_R[0]           ; Inapplicable ; Pass      ; Pass      ; Inapplicable ; Inapplicable ; Pass      ; Pass      ; Inapplicable ; Inapplicable ; Inapplicable ; Inapplicable ; Inapplicable ; Inapplicable ; Inapplicable ; Inapplicable ; Inapplicable ; Inapplicable ; Inapplicable ; Inapplicable ; Inapplicable ; Inapplicable ; Inapplicable ; Inapplicable ; Inapplicable ; Inapplicable ; Pass      ; Pass      ; Inapplicable ;
; VGA_R[1]           ; Inapplicable ; Pass      ; Pass      ; Inapplicable ; Inapplicable ; Pass      ; Pass      ; Inapplicable ; Inapplicable ; Inapplicable ; Inapplicable ; Inapplicable ; Inapplicable ; Inapplicable ; Inapplicable ; Inapplicable ; Inapplicable ; Inapplicable ; Inapplicable ; Inapplicable ; Inapplicable ; Inapplicable ; Inapplicable ; Inapplicable ; Inapplicable ; Pass      ; Pass      ; Inapplicable ;
; VGA_R[2]           ; Inapplicable ; Pass      ; Pass      ; Inapplicable ; Inapplicable ; Pass      ; Pass      ; Inapplicable ; Inapplicable ; Inapplicable ; Inapplicable ; Inapplicable ; Inapplicable ; Inapplicable ; Inapplicable ; Inapplicable ; Inapplicable ; Inapplicable ; Inapplicable ; Inapplicable ; Inapplicable ; Inapplicable ; Inapplicable ; Inapplicable ; Inapplicable ; Pass      ; Pass      ; Inapplicable ;
; VGA_R[3]           ; Inapplicable ; Pass      ; Pass      ; Inapplicable ; Inapplicable ; Pass      ; Pass      ; Inapplicable ; Inapplicable ; Inapplicable ; Inapplicable ; Inapplicable ; Inapplicable ; Inapplicable ; Inapplicable ; Inapplicable ; Inapplicable ; Inapplicable ; Inapplicable ; Inapplicable ; Inapplicable ; Inapplicable ; Inapplicable ; Inapplicable ; Inapplicable ; Pass      ; Pass      ; Inapplicable ;
; VGA_R[4]           ; Inapplicable ; Pass      ; Pass      ; Inapplicable ; Inapplicable ; Pass      ; Pass      ; Inapplicable ; Inapplicable ; Inapplicable ; Inapplicable ; Inapplicable ; Inapplicable ; Inapplicable ; Inapplicable ; Inapplicable ; Inapplicable ; Inapplicable ; Inapplicable ; Inapplicable ; Inapplicable ; Inapplicable ; Inapplicable ; Inapplicable ; Inapplicable ; Pass      ; Pass      ; Inapplicable ;
; VGA_R[5]           ; Inapplicable ; Pass      ; Pass      ; Inapplicable ; Inapplicable ; Pass      ; Pass      ; Inapplicable ; Inapplicable ; Inapplicable ; Inapplicable ; Inapplicable ; Inapplicable ; Inapplicable ; Inapplicable ; Inapplicable ; Inapplicable ; Inapplicable ; Inapplicable ; Inapplicable ; Inapplicable ; Inapplicable ; Inapplicable ; Inapplicable ; Inapplicable ; Pass      ; Pass      ; Inapplicable ;
; VGA_R[6]           ; Inapplicable ; Pass      ; Pass      ; Inapplicable ; Inapplicable ; Pass      ; Pass      ; Inapplicable ; Inapplicable ; Inapplicable ; Inapplicable ; Inapplicable ; Inapplicable ; Inapplicable ; Inapplicable ; Inapplicable ; Inapplicable ; Inapplicable ; Inapplicable ; Inapplicable ; Inapplicable ; Inapplicable ; Inapplicable ; Inapplicable ; Inapplicable ; Pass      ; Pass      ; Inapplicable ;
; VGA_R[7]           ; Inapplicable ; Pass      ; Pass      ; Inapplicable ; Inapplicable ; Pass      ; Pass      ; Inapplicable ; Inapplicable ; Inapplicable ; Inapplicable ; Inapplicable ; Inapplicable ; Inapplicable ; Inapplicable ; Inapplicable ; Inapplicable ; Inapplicable ; Inapplicable ; Inapplicable ; Inapplicable ; Inapplicable ; Inapplicable ; Inapplicable ; Inapplicable ; Pass      ; Pass      ; Inapplicable ;
; VGA_SYNC_N         ; Inapplicable ; Pass      ; Pass      ; Inapplicable ; Inapplicable ; Pass      ; Pass      ; Inapplicable ; Inapplicable ; Inapplicable ; Inapplicable ; Inapplicable ; Inapplicable ; Inapplicable ; Inapplicable ; Inapplicable ; Inapplicable ; Inapplicable ; Inapplicable ; Inapplicable ; Inapplicable ; Inapplicable ; Inapplicable ; Inapplicable ; Inapplicable ; Pass      ; Pass      ; Inapplicable ;
; VGA_VS             ; Inapplicable ; Pass      ; Pass      ; Inapplicable ; Inapplicable ; Pass      ; Pass      ; Inapplicable ; Inapplicable ; Inapplicable ; Inapplicable ; Inapplicable ; Inapplicable ; Inapplicable ; Inapplicable ; Inapplicable ; Inapplicable ; Inapplicable ; Inapplicable ; Inapplicable ; Inapplicable ; Inapplicable ; Inapplicable ; Inapplicable ; Inapplicable ; Pass      ; Pass      ; Inapplicable ;
; KEY[0]             ; Inapplicable ; Pass      ; Pass      ; Inapplicable ; Inapplicable ; Pass      ; Pass      ; Inapplicable ; Inapplicable ; Inapplicable ; Inapplicable ; Inapplicable ; Inapplicable ; Inapplicable ; Inapplicable ; Inapplicable ; Inapplicable ; Inapplicable ; Inapplicable ; Inapplicable ; Inapplicable ; Inapplicable ; Inapplicable ; Inapplicable ; Inapplicable ; Pass      ; Pass      ; Inapplicable ;
; CLOCK_50           ; Inapplicable ; Pass      ; Pass      ; Inapplicable ; Inapplicable ; Pass      ; Pass      ; Inapplicable ; Inapplicable ; Inapplicable ; Inapplicable ; Inapplicable ; Inapplicable ; Inapplicable ; Inapplicable ; Inapplicable ; Inapplicable ; Inapplicable ; Inapplicable ; Inapplicable ; Inapplicable ; Inapplicable ; Inapplicable ; Inapplicable ; Inapplicable ; Pass      ; Pass      ; Inapplicable ;
; KEY[1]             ; Inapplicable ; Pass      ; Pass      ; Inapplicable ; Inapplicable ; Pass      ; Pass      ; Inapplicable ; Inapplicable ; Inapplicable ; Inapplicable ; Inapplicable ; Inapplicable ; Inapplicable ; Inapplicable ; Inapplicable ; Inapplicable ; Inapplicable ; Inapplicable ; Inapplicable ; Inapplicable ; Inapplicable ; Inapplicable ; Inapplicable ; Inapplicable ; Pass      ; Pass      ; Inapplicable ;
; KEY[3]             ; Inapplicable ; Pass      ; Pass      ; Inapplicable ; Inapplicable ; Pass      ; Pass      ; Inapplicable ; Inapplicable ; Inapplicable ; Inapplicable ; Inapplicable ; Inapplicable ; Inapplicable ; Inapplicable ; Inapplicable ; Inapplicable ; Inapplicable ; Inapplicable ; Inapplicable ; Inapplicable ; Inapplicable ; Inapplicable ; Inapplicable ; Inapplicable ; Pass      ; Pass      ; Inapplicable ;
; SW[0]              ; Inapplicable ; Pass      ; Pass      ; Inapplicable ; Inapplicable ; Pass      ; Pass      ; Inapplicable ; Inapplicable ; Inapplicable ; Inapplicable ; Inapplicable ; Inapplicable ; Inapplicable ; Inapplicable ; Inapplicable ; Inapplicable ; Inapplicable ; Inapplicable ; Inapplicable ; Inapplicable ; Inapplicable ; Inapplicable ; Inapplicable ; Inapplicable ; Pass      ; Pass      ; Inapplicable ;
; SW[5]              ; Inapplicable ; Pass      ; Pass      ; Inapplicable ; Inapplicable ; Pass      ; Pass      ; Inapplicable ; Inapplicable ; Inapplicable ; Inapplicable ; Inapplicable ; Inapplicable ; Inapplicable ; Inapplicable ; Inapplicable ; Inapplicable ; Inapplicable ; Inapplicable ; Inapplicable ; Inapplicable ; Inapplicable ; Inapplicable ; Inapplicable ; Inapplicable ; Pass      ; Pass      ; Inapplicable ;
; SW[6]              ; Inapplicable ; Pass      ; Pass      ; Inapplicable ; Inapplicable ; Pass      ; Pass      ; Inapplicable ; Inapplicable ; Inapplicable ; Inapplicable ; Inapplicable ; Inapplicable ; Inapplicable ; Inapplicable ; Inapplicable ; Inapplicable ; Inapplicable ; Inapplicable ; Inapplicable ; Inapplicable ; Inapplicable ; Inapplicable ; Inapplicable ; Inapplicable ; Pass      ; Pass      ; Inapplicable ;
; SW[7]              ; Inapplicable ; Pass      ; Pass      ; Inapplicable ; Inapplicable ; Pass      ; Pass      ; Inapplicable ; Inapplicable ; Inapplicable ; Inapplicable ; Inapplicable ; Inapplicable ; Inapplicable ; Inapplicable ; Inapplicable ; Inapplicable ; Inapplicable ; Inapplicable ; Inapplicable ; Inapplicable ; Inapplicable ; Inapplicable ; Inapplicable ; Inapplicable ; Pass      ; Pass      ; Inapplicable ;
; SW[8]              ; Inapplicable ; Pass      ; Pass      ; Inapplicable ; Inapplicable ; Pass      ; Pass      ; Inapplicable ; Inapplicable ; Inapplicable ; Inapplicable ; Inapplicable ; Inapplicable ; Inapplicable ; Inapplicable ; Inapplicable ; Inapplicable ; Inapplicable ; Inapplicable ; Inapplicable ; Inapplicable ; Inapplicable ; Inapplicable ; Inapplicable ; Inapplicable ; Pass      ; Pass      ; Inapplicable ;
; SW[9]              ; Inapplicable ; Pass      ; Pass      ; Inapplicable ; Inapplicable ; Pass      ; Pass      ; Inapplicable ; Inapplicable ; Inapplicable ; Inapplicable ; Inapplicable ; Inapplicable ; Inapplicable ; Inapplicable ; Inapplicable ; Inapplicable ; Inapplicable ; Inapplicable ; Inapplicable ; Inapplicable ; Inapplicable ; Inapplicable ; Inapplicable ; Inapplicable ; Pass      ; Pass      ; Inapplicable ;
; SW[1]              ; Inapplicable ; Pass      ; Pass      ; Inapplicable ; Inapplicable ; Pass      ; Pass      ; Inapplicable ; Inapplicable ; Inapplicable ; Inapplicable ; Inapplicable ; Inapplicable ; Inapplicable ; Inapplicable ; Inapplicable ; Inapplicable ; Inapplicable ; Inapplicable ; Inapplicable ; Inapplicable ; Inapplicable ; Inapplicable ; Inapplicable ; Inapplicable ; Pass      ; Pass      ; Inapplicable ;
; SW[2]              ; Inapplicable ; Pass      ; Pass      ; Inapplicable ; Inapplicable ; Pass      ; Pass      ; Inapplicable ; Inapplicable ; Inapplicable ; Inapplicable ; Inapplicable ; Inapplicable ; Inapplicable ; Inapplicable ; Inapplicable ; Inapplicable ; Inapplicable ; Inapplicable ; Inapplicable ; Inapplicable ; Inapplicable ; Inapplicable ; Inapplicable ; Inapplicable ; Pass      ; Pass      ; Inapplicable ;
; SW[3]              ; Inapplicable ; Pass      ; Pass      ; Inapplicable ; Inapplicable ; Pass      ; Pass      ; Inapplicable ; Inapplicable ; Inapplicable ; Inapplicable ; Inapplicable ; Inapplicable ; Inapplicable ; Inapplicable ; Inapplicable ; Inapplicable ; Inapplicable ; Inapplicable ; Inapplicable ; Inapplicable ; Inapplicable ; Inapplicable ; Inapplicable ; Inapplicable ; Pass      ; Pass      ; Inapplicable ;
; SW[4]              ; Inapplicable ; Pass      ; Pass      ; Inapplicable ; Inapplicable ; Pass      ; Pass      ; Inapplicable ; Inapplicable ; Inapplicable ; Inapplicable ; Inapplicable ; Inapplicable ; Inapplicable ; Inapplicable ; Inapplicable ; Inapplicable ; Inapplicable ; Inapplicable ; Inapplicable ; Inapplicable ; Inapplicable ; Inapplicable ; Inapplicable ; Inapplicable ; Pass      ; Pass      ; Inapplicable ;
; KEY[2]             ; Inapplicable ; Pass      ; Pass      ; Inapplicable ; Inapplicable ; Pass      ; Pass      ; Inapplicable ; Inapplicable ; Inapplicable ; Inapplicable ; Inapplicable ; Inapplicable ; Inapplicable ; Inapplicable ; Inapplicable ; Inapplicable ; Inapplicable ; Inapplicable ; Inapplicable ; Inapplicable ; Inapplicable ; Inapplicable ; Inapplicable ; Inapplicable ; Pass      ; Pass      ; Inapplicable ;
+--------------------+--------------+-----------+-----------+--------------+--------------+-----------+-----------+--------------+--------------+--------------+--------------+--------------+--------------+--------------+--------------+--------------+--------------+--------------+--------------+--------------+--------------+--------------+--------------+--------------+--------------+-----------+-----------+--------------+


+------------------------------------------------------------------------------------------------+
; Fitter Device Options                                                                          ;
+------------------------------------------------------------------+-----------------------------+
; Option                                                           ; Setting                     ;
+------------------------------------------------------------------+-----------------------------+
; Enable user-supplied start-up clock (CLKUSR)                     ; Off                         ;
; Enable device-wide reset (DEV_CLRn)                              ; Off                         ;
; Enable device-wide output enable (DEV_OE)                        ; Off                         ;
; Enable INIT_DONE output                                          ; Off                         ;
; Configuration scheme                                             ; Passive Serial              ;
; Enable Error Detection CRC_ERROR pin                             ; Off                         ;
; Enable CvP_CONFDONE pin                                          ; Off                         ;
; Enable open drain on CRC_ERROR pin                               ; On                          ;
; Enable open drain on CvP_CONFDONE pin                            ; On                          ;
; Enable open drain on INIT_DONE pin                               ; On                          ;
; Enable open drain on Partial Reconfiguration pins                ; Off                         ;
; Enable open drain on nCEO pin                                    ; On                          ;
; Enable Partial Reconfiguration pins                              ; Off                         ;
; Enable input tri-state on active configuration pins in user mode ; Off                         ;
; Enable internal scrubbing                                        ; Off                         ;
; Active Serial clock source                                       ; 100 MHz Internal Oscillator ;
; Device initialization clock source                               ; Internal Oscillator         ;
; Configuration via Protocol                                       ; Off                         ;
; Configuration Voltage Level                                      ; Auto                        ;
; Force Configuration Voltage Level                                ; Off                         ;
; Enable nCEO output                                               ; Off                         ;
; Data[15..8]                                                      ; Unreserved                  ;
; Data[7..5]                                                       ; Unreserved                  ;
; Base pin-out file on sameframe device                            ; Off                         ;
+------------------------------------------------------------------+-----------------------------+


+------------------------------------+
; Operating Settings and Conditions  ;
+---------------------------+--------+
; Setting                   ; Value  ;
+---------------------------+--------+
; Nominal Core Voltage      ; 1.10 V ;
; Low Junction Temperature  ; 0 °C   ;
; High Junction Temperature ; 85 °C  ;
+---------------------------+--------+


+------------------------------------------------------------+
; Estimated Delay Added for Hold Timing Summary              ;
+-----------------+----------------------+-------------------+
; Source Clock(s) ; Destination Clock(s) ; Delay Added in ns ;
+-----------------+----------------------+-------------------+
; clk_25          ; clk_25               ; 358.6             ;
; CLOCK_50        ; clk_25               ; 145.7             ;
; clk_25,I/O      ; clk_25               ; 42.6              ;
+-----------------+----------------------+-------------------+
Note: For more information on problematic transfers, consider running the Fitter again with the Optimize hold timing option (Settings Menu) turned off.
This will disable optimization of problematic paths and expose them for further analysis using the Timing Analyzer.


+----------------------------------------------------------------------------------------------------------------------+
; Estimated Delay Added for Hold Timing Details                                                                        ;
+-----------------------------------------------+--------------------------------------------------+-------------------+
; Source Register                               ; Destination Register                             ; Delay Added in ns ;
+-----------------------------------------------+--------------------------------------------------+-------------------+
; clk_25                                        ; clk_25                                           ; 5.021             ;
; banco_sprites:b_sprites|registradores[28][26] ; motor_sprites:m_sprites|rom_addr1[8]             ; 1.576             ;
; vga_driver:vga_d|v_counter[9]                 ; motor_sprites:m_sprites|rom_addr1[12]            ; 1.490             ;
; vga_driver:vga_d|v_counter[8]                 ; motor_sprites:m_sprites|rom_addr1[12]            ; 1.490             ;
; vga_driver:vga_d|v_counter[7]                 ; motor_sprites:m_sprites|rom_addr1[12]            ; 1.490             ;
; vga_driver:vga_d|v_counter[6]                 ; motor_sprites:m_sprites|rom_addr1[12]            ; 1.490             ;
; vga_driver:vga_d|v_counter[5]                 ; motor_sprites:m_sprites|rom_addr1[12]            ; 1.490             ;
; banco_sprites:b_sprites|registradores[29][24] ; motor_sprites:m_sprites|rom_addr2[4]             ; 1.344             ;
; banco_sprites:b_sprites|registradores[28][28] ; motor_sprites:m_sprites|rom_addr1[10]            ; 1.324             ;
; vga_driver:vga_d|h_counter[8]                 ; motor_sprites:m_sprites|rom_addr1[12]            ; 1.294             ;
; vga_driver:vga_d|h_counter[7]                 ; motor_sprites:m_sprites|rom_addr1[12]            ; 1.294             ;
; vga_driver:vga_d|h_counter[9]                 ; motor_sprites:m_sprites|rom_addr1[12]            ; 1.294             ;
; banco_sprites:b_sprites|registradores[29][30] ; motor_sprites:m_sprites|rom_addr1[12]            ; 1.249             ;
; mef_controle:mf_controle|estado[2]            ; banco_poligonos:b_poligonos|registradores[0][31] ; 1.207             ;
; mef_controle:mf_controle|estado[1]            ; banco_poligonos:b_poligonos|registradores[0][31] ; 1.207             ;
; banco_sprites:b_sprites|registradores[16][14] ; motor_sprites:m_sprites|rom_addr1[12]            ; 1.199             ;
; mef_controle:mf_controle|estado[3]            ; banco_poligonos:b_poligonos|registradores[0][31] ; 1.189             ;
; banco_sprites:b_sprites|registradores[28][30] ; motor_sprites:m_sprites|rom_addr1[12]            ; 1.184             ;
; mef_controle:mf_controle|estado[0]            ; banco_poligonos:b_poligonos|registradores[0][31] ; 1.170             ;
; banco_sprites:b_sprites|registradores[28][29] ; motor_sprites:m_sprites|rom_addr1[11]            ; 1.168             ;
; mef_controle:mf_controle|key2_sr[2]           ; banco_poligonos:b_poligonos|registradores[3][20] ; 1.162             ;
; banco_sprites:b_sprites|registradores[28][27] ; motor_sprites:m_sprites|rom_addr2[9]             ; 1.131             ;
; banco_sprites:b_sprites|registradores[0][30]  ; motor_sprites:m_sprites|rom_addr1[12]            ; 1.121             ;
; banco_sprites:b_sprites|registradores[8][30]  ; motor_sprites:m_sprites|rom_addr1[12]            ; 1.121             ;
; banco_sprites:b_sprites|registradores[4][30]  ; motor_sprites:m_sprites|rom_addr1[12]            ; 1.121             ;
; banco_sprites:b_sprites|registradores[12][30] ; motor_sprites:m_sprites|rom_addr1[12]            ; 1.121             ;
; banco_sprites:b_sprites|registradores[2][30]  ; motor_sprites:m_sprites|rom_addr1[12]            ; 1.121             ;
; banco_sprites:b_sprites|registradores[10][30] ; motor_sprites:m_sprites|rom_addr1[12]            ; 1.121             ;
; banco_sprites:b_sprites|registradores[6][30]  ; motor_sprites:m_sprites|rom_addr1[12]            ; 1.121             ;
; banco_sprites:b_sprites|registradores[14][30] ; motor_sprites:m_sprites|rom_addr1[12]            ; 1.121             ;
; banco_sprites:b_sprites|registradores[1][30]  ; motor_sprites:m_sprites|rom_addr1[12]            ; 1.121             ;
; banco_sprites:b_sprites|registradores[9][30]  ; motor_sprites:m_sprites|rom_addr1[12]            ; 1.121             ;
; banco_sprites:b_sprites|registradores[5][30]  ; motor_sprites:m_sprites|rom_addr1[12]            ; 1.121             ;
; banco_sprites:b_sprites|registradores[13][30] ; motor_sprites:m_sprites|rom_addr1[12]            ; 1.121             ;
; banco_sprites:b_sprites|registradores[3][30]  ; motor_sprites:m_sprites|rom_addr1[12]            ; 1.121             ;
; banco_sprites:b_sprites|registradores[11][30] ; motor_sprites:m_sprites|rom_addr1[12]            ; 1.121             ;
; banco_sprites:b_sprites|registradores[15][30] ; motor_sprites:m_sprites|rom_addr1[12]            ; 1.121             ;
; banco_sprites:b_sprites|registradores[16][30] ; motor_sprites:m_sprites|rom_addr1[12]            ; 1.121             ;
; banco_sprites:b_sprites|registradores[18][30] ; motor_sprites:m_sprites|rom_addr1[12]            ; 1.121             ;
; banco_sprites:b_sprites|registradores[17][30] ; motor_sprites:m_sprites|rom_addr1[12]            ; 1.121             ;
; banco_sprites:b_sprites|registradores[19][30] ; motor_sprites:m_sprites|rom_addr1[12]            ; 1.121             ;
; banco_sprites:b_sprites|registradores[24][30] ; motor_sprites:m_sprites|rom_addr1[12]            ; 1.121             ;
; banco_sprites:b_sprites|registradores[26][30] ; motor_sprites:m_sprites|rom_addr1[12]            ; 1.121             ;
; banco_sprites:b_sprites|registradores[25][30] ; motor_sprites:m_sprites|rom_addr1[12]            ; 1.121             ;
; banco_sprites:b_sprites|registradores[27][30] ; motor_sprites:m_sprites|rom_addr1[12]            ; 1.121             ;
; banco_sprites:b_sprites|registradores[20][30] ; motor_sprites:m_sprites|rom_addr1[12]            ; 1.121             ;
; banco_sprites:b_sprites|registradores[22][30] ; motor_sprites:m_sprites|rom_addr1[12]            ; 1.121             ;
; banco_sprites:b_sprites|registradores[21][30] ; motor_sprites:m_sprites|rom_addr1[12]            ; 1.121             ;
; banco_sprites:b_sprites|registradores[23][30] ; motor_sprites:m_sprites|rom_addr1[12]            ; 1.121             ;
; banco_sprites:b_sprites|registradores[30][30] ; motor_sprites:m_sprites|rom_addr1[12]            ; 1.121             ;
; banco_sprites:b_sprites|registradores[7][30]  ; motor_sprites:m_sprites|rom_addr1[12]            ; 1.121             ;
; banco_sprites:b_sprites|registradores[5][31]  ; motor_sprites:m_sprites|rom_addr1[12]            ; 1.121             ;
; banco_sprites:b_sprites|registradores[7][31]  ; motor_sprites:m_sprites|rom_addr1[12]            ; 1.121             ;
; banco_sprites:b_sprites|registradores[6][31]  ; motor_sprites:m_sprites|rom_addr1[12]            ; 1.121             ;
; banco_sprites:b_sprites|registradores[1][31]  ; motor_sprites:m_sprites|rom_addr1[12]            ; 1.121             ;
; banco_sprites:b_sprites|registradores[3][31]  ; motor_sprites:m_sprites|rom_addr1[12]            ; 1.121             ;
; banco_sprites:b_sprites|registradores[2][31]  ; motor_sprites:m_sprites|rom_addr1[12]            ; 1.121             ;
; banco_sprites:b_sprites|registradores[0][31]  ; motor_sprites:m_sprites|rom_addr1[12]            ; 1.121             ;
; banco_sprites:b_sprites|registradores[4][31]  ; motor_sprites:m_sprites|rom_addr1[12]            ; 1.121             ;
; banco_sprites:b_sprites|registradores[21][31] ; motor_sprites:m_sprites|rom_addr1[12]            ; 1.121             ;
; banco_sprites:b_sprites|registradores[23][31] ; motor_sprites:m_sprites|rom_addr1[12]            ; 1.121             ;
; banco_sprites:b_sprites|registradores[22][31] ; motor_sprites:m_sprites|rom_addr1[12]            ; 1.121             ;
; banco_sprites:b_sprites|registradores[17][31] ; motor_sprites:m_sprites|rom_addr1[12]            ; 1.121             ;
; banco_sprites:b_sprites|registradores[19][31] ; motor_sprites:m_sprites|rom_addr1[12]            ; 1.121             ;
; banco_sprites:b_sprites|registradores[18][31] ; motor_sprites:m_sprites|rom_addr1[12]            ; 1.121             ;
; banco_sprites:b_sprites|registradores[16][31] ; motor_sprites:m_sprites|rom_addr1[12]            ; 1.121             ;
; banco_sprites:b_sprites|registradores[20][31] ; motor_sprites:m_sprites|rom_addr1[12]            ; 1.121             ;
; banco_sprites:b_sprites|registradores[13][31] ; motor_sprites:m_sprites|rom_addr1[12]            ; 1.121             ;
; banco_sprites:b_sprites|registradores[15][31] ; motor_sprites:m_sprites|rom_addr1[12]            ; 1.121             ;
; banco_sprites:b_sprites|registradores[14][31] ; motor_sprites:m_sprites|rom_addr1[12]            ; 1.121             ;
; banco_sprites:b_sprites|registradores[9][31]  ; motor_sprites:m_sprites|rom_addr1[12]            ; 1.121             ;
; banco_sprites:b_sprites|registradores[10][31] ; motor_sprites:m_sprites|rom_addr1[12]            ; 1.121             ;
; banco_sprites:b_sprites|registradores[8][31]  ; motor_sprites:m_sprites|rom_addr1[12]            ; 1.121             ;
; banco_sprites:b_sprites|registradores[12][31] ; motor_sprites:m_sprites|rom_addr1[12]            ; 1.121             ;
; banco_sprites:b_sprites|registradores[29][31] ; motor_sprites:m_sprites|rom_addr1[12]            ; 1.121             ;
; banco_sprites:b_sprites|registradores[30][31] ; motor_sprites:m_sprites|rom_addr1[12]            ; 1.121             ;
; banco_sprites:b_sprites|registradores[25][31] ; motor_sprites:m_sprites|rom_addr1[12]            ; 1.121             ;
; banco_sprites:b_sprites|registradores[27][31] ; motor_sprites:m_sprites|rom_addr1[12]            ; 1.121             ;
; banco_sprites:b_sprites|registradores[26][31] ; motor_sprites:m_sprites|rom_addr1[12]            ; 1.121             ;
; banco_sprites:b_sprites|registradores[24][31] ; motor_sprites:m_sprites|rom_addr1[12]            ; 1.121             ;
; banco_sprites:b_sprites|registradores[28][31] ; motor_sprites:m_sprites|rom_addr1[12]            ; 1.121             ;
; banco_sprites:b_sprites|registradores[11][31] ; motor_sprites:m_sprites|rom_addr1[12]            ; 1.121             ;
; banco_sprites:b_sprites|registradores[8][22]  ; motor_sprites:m_sprites|rom_addr1[12]            ; 1.121             ;
; banco_sprites:b_sprites|registradores[9][22]  ; motor_sprites:m_sprites|rom_addr1[12]            ; 1.121             ;
; banco_sprites:b_sprites|registradores[10][22] ; motor_sprites:m_sprites|rom_addr1[12]            ; 1.121             ;
; banco_sprites:b_sprites|registradores[11][22] ; motor_sprites:m_sprites|rom_addr1[12]            ; 1.121             ;
; banco_sprites:b_sprites|registradores[12][22] ; motor_sprites:m_sprites|rom_addr1[12]            ; 1.121             ;
; banco_sprites:b_sprites|registradores[13][22] ; motor_sprites:m_sprites|rom_addr1[12]            ; 1.121             ;
; banco_sprites:b_sprites|registradores[14][22] ; motor_sprites:m_sprites|rom_addr1[12]            ; 1.121             ;
; banco_sprites:b_sprites|registradores[15][22] ; motor_sprites:m_sprites|rom_addr1[12]            ; 1.121             ;
; banco_sprites:b_sprites|registradores[4][22]  ; motor_sprites:m_sprites|rom_addr1[12]            ; 1.121             ;
; banco_sprites:b_sprites|registradores[5][22]  ; motor_sprites:m_sprites|rom_addr1[12]            ; 1.121             ;
; banco_sprites:b_sprites|registradores[6][22]  ; motor_sprites:m_sprites|rom_addr1[12]            ; 1.121             ;
; banco_sprites:b_sprites|registradores[7][22]  ; motor_sprites:m_sprites|rom_addr1[12]            ; 1.121             ;
; banco_sprites:b_sprites|registradores[0][22]  ; motor_sprites:m_sprites|rom_addr1[12]            ; 1.121             ;
; banco_sprites:b_sprites|registradores[1][22]  ; motor_sprites:m_sprites|rom_addr1[12]            ; 1.121             ;
; banco_sprites:b_sprites|registradores[2][22]  ; motor_sprites:m_sprites|rom_addr1[12]            ; 1.121             ;
; banco_sprites:b_sprites|registradores[16][22] ; motor_sprites:m_sprites|rom_addr1[12]            ; 1.121             ;
; banco_sprites:b_sprites|registradores[24][22] ; motor_sprites:m_sprites|rom_addr1[12]            ; 1.121             ;
; banco_sprites:b_sprites|registradores[20][22] ; motor_sprites:m_sprites|rom_addr1[12]            ; 1.121             ;
+-----------------------------------------------+--------------------------------------------------+-------------------+
Note: This table only shows the top 100 path(s) that have the largest delay added for hold.


+-----------------+
; Fitter Messages ;
+-----------------+
Warning (18236): Number of processors has not been specified which may cause overloading on shared machines.  Set the global assignment NUM_PARALLEL_PROCESSORS in your QSF to an appropriate value for best performance.
Info (20030): Parallel compilation is enabled and will use 4 of the 4 processors detected
Info (119006): Selected device 5CSEMA5F31C6 for design "COPROCESSADORANW"
Info (21077): Low junction temperature is 0 degrees C
Info (21077): High junction temperature is 85 degrees C
Warning (18550): Found RAM instances implemented as ROM because the write logic is disabled. One instance is listed below as an example.
    Info (119043): Atom "rom_padroes:r_padroes_sprites|altsyncram:altsyncram_component|altsyncram_v4d2:auto_generated|ram_block1a0" is instantiated as RAM, but it is actually implemented as ROM function because the write logic is always disabled
Info (171003): Fitter is performing an Auto Fit compilation, which may decrease Fitter effort to reduce compilation time
Warning (292013): Feature LogicLock is only available with a valid subscription license. You can purchase a software subscription to gain full access to this feature.
Warning (15714): Some pins have incomplete I/O assignments. Refer to the I/O Assignment Warnings report for details
Info (176045): Design uses memory blocks. Violating setup or hold times of memory block address registers for either read or write operations could cause memory contents to be corrupted. Make sure that all memory block address registers meet the setup and hold time requirements.
Info (184020): Starting Fitter periphery placement operations
Info (184021): Fitter periphery placement operations ending: elapsed time is 00:00:00
Info (176233): Starting register packing
Critical Warning (332012): Synopsys Design Constraints File file not found: 'COPROCESSADORANW.sdc'. A Synopsys Design Constraints File is required by the Timing Analyzer to get proper timing constraints. Without it, the Compiler will not properly optimize the design.
Info (332144): No user constrained base clocks found in the design
Info (332143): No user constrained clock uncertainty found in the design. Calling "derive_clock_uncertainty"
Info (332123): Deriving Clock Uncertainty. Please refer to report_sdc in the Timing Analyzer to see clock uncertainties.
Info (332130): Timing requirements not specified -- quality metrics such as performance may be sacrificed to reduce compilation time.
Info (176235): Finished register packing
    Extra Info (176219): No registers were packed into other blocks
Warning (15705): Ignored locations or region assignments to the following nodes
    Warning (15706): Node "ADC_CONVST" is assigned to location or region, but does not exist in design
    Warning (15706): Node "ADC_DIN" is assigned to location or region, but does not exist in design
    Warning (15706): Node "ADC_DOUT" is assigned to location or region, but does not exist in design
    Warning (15706): Node "ADC_SCLK" is assigned to location or region, but does not exist in design
    Warning (15706): Node "AUD_ADCDAT" is assigned to location or region, but does not exist in design
    Warning (15706): Node "AUD_ADCLRCK" is assigned to location or region, but does not exist in design
    Warning (15706): Node "AUD_BCLK" is assigned to location or region, but does not exist in design
    Warning (15706): Node "AUD_DACDAT" is assigned to location or region, but does not exist in design
    Warning (15706): Node "AUD_DACLRCK" is assigned to location or region, but does not exist in design
    Warning (15706): Node "AUD_XCK" is assigned to location or region, but does not exist in design
    Warning (15706): Node "CLOCK2_50" is assigned to location or region, but does not exist in design
    Warning (15706): Node "CLOCK3_50" is assigned to location or region, but does not exist in design
    Warning (15706): Node "CLOCK4_50" is assigned to location or region, but does not exist in design
    Warning (15706): Node "DRAM_ADDR[0]" is assigned to location or region, but does not exist in design
    Warning (15706): Node "DRAM_ADDR[10]" is assigned to location or region, but does not exist in design
    Warning (15706): Node "DRAM_ADDR[11]" is assigned to location or region, but does not exist in design
    Warning (15706): Node "DRAM_ADDR[12]" is assigned to location or region, but does not exist in design
    Warning (15706): Node "DRAM_ADDR[1]" is assigned to location or region, but does not exist in design
    Warning (15706): Node "DRAM_ADDR[2]" is assigned to location or region, but does not exist in design
    Warning (15706): Node "DRAM_ADDR[3]" is assigned to location or region, but does not exist in design
    Warning (15706): Node "DRAM_ADDR[4]" is assigned to location or region, but does not exist in design
    Warning (15706): Node "DRAM_ADDR[5]" is assigned to location or region, but does not exist in design
    Warning (15706): Node "DRAM_ADDR[6]" is assigned to location or region, but does not exist in design
    Warning (15706): Node "DRAM_ADDR[7]" is assigned to location or region, but does not exist in design
    Warning (15706): Node "DRAM_ADDR[8]" is assigned to location or region, but does not exist in design
    Warning (15706): Node "DRAM_ADDR[9]" is assigned to location or region, but does not exist in design
    Warning (15706): Node "DRAM_BA[0]" is assigned to location or region, but does not exist in design
    Warning (15706): Node "DRAM_BA[1]" is assigned to location or region, but does not exist in design
    Warning (15706): Node "DRAM_CAS_N" is assigned to location or region, but does not exist in design
    Warning (15706): Node "DRAM_CKE" is assigned to location or region, but does not exist in design
    Warning (15706): Node "DRAM_CLK" is assigned to location or region, but does not exist in design
    Warning (15706): Node "DRAM_CS_N" is assigned to location or region, but does not exist in design
    Warning (15706): Node "DRAM_DQ[0]" is assigned to location or region, but does not exist in design
    Warning (15706): Node "DRAM_DQ[10]" is assigned to location or region, but does not exist in design
    Warning (15706): Node "DRAM_DQ[11]" is assigned to location or region, but does not exist in design
    Warning (15706): Node "DRAM_DQ[12]" is assigned to location or region, but does not exist in design
    Warning (15706): Node "DRAM_DQ[13]" is assigned to location or region, but does not exist in design
    Warning (15706): Node "DRAM_DQ[14]" is assigned to location or region, but does not exist in design
    Warning (15706): Node "DRAM_DQ[15]" is assigned to location or region, but does not exist in design
    Warning (15706): Node "DRAM_DQ[1]" is assigned to location or region, but does not exist in design
    Warning (15706): Node "DRAM_DQ[2]" is assigned to location or region, but does not exist in design
    Warning (15706): Node "DRAM_DQ[3]" is assigned to location or region, but does not exist in design
    Warning (15706): Node "DRAM_DQ[4]" is assigned to location or region, but does not exist in design
    Warning (15706): Node "DRAM_DQ[5]" is assigned to location or region, but does not exist in design
    Warning (15706): Node "DRAM_DQ[6]" is assigned to location or region, but does not exist in design
    Warning (15706): Node "DRAM_DQ[7]" is assigned to location or region, but does not exist in design
    Warning (15706): Node "DRAM_DQ[8]" is assigned to location or region, but does not exist in design
    Warning (15706): Node "DRAM_DQ[9]" is assigned to location or region, but does not exist in design
    Warning (15706): Node "DRAM_LDQM" is assigned to location or region, but does not exist in design
    Warning (15706): Node "DRAM_RAS_N" is assigned to location or region, but does not exist in design
    Warning (15706): Node "DRAM_UDQM" is assigned to location or region, but does not exist in design
    Warning (15706): Node "DRAM_WE_N" is assigned to location or region, but does not exist in design
    Warning (15706): Node "FAN_CTRL" is assigned to location or region, but does not exist in design
    Warning (15706): Node "FPGA_I2C_SCLK" is assigned to location or region, but does not exist in design
    Warning (15706): Node "FPGA_I2C_SDAT" is assigned to location or region, but does not exist in design
    Warning (15706): Node "GPIO_0[0]" is assigned to location or region, but does not exist in design
    Warning (15706): Node "GPIO_0[10]" is assigned to location or region, but does not exist in design
    Warning (15706): Node "GPIO_0[11]" is assigned to location or region, but does not exist in design
    Warning (15706): Node "GPIO_0[12]" is assigned to location or region, but does not exist in design
    Warning (15706): Node "GPIO_0[13]" is assigned to location or region, but does not exist in design
    Warning (15706): Node "GPIO_0[14]" is assigned to location or region, but does not exist in design
    Warning (15706): Node "GPIO_0[15]" is assigned to location or region, but does not exist in design
    Warning (15706): Node "GPIO_0[16]" is assigned to location or region, but does not exist in design
    Warning (15706): Node "GPIO_0[17]" is assigned to location or region, but does not exist in design
    Warning (15706): Node "GPIO_0[18]" is assigned to location or region, but does not exist in design
    Warning (15706): Node "GPIO_0[19]" is assigned to location or region, but does not exist in design
    Warning (15706): Node "GPIO_0[1]" is assigned to location or region, but does not exist in design
    Warning (15706): Node "GPIO_0[20]" is assigned to location or region, but does not exist in design
    Warning (15706): Node "GPIO_0[21]" is assigned to location or region, but does not exist in design
    Warning (15706): Node "GPIO_0[22]" is assigned to location or region, but does not exist in design
    Warning (15706): Node "GPIO_0[23]" is assigned to location or region, but does not exist in design
    Warning (15706): Node "GPIO_0[24]" is assigned to location or region, but does not exist in design
    Warning (15706): Node "GPIO_0[25]" is assigned to location or region, but does not exist in design
    Warning (15706): Node "GPIO_0[26]" is assigned to location or region, but does not exist in design
    Warning (15706): Node "GPIO_0[27]" is assigned to location or region, but does not exist in design
    Warning (15706): Node "GPIO_0[28]" is assigned to location or region, but does not exist in design
    Warning (15706): Node "GPIO_0[29]" is assigned to location or region, but does not exist in design
    Warning (15706): Node "GPIO_0[2]" is assigned to location or region, but does not exist in design
    Warning (15706): Node "GPIO_0[30]" is assigned to location or region, but does not exist in design
    Warning (15706): Node "GPIO_0[31]" is assigned to location or region, but does not exist in design
    Warning (15706): Node "GPIO_0[32]" is assigned to location or region, but does not exist in design
    Warning (15706): Node "GPIO_0[33]" is assigned to location or region, but does not exist in design
    Warning (15706): Node "GPIO_0[34]" is assigned to location or region, but does not exist in design
    Warning (15706): Node "GPIO_0[35]" is assigned to location or region, but does not exist in design
    Warning (15706): Node "GPIO_0[3]" is assigned to location or region, but does not exist in design
    Warning (15706): Node "GPIO_0[4]" is assigned to location or region, but does not exist in design
    Warning (15706): Node "GPIO_0[5]" is assigned to location or region, but does not exist in design
    Warning (15706): Node "GPIO_0[6]" is assigned to location or region, but does not exist in design
    Warning (15706): Node "GPIO_0[7]" is assigned to location or region, but does not exist in design
    Warning (15706): Node "GPIO_0[8]" is assigned to location or region, but does not exist in design
    Warning (15706): Node "GPIO_0[9]" is assigned to location or region, but does not exist in design
    Warning (15706): Node "GPIO_1[0]" is assigned to location or region, but does not exist in design
    Warning (15706): Node "GPIO_1[10]" is assigned to location or region, but does not exist in design
    Warning (15706): Node "GPIO_1[11]" is assigned to location or region, but does not exist in design
    Warning (15706): Node "GPIO_1[12]" is assigned to location or region, but does not exist in design
    Warning (15706): Node "GPIO_1[13]" is assigned to location or region, but does not exist in design
    Warning (15706): Node "GPIO_1[14]" is assigned to location or region, but does not exist in design
    Warning (15706): Node "GPIO_1[15]" is assigned to location or region, but does not exist in design
    Warning (15706): Node "GPIO_1[16]" is assigned to location or region, but does not exist in design
    Warning (15706): Node "GPIO_1[17]" is assigned to location or region, but does not exist in design
    Warning (15706): Node "GPIO_1[18]" is assigned to location or region, but does not exist in design
    Warning (15706): Node "GPIO_1[19]" is assigned to location or region, but does not exist in design
    Warning (15706): Node "GPIO_1[1]" is assigned to location or region, but does not exist in design
    Warning (15706): Node "GPIO_1[20]" is assigned to location or region, but does not exist in design
    Warning (15706): Node "GPIO_1[21]" is assigned to location or region, but does not exist in design
    Warning (15706): Node "GPIO_1[22]" is assigned to location or region, but does not exist in design
    Warning (15706): Node "GPIO_1[23]" is assigned to location or region, but does not exist in design
    Warning (15706): Node "GPIO_1[24]" is assigned to location or region, but does not exist in design
    Warning (15706): Node "GPIO_1[25]" is assigned to location or region, but does not exist in design
    Warning (15706): Node "GPIO_1[26]" is assigned to location or region, but does not exist in design
    Warning (15706): Node "GPIO_1[27]" is assigned to location or region, but does not exist in design
    Warning (15706): Node "GPIO_1[28]" is assigned to location or region, but does not exist in design
    Warning (15706): Node "GPIO_1[29]" is assigned to location or region, but does not exist in design
    Warning (15706): Node "GPIO_1[2]" is assigned to location or region, but does not exist in design
    Warning (15706): Node "GPIO_1[30]" is assigned to location or region, but does not exist in design
    Warning (15706): Node "GPIO_1[31]" is assigned to location or region, but does not exist in design
    Warning (15706): Node "GPIO_1[32]" is assigned to location or region, but does not exist in design
    Warning (15706): Node "GPIO_1[33]" is assigned to location or region, but does not exist in design
    Warning (15706): Node "GPIO_1[34]" is assigned to location or region, but does not exist in design
    Warning (15706): Node "GPIO_1[35]" is assigned to location or region, but does not exist in design
    Warning (15706): Node "GPIO_1[3]" is assigned to location or region, but does not exist in design
    Warning (15706): Node "GPIO_1[4]" is assigned to location or region, but does not exist in design
    Warning (15706): Node "GPIO_1[5]" is assigned to location or region, but does not exist in design
    Warning (15706): Node "GPIO_1[6]" is assigned to location or region, but does not exist in design
    Warning (15706): Node "GPIO_1[7]" is assigned to location or region, but does not exist in design
    Warning (15706): Node "GPIO_1[8]" is assigned to location or region, but does not exist in design
    Warning (15706): Node "GPIO_1[9]" is assigned to location or region, but does not exist in design
    Warning (15706): Node "HEX0[0]" is assigned to location or region, but does not exist in design
    Warning (15706): Node "HEX0[1]" is assigned to location or region, but does not exist in design
    Warning (15706): Node "HEX0[2]" is assigned to location or region, but does not exist in design
    Warning (15706): Node "HEX0[3]" is assigned to location or region, but does not exist in design
    Warning (15706): Node "HEX0[4]" is assigned to location or region, but does not exist in design
    Warning (15706): Node "HEX0[5]" is assigned to location or region, but does not exist in design
    Warning (15706): Node "HEX0[6]" is assigned to location or region, but does not exist in design
    Warning (15706): Node "HEX1[0]" is assigned to location or region, but does not exist in design
    Warning (15706): Node "HEX1[1]" is assigned to location or region, but does not exist in design
    Warning (15706): Node "HEX1[2]" is assigned to location or region, but does not exist in design
    Warning (15706): Node "HEX1[3]" is assigned to location or region, but does not exist in design
    Warning (15706): Node "HEX1[4]" is assigned to location or region, but does not exist in design
    Warning (15706): Node "HEX1[5]" is assigned to location or region, but does not exist in design
    Warning (15706): Node "HEX1[6]" is assigned to location or region, but does not exist in design
    Warning (15706): Node "HEX2[0]" is assigned to location or region, but does not exist in design
    Warning (15706): Node "HEX2[1]" is assigned to location or region, but does not exist in design
    Warning (15706): Node "HEX2[2]" is assigned to location or region, but does not exist in design
    Warning (15706): Node "HEX2[3]" is assigned to location or region, but does not exist in design
    Warning (15706): Node "HEX2[4]" is assigned to location or region, but does not exist in design
    Warning (15706): Node "HEX2[5]" is assigned to location or region, but does not exist in design
    Warning (15706): Node "HEX2[6]" is assigned to location or region, but does not exist in design
    Warning (15706): Node "HEX3[0]" is assigned to location or region, but does not exist in design
    Warning (15706): Node "HEX3[1]" is assigned to location or region, but does not exist in design
    Warning (15706): Node "HEX3[2]" is assigned to location or region, but does not exist in design
    Warning (15706): Node "HEX3[3]" is assigned to location or region, but does not exist in design
    Warning (15706): Node "HEX3[4]" is assigned to location or region, but does not exist in design
    Warning (15706): Node "HEX3[5]" is assigned to location or region, but does not exist in design
    Warning (15706): Node "HEX3[6]" is assigned to location or region, but does not exist in design
    Warning (15706): Node "HEX4[0]" is assigned to location or region, but does not exist in design
    Warning (15706): Node "HEX4[1]" is assigned to location or region, but does not exist in design
    Warning (15706): Node "HEX4[2]" is assigned to location or region, but does not exist in design
    Warning (15706): Node "HEX4[3]" is assigned to location or region, but does not exist in design
    Warning (15706): Node "HEX4[4]" is assigned to location or region, but does not exist in design
    Warning (15706): Node "HEX4[5]" is assigned to location or region, but does not exist in design
    Warning (15706): Node "HEX4[6]" is assigned to location or region, but does not exist in design
    Warning (15706): Node "HEX5[0]" is assigned to location or region, but does not exist in design
    Warning (15706): Node "HEX5[1]" is assigned to location or region, but does not exist in design
    Warning (15706): Node "HEX5[2]" is assigned to location or region, but does not exist in design
    Warning (15706): Node "HEX5[3]" is assigned to location or region, but does not exist in design
    Warning (15706): Node "HEX5[4]" is assigned to location or region, but does not exist in design
    Warning (15706): Node "HEX5[5]" is assigned to location or region, but does not exist in design
    Warning (15706): Node "HEX5[6]" is assigned to location or region, but does not exist in design
    Warning (15706): Node "IRDA_RXD" is assigned to location or region, but does not exist in design
    Warning (15706): Node "IRDA_TXD" is assigned to location or region, but does not exist in design
    Warning (15706): Node "PS2_CLK" is assigned to location or region, but does not exist in design
    Warning (15706): Node "PS2_CLK2" is assigned to location or region, but does not exist in design
    Warning (15706): Node "PS2_DAT" is assigned to location or region, but does not exist in design
    Warning (15706): Node "PS2_DAT2" is assigned to location or region, but does not exist in design
    Warning (15706): Node "TD_CLK27" is assigned to location or region, but does not exist in design
    Warning (15706): Node "TD_DATA[0]" is assigned to location or region, but does not exist in design
    Warning (15706): Node "TD_DATA[1]" is assigned to location or region, but does not exist in design
    Warning (15706): Node "TD_DATA[2]" is assigned to location or region, but does not exist in design
    Warning (15706): Node "TD_DATA[3]" is assigned to location or region, but does not exist in design
    Warning (15706): Node "TD_DATA[4]" is assigned to location or region, but does not exist in design
    Warning (15706): Node "TD_DATA[5]" is assigned to location or region, but does not exist in design
    Warning (15706): Node "TD_DATA[6]" is assigned to location or region, but does not exist in design
    Warning (15706): Node "TD_DATA[7]" is assigned to location or region, but does not exist in design
    Warning (15706): Node "TD_HS" is assigned to location or region, but does not exist in design
    Warning (15706): Node "TD_RESET_N" is assigned to location or region, but does not exist in design
    Warning (15706): Node "TD_VS" is assigned to location or region, but does not exist in design
Info (11798): Fitter preparation operations ending: elapsed time is 00:00:09
Info (170189): Fitter placement preparation operations beginning
Info (14951): The Fitter is using Advanced Physical Optimization.
Info (170190): Fitter placement preparation operations ending: elapsed time is 00:00:08
Info (170191): Fitter placement operations beginning
Info (170137): Fitter placement was successful
Info (170192): Fitter placement operations ending: elapsed time is 00:00:10
Info (170193): Fitter routing operations beginning
Info (170195): Router estimated average interconnect usage is 4% of the available device resources
    Info (170196): Router estimated peak interconnect usage is 28% of the available device resources in the region that extends from location X33_Y23 to location X44_Y34
Info (170199): The Fitter performed an Auto Fit compilation.  Optimizations were skipped to reduce compilation time.
    Info (170201): Optimizations that may affect the design's routability were skipped
Info (170194): Fitter routing operations ending: elapsed time is 00:00:24
Info (11888): Total time spent on timing analysis during the Fitter is 12.74 seconds.
Info (334003): Started post-fitting delay annotation
Info (334004): Delay annotation completed successfully
Info (334003): Started post-fitting delay annotation
Info (334004): Delay annotation completed successfully
Info (11801): Fitter post-fit operations ending: elapsed time is 00:00:13
Warning (171167): Found invalid Fitter assignments. See the Ignored Assignments panel in the Fitter Compilation Report for more information.
Info (144001): Generated suppressed messages file /home/walef-souza/Downloads/COPROCESSADORANW/output_files/COPROCESSADORANW.fit.smsg
Info: Quartus Prime Fitter was successful. 0 errors, 194 warnings
    Info: Peak virtual memory: 1954 megabytes
    Info: Processing ended: Sat Sep  5 16:15:15 2026
    Info: Elapsed time: 00:01:25
    Info: Total CPU time (on all processors): 00:03:20


+----------------------------+
; Fitter Suppressed Messages ;
+----------------------------+
The suppressed messages can be found in /home/walef-souza/Downloads/COPROCESSADORANW/output_files/COPROCESSADORANW.fit.smsg.


